-- MySQL dump 10.13  Distrib 5.6.51, for Linux (x86_64)
--
-- Host: localhost    Database: bhealthpro
-- ------------------------------------------------------
-- Server version	5.6.51

/*!40101 SET @OLD_CHARACTER_SET_CLIENT=@@CHARACTER_SET_CLIENT */;
/*!40101 SET @OLD_CHARACTER_SET_RESULTS=@@CHARACTER_SET_RESULTS */;
/*!40101 SET @OLD_COLLATION_CONNECTION=@@COLLATION_CONNECTION */;
/*!40101 SET NAMES utf8 */;
/*!40103 SET @OLD_TIME_ZONE=@@TIME_ZONE */;
/*!40103 SET TIME_ZONE='+00:00' */;
/*!40014 SET @OLD_UNIQUE_CHECKS=@@UNIQUE_CHECKS, UNIQUE_CHECKS=0 */;
/*!40014 SET @OLD_FOREIGN_KEY_CHECKS=@@FOREIGN_KEY_CHECKS, FOREIGN_KEY_CHECKS=0 */;
/*!40101 SET @OLD_SQL_MODE=@@SQL_MODE, SQL_MODE='NO_AUTO_VALUE_ON_ZERO' */;
/*!40111 SET @OLD_SQL_NOTES=@@SQL_NOTES, SQL_NOTES=0 */;

--
-- Table structure for table `address`
--

DROP TABLE IF EXISTS `address`;
/*!40101 SET @saved_cs_client     = @@character_set_client */;
/*!40101 SET character_set_client = utf8 */;
CREATE TABLE `address` (
  `id` int(11) NOT NULL AUTO_INCREMENT,
  `object_id` int(11) DEFAULT NULL,
  `type_id` varchar(45) DEFAULT NULL,
  `address` varchar(45) NOT NULL,
  `postal_code` varchar(10) DEFAULT NULL,
  `country_id` int(11) NOT NULL,
  `locality` varchar(100) DEFAULT NULL,
  `number_lote` varchar(45) DEFAULT NULL,
  `floor_side` varchar(45) DEFAULT NULL,
  `county` varchar(100) DEFAULT NULL,
  `district` varchar(100) DEFAULT NULL,
  `created_at` bigint(20) DEFAULT NULL,
  `updated_at` bigint(20) DEFAULT NULL,
  `status` int(11) DEFAULT '1',
  PRIMARY KEY (`id`) USING BTREE,
  UNIQUE KEY `id_UNIQUE` (`id`) USING BTREE,
  KEY `fk_address_country_idx` (`country_id`) USING BTREE,
  CONSTRAINT `fk_address_country` FOREIGN KEY (`country_id`) REFERENCES `country` (`id`) ON DELETE CASCADE ON UPDATE CASCADE
) ENGINE=InnoDB AUTO_INCREMENT=208 DEFAULT CHARSET=utf8 ROW_FORMAT=COMPACT;
/*!40101 SET character_set_client = @saved_cs_client */;

--
-- Dumping data for table `address`
--

LOCK TABLES `address` WRITE;
/*!40000 ALTER TABLE `address` DISABLE KEYS */;
INSERT INTO `address` VALUES (180,NULL,NULL,'Palmarejo-Praia','7600-022',351,'1','7600','',NULL,'',1660864581068,NULL,1),(181,NULL,NULL,'Rua Alberto jooa','8000-290',351,'1','1','1',NULL,'',1661355921405,NULL,1),(182,NULL,NULL,'Rossio, Lisboa','1435-135',351,'1','Lisboa','',NULL,'',1661455287708,NULL,1),(183,NULL,NULL,'Rua Gaviao Manuel','9000-060',351,'1','10','1',NULL,'',1666870484422,NULL,1),(184,NULL,NULL,'Rua Alberto Joao Manuel ','1495-135',351,'1','34','2',NULL,'',1674821910227,NULL,1),(185,NULL,NULL,'Rua Mário de Sá Carneiro','2780-372',351,'1','14','',NULL,'',1686064709663,NULL,1),(186,NULL,NULL,'Rua Mário de Sá Carneiro','2780-372',351,'1','14','',NULL,'',1686064737981,NULL,1),(187,NULL,NULL,'Rua Mário de Sá Carneiro','2780-372',351,'1','14','',NULL,'',1686064761684,NULL,1),(188,NULL,NULL,'Rua Mário de Sá Carneiro','2780-372',351,'1','14','',NULL,'',1686064803825,NULL,1),(189,NULL,NULL,'Rua Mário de Sá Carneiro','2780-372',351,'1','14','',NULL,'',1686064887758,1686064992980,1),(190,NULL,NULL,'Rua Mário de Sá Carneiro','2780-372',351,'1','14',NULL,NULL,NULL,1698064817465,1698064822982,1),(191,NULL,NULL,'Lisboa','2680',351,'1','16','R/c',NULL,'',1704825967123,NULL,1),(192,NULL,NULL,'funchal','9000-060',351,'1','10','',NULL,'',1723054658243,NULL,1),(193,NULL,NULL,'Travessa do Miradouro','1495-135',351,'2','6','',NULL,'',1723068967721,1723205998318,1),(194,NULL,NULL,'Travessa Miradouro','2610-114',351,'1','6','',NULL,'',1723206273840,NULL,1),(195,NULL,NULL,'Travessa Miradouro','2610-114',351,'1','6','',NULL,'',1723206300062,NULL,1),(196,NULL,NULL,'Travessa Miradouro','2610-114',351,'1','6','',NULL,'',1723206308369,NULL,1),(197,NULL,NULL,'Travessa Miradouro','2610-114',351,'1','6','',NULL,'',1723206356140,NULL,1),(198,NULL,NULL,'Travessa Miradouro','2610-114',351,'1','6','',NULL,'',1723206374616,NULL,1),(199,NULL,NULL,'Travessa Miradouro','2610-114',351,'1','6','3º',NULL,'',1723206396754,NULL,1),(200,NULL,NULL,'Travessa Miradouro','2610-114',351,'1','6','',NULL,'',1723206439131,NULL,1),(201,NULL,NULL,'Travessa Miradouro','2610-114',351,'1','6','',NULL,'',1723206453761,NULL,1),(202,NULL,NULL,'Travessa Miradouro','2610-114',351,'1','6','',NULL,'',1723206536234,NULL,1),(203,NULL,NULL,'Travessa Miradouro','2610-114',351,'1','6','',NULL,'',1723206614415,NULL,1),(204,NULL,NULL,'Travessa Miradouro','2610-114',351,'1','6','',NULL,'',1723206633519,NULL,1),(205,NULL,NULL,'Travessa Miradouro','2610-114',351,'1','6','',NULL,'',1723206740936,NULL,1),(206,NULL,NULL,'travessa miradouro ','2610-114',351,'1','6','1',NULL,'',1723207907438,1723987519514,1),(207,NULL,NULL,'Rua de Cabo verde','2000-123',351,'2','1','1',NULL,'',1723227109285,NULL,1);
/*!40000 ALTER TABLE `address` ENABLE KEYS */;
UNLOCK TABLES;

--
-- Table structure for table `admission`
--

DROP TABLE IF EXISTS `admission`;
/*!40101 SET @saved_cs_client     = @@character_set_client */;
/*!40101 SET character_set_client = utf8 */;
CREATE TABLE `admission` (
  `id` int(11) NOT NULL AUTO_INCREMENT,
  `entryDate` bigint(20) DEFAULT NULL,
  `entryNumber` int(11) DEFAULT NULL,
  `exitForecast` varchar(45) DEFAULT NULL,
  `medicalSpecialty` varchar(45) DEFAULT NULL,
  `responsable_id` int(11) DEFAULT NULL,
  `observations` text,
  `patient_id` int(10) unsigned NOT NULL,
  `user_id` int(11) NOT NULL,
  `outDate` bigint(20) DEFAULT NULL,
  `entity_id` int(11) DEFAULT NULL,
  `created_at` bigint(20) DEFAULT NULL,
  `updated_at` bigint(20) DEFAULT NULL,
  `status` int(11) DEFAULT '1',
  PRIMARY KEY (`id`) USING BTREE,
  KEY `fk_admission_patient1_idx` (`patient_id`) USING BTREE,
  KEY `fk_admission_user1_idx` (`user_id`) USING BTREE,
  CONSTRAINT `fk_admission_patient1` FOREIGN KEY (`patient_id`) REFERENCES `patient` (`id`) ON DELETE CASCADE,
  CONSTRAINT `fk_admission_user1` FOREIGN KEY (`user_id`) REFERENCES `user` (`id`) ON DELETE CASCADE
) ENGINE=InnoDB AUTO_INCREMENT=107 DEFAULT CHARSET=utf8 ROW_FORMAT=COMPACT;
/*!40101 SET character_set_client = @saved_cs_client */;

--
-- Dumping data for table `admission`
--

LOCK TABLES `admission` WRITE;
/*!40000 ALTER TABLE `admission` DISABLE KEYS */;
INSERT INTO `admission` VALUES (89,1660780800000,1234,'','',182,'',56,182,NULL,46,1660864581092,NULL,1),(90,1659312000000,16252,'',NULL,184,'',57,184,NULL,48,1661355921439,NULL,0),(91,1661385600000,12345,'',NULL,184,'',59,184,NULL,48,1661455287733,NULL,1),(92,1666828800000,34323,'',NULL,184,'',62,184,NULL,48,1666870484460,NULL,1),(93,NULL,NULL,NULL,NULL,302,NULL,56,302,NULL,70,1669897656080,NULL,1),(94,NULL,NULL,NULL,NULL,212,NULL,56,212,NULL,64,1669897903562,NULL,1),(95,NULL,NULL,NULL,NULL,303,NULL,56,303,NULL,71,1670238759752,NULL,1),(96,NULL,NULL,NULL,NULL,306,NULL,62,306,NULL,72,1671036114770,NULL,1),(97,NULL,NULL,NULL,NULL,212,NULL,56,212,NULL,64,1671231315323,NULL,1),(98,NULL,NULL,NULL,NULL,212,NULL,56,212,NULL,64,1671231857402,NULL,1),(99,NULL,NULL,NULL,NULL,212,NULL,56,212,NULL,64,1671232230392,NULL,1),(100,NULL,NULL,NULL,NULL,212,NULL,56,212,NULL,64,1671387069818,NULL,1),(101,NULL,NULL,NULL,NULL,212,NULL,56,212,NULL,64,1671387362811,NULL,1),(102,1672704000000,352421,'','Ortopedia',184,'',75,184,NULL,48,1674821910260,NULL,1),(103,1687305600000,4352453,'',NULL,184,'',78,184,NULL,48,1686064993000,NULL,1),(104,NULL,NULL,NULL,NULL,318,NULL,78,318,NULL,73,1698064556865,NULL,1),(105,1722729600000,1276,'',NULL,325,'',97,325,1724371200000,74,1723207907477,1723987519546,1),(106,1724198400000,1243,'',NULL,184,'',98,184,NULL,48,1723227109306,NULL,1);
/*!40000 ALTER TABLE `admission` ENABLE KEYS */;
UNLOCK TABLES;

--
-- Table structure for table `anotions`
--

DROP TABLE IF EXISTS `anotions`;
/*!40101 SET @saved_cs_client     = @@character_set_client */;
/*!40101 SET character_set_client = utf8 */;
CREATE TABLE `anotions` (
  `id` int(11) NOT NULL AUTO_INCREMENT,
  `message` text,
  `user_id` int(11) NOT NULL,
  `patient_id` int(10) unsigned DEFAULT NULL,
  `status` int(11) DEFAULT '1',
  `daletedAt` datetime DEFAULT NULL,
  `createdAt` datetime NOT NULL,
  `updatedAt` datetime DEFAULT NULL,
  PRIMARY KEY (`id`),
  KEY `user_id` (`user_id`),
  KEY `patient_id` (`patient_id`),
  CONSTRAINT `anotions_ibfk_1` FOREIGN KEY (`user_id`) REFERENCES `user` (`id`),
  CONSTRAINT `anotions_ibfk_2` FOREIGN KEY (`patient_id`) REFERENCES `patient` (`id`)
) ENGINE=InnoDB DEFAULT CHARSET=utf8;
/*!40101 SET character_set_client = @saved_cs_client */;

--
-- Dumping data for table `anotions`
--

LOCK TABLES `anotions` WRITE;
/*!40000 ALTER TABLE `anotions` DISABLE KEYS */;
/*!40000 ALTER TABLE `anotions` ENABLE KEYS */;
UNLOCK TABLES;

--
-- Table structure for table `appointment`
--

DROP TABLE IF EXISTS `appointment`;
/*!40101 SET @saved_cs_client     = @@character_set_client */;
/*!40101 SET character_set_client = utf8 */;
CREATE TABLE `appointment` (
  `id` int(11) NOT NULL AUTO_INCREMENT,
  `title` varchar(45) DEFAULT NULL,
  `location` varchar(45) DEFAULT NULL,
  `start` bigint(20) DEFAULT NULL,
  `end` bigint(20) DEFAULT NULL,
  `all_day` int(11) DEFAULT NULL,
  `repeat` int(11) DEFAULT NULL,
  `description` text,
  `entity_id` int(11) DEFAULT NULL,
  `user_id` int(11) NOT NULL,
  `patient_id` int(10) unsigned NOT NULL,
  `priority` int(11) DEFAULT '0',
  `type` varchar(45) NOT NULL DEFAULT 'OUTROS' COMMENT 'REMEDIO-LEMBRETE-CONSULTA-OUTROS',
  `conference` int(11) DEFAULT NULL,
  `recurrence_rule` varchar(100) DEFAULT NULL,
  `finnish` tinyint(4) DEFAULT '0',
  `room` varchar(100) DEFAULT NULL,
  `created_at` bigint(20) DEFAULT NULL,
  `updated_at` bigint(20) DEFAULT NULL,
  `status` int(11) DEFAULT NULL,
  `attachment` varchar(500) DEFAULT NULL,
  PRIMARY KEY (`id`) USING BTREE,
  KEY `fk_appointment_user1_idx` (`user_id`) USING BTREE,
  KEY `fk_appointment_patient1_idx` (`patient_id`) USING BTREE,
  CONSTRAINT `fk_appointment_patient1` FOREIGN KEY (`patient_id`) REFERENCES `patient` (`id`) ON DELETE CASCADE,
  CONSTRAINT `fk_appointment_user1` FOREIGN KEY (`user_id`) REFERENCES `user` (`id`) ON DELETE CASCADE
) ENGINE=InnoDB AUTO_INCREMENT=246 DEFAULT CHARSET=utf8 ROW_FORMAT=COMPACT;
/*!40101 SET character_set_client = @saved_cs_client */;

--
-- Dumping data for table `appointment`
--

LOCK TABLES `appointment` WRITE;
/*!40000 ALTER TABLE `appointment` DISABLE KEYS */;
INSERT INTO `appointment` VALUES (183,'ijijij',NULL,1660870800000,1660957200000,1,NULL,NULL,46,182,56,0,'appointment',1,NULL,0,'ijijij_1',1660924139123,NULL,1,NULL),(184,'casa',NULL,1661043600000,1661130000000,1,NULL,NULL,46,182,56,0,'appointment',1,NULL,0,'casa_2',1660924153895,NULL,1,NULL),(185,'Consulta Evandro ','Teleconsulta',1661357400000,1661359200000,0,NULL,'TRazer os testes ',48,184,57,0,'appointment',1,NULL,0,'Consulta_Evandro__1',1661356737935,NULL,1,NULL),(186,'Consulta teste ','Praia',1661451900000,1661451900000,0,NULL,'Tests ',46,184,57,0,'',1,NULL,0,'Consulta_teste__186',1661451497089,1661451497089,1,NULL),(187,'Consulta Kinkas',NULL,1661302800000,1661389200000,1,NULL,NULL,46,182,56,0,'appointment',1,NULL,0,'Consulta_Kinkas_1',1661372010860,NULL,1,'https://google.com'),(188,'Consulta teste ',NULL,1661382000000,1661468400000,1,NULL,NULL,48,184,57,0,'appointment',NULL,NULL,0,'',1661451463800,NULL,1,NULL),(189,'Consulta Alberto','Praia',1661389200000,1661475600000,1,NULL,NULL,48,184,59,0,'appointment',1,NULL,0,'Consulta_Alberto_1',1661457549073,NULL,1,NULL),(190,'Consulta Rui','Lisboa',1661389200000,1661475600000,1,NULL,NULL,48,184,59,0,'appointment',1,NULL,0,'Consulta_Rui_190',1661462645443,NULL,1,NULL),(191,'vita',NULL,1665059963494,1665059963494,NULL,0,NULL,NULL,270,62,0,'Medicamento',NULL,NULL,0,NULL,1665056377284,NULL,1,NULL),(192,'Oncologia ',NULL,1666652400000,1666738800000,1,0,'Argumentos validos para analise',NULL,184,59,0,'',1,'FREQ=DAILY;INTERVAL=2;UNTIL=20221230T000000Z;',0,'Oncologia__192',1666632460253,1666632460253,1,NULL),(193,'benurum ',NULL,1665501730586,1665501720000,NULL,0,NULL,NULL,270,62,0,'Medicamento',NULL,NULL,0,NULL,1665498260038,NULL,1,NULL),(194,'jajis ',NULL,1665502080000,1665502080000,NULL,0,NULL,NULL,270,62,0,'Medicamento',NULL,NULL,0,NULL,1665498538759,NULL,1,NULL),(195,'gjsj',NULL,1665504000000,1665504000000,NULL,0,NULL,NULL,270,62,0,'Medicamento',NULL,NULL,0,NULL,1665499558189,NULL,1,NULL),(196,'Consulta de follow Up ',NULL,1666641600000,1666643400000,0,NULL,'Trazer os documentos assinados',48,184,59,0,'appointment',1,NULL,0,'Consulta_de_follow_Up__191',1666632412852,NULL,1,NULL),(197,'Oncologia ',NULL,1666652400000,1666738800000,1,NULL,'Argumentos validos para analise',48,184,59,0,'',1,'FREQ=DAILY;INTERVAL=2;UNTIL=20221031T000000Z;',0,'Oncologia__197',1666632546117,1666632546117,1,NULL),(198,'Consulta de oftalmologia','teleconsulta',1666947600000,1666949400000,0,NULL,'Traga os Exames Medicos',48,184,62,0,'',1,'FREQ=WEEKLY;BYDAY=FR;INTERVAL=1;COUNT=10;',0,'Consulta_de_oftalmologia_198',1666870790455,1666870790455,1,NULL),(199,'Consulta pediatria','lisboa',1667779200000,1667865600000,1,NULL,NULL,48,184,62,0,'appointment',1,NULL,0,'Consulta_pediatria_199',1666870836462,NULL,1,NULL),(200,'Exame do tabaco ',NULL,1666827900000,1666829700000,0,NULL,NULL,48,184,62,0,'appointment',1,NULL,0,'Exame_do_tabaco__200',1666870941326,NULL,1,NULL),(201,'Add title',NULL,1669856400000,1669942800000,1,NULL,NULL,48,184,62,0,'',0,NULL,0,'',1672347152089,1672347152089,0,'sdfgh'),(202,'Add title',NULL,1670461200000,1670547600000,1,0,NULL,NULL,184,62,0,'',0,NULL,0,'',1672347249898,1672347249898,1,'gfdsa'),(203,'rui','on line',1669129200000,1669131000000,0,NULL,'cardio',48,184,59,0,'appointment',1,NULL,0,'rui_202',1669128735475,NULL,1,NULL),(204,'benuron',NULL,1669150805261,1669150805261,NULL,0,NULL,NULL,185,59,0,'Medicamento',NULL,NULL,0,NULL,1669150870574,NULL,0,NULL),(205,'kapa',NULL,1669895736258,1669896120000,NULL,0,NULL,NULL,212,56,0,'Medicamento',NULL,NULL,0,NULL,1669899388540,NULL,1,NULL),(206,'sabado',NULL,1669895799735,1669895799734,NULL,0,NULL,NULL,212,56,0,'Medicamento',NULL,NULL,0,NULL,1669899441019,NULL,1,NULL),(207,'teste 2',NULL,1670248568575,1673740800000,NULL,0,NULL,NULL,212,56,0,'Medicamento',NULL,NULL,0,NULL,1670248633028,NULL,1,NULL),(208,'limao',NULL,1671105548122,1671105548122,NULL,0,NULL,NULL,270,62,0,'Medicamento',NULL,NULL,0,NULL,1671105548448,NULL,1,NULL),(209,'hdheh',NULL,1671119206406,1671119206406,NULL,0,NULL,NULL,270,62,0,'Medicamento',NULL,NULL,0,NULL,1671119206650,NULL,1,NULL),(210,'teste teste',NULL,1671231920673,1671231920673,NULL,0,NULL,NULL,212,56,0,'Medicamento',NULL,NULL,0,NULL,1671235522202,NULL,1,'https://google.com'),(211,'aspirina',NULL,1671452520954,1671452520954,NULL,0,NULL,NULL,299,67,0,'Medicamento',NULL,NULL,0,NULL,1671456158550,NULL,1,NULL),(212,'xpto',NULL,1672262046221,1672262046221,NULL,0,NULL,NULL,270,62,0,'Medicamento',NULL,NULL,0,NULL,1672262046756,NULL,1,NULL),(213,'consulta',NULL,1672265479552,1672265479552,NULL,0,NULL,NULL,270,62,0,'Medicamento',NULL,NULL,0,NULL,1672265479831,NULL,1,NULL),(214,'Add title',NULL,1669856400000,1669942800000,1,NULL,NULL,48,184,62,0,'appointment',0,NULL,0,'',1672346521098,NULL,0,'yoyo'),(215,'Teste anexo','Praia',1669770000000,1669856400000,1,NULL,NULL,48,184,62,0,'appointment',0,NULL,0,'',1672348123401,NULL,1,'https://google.com'),(216,'Teste de formulario',NULL,1672432200000,1672434000000,0,NULL,NULL,48,184,59,0,'appointment',0,NULL,0,'',1672424060437,NULL,1,'https://docs.google.com/forms/d/1FNK6jcJbQ0XnHS2l5NiKUgVfJaEAT1uxbO3-DTI_AIA/prefill'),(217,'Consulta Pes',NULL,1672848000000,1672849800000,0,NULL,NULL,48,184,59,0,'appointment',0,NULL,0,'',1672831096432,NULL,1,NULL),(218,'teste',NULL,1672831558564,1676073660000,NULL,0,NULL,NULL,311,74,0,'Medicamento',NULL,NULL,0,NULL,1672831592655,NULL,1,NULL),(219,'Questionario Clinico ',NULL,1674824400000,1674826200000,0,NULL,'Questionario Clinico para follow-up',48,184,59,0,'appointment',0,'FREQ=WEEKLY;BYDAY=FR;INTERVAL=1;',0,'',1709289732475,1709289732475,1,'https://forms.gle/dbykeaZ1ypsYmvTT7'),(220,'Consulta cardioligia',NULL,1684763400000,1684764000000,0,NULL,NULL,48,184,59,0,'appointment',0,NULL,0,'',1684762763058,1684762763058,1,NULL),(221,'consulta teste',NULL,1686308400000,1686310200000,0,NULL,NULL,48,184,78,0,'appointment',1,NULL,0,'consulta_teste_1',1686306095084,NULL,1,NULL),(222,'Consulta',NULL,1687129200000,1687215600000,1,NULL,NULL,48,184,78,0,'appointment',1,NULL,0,'Consulta_222',1687184956113,NULL,1,NULL),(223,'capa',NULL,1687715318654,1687715318654,NULL,0,NULL,NULL,212,56,0,'Medicamento',NULL,NULL,0,NULL,1687718946355,NULL,1,NULL),(224,'hghj',NULL,1687824969040,1687824969040,NULL,0,NULL,NULL,212,56,0,'Medicamento',NULL,NULL,0,NULL,1687828567369,NULL,1,NULL),(225,'t56',NULL,1687825018327,1687825018327,NULL,0,NULL,NULL,212,56,0,'Medicamento',NULL,NULL,0,NULL,1687828617327,NULL,0,NULL),(226,'Consultas ',NULL,1687989600000,1687991400000,0,NULL,'Hi',48,184,59,0,'appointment',0,NULL,0,'',1687981817035,NULL,1,NULL),(227,'Teste Consulta',NULL,1688144400000,1688146200000,0,NULL,'Teste Consulta',48,184,59,0,'appointment',0,NULL,0,'',1688129142149,NULL,1,NULL),(228,'Consulta  2',NULL,1688158800000,1688160600000,0,NULL,'Consulta 2',48,184,59,0,'appointment',0,NULL,0,'',1688147665254,NULL,1,NULL),(229,'Consulta dia inteiro sem hora',NULL,1688079600000,1688166000000,1,NULL,NULL,48,184,59,0,'appointment',0,NULL,0,'',1688147693493,NULL,1,NULL),(230,'teste medicamento ',NULL,1688151515686,1688151515686,NULL,0,NULL,NULL,185,59,0,'Medicamento',NULL,NULL,0,NULL,1688147937924,NULL,0,NULL),(231,'Consulta Dr. Susana',NULL,1689339600000,1689341400000,0,NULL,'Rui traga preenchidos os exames que lhe enviei a passada semana ',48,184,59,0,'appointment',1,NULL,0,'Consulta_Dr._Susana_230',1689333927936,NULL,1,NULL),(232,'consulta',NULL,1698139800000,1698141600000,0,NULL,NULL,48,184,78,0,'appointment',1,NULL,0,'consulta_223',1698071199999,NULL,0,NULL),(233,'Questionario Clinico Diario',NULL,1709287200000,1709289000000,0,NULL,'Questionario de bem-estar clinico',48,184,59,0,'appointment',0,'FREQ=WEEKLY;BYDAY=MO,FR;INTERVAL=1;',0,'',1709289663811,NULL,0,NULL),(234,'Exame Egidio ','zoom',1721224800000,1721226600000,0,NULL,'trazerexqmew',48,184,59,0,'appointment',1,NULL,0,'Exame_Egidio__232',1721212635254,NULL,1,NULL),(235,'Teste Video conferencia','Zoom',1721512800000,1721512800000,0,NULL,'Trazer o exame dos pés',48,184,59,0,'',1,NULL,0,'Teste_Video_conferencia_235',1721511427876,1721511427876,1,NULL),(236,'Teste Consulta',NULL,1721901600000,1721903400000,0,NULL,NULL,48,184,78,0,'appointment',1,NULL,0,'Teste_Consulta_223',1721721338404,NULL,1,NULL),(237,'Consulta de teste jitsi 1','Zoom',1721741400000,1721743200000,0,NULL,'Testebexane',48,184,59,0,'appointment',1,NULL,0,'Consulta_de_teste_jitsi_1_236',1721738513789,NULL,0,NULL),(238,'Consulta Jistsi 2 Rui ','zoom',1721743200000,1721745000000,0,NULL,'Segundo teste Rui',48,184,59,0,'appointment',1,NULL,0,'Consulta_Jistsi_2_Rui__236',1721741944921,NULL,1,NULL),(239,'Teste Roberto Jitsi',NULL,1721721600000,1721723400000,0,NULL,NULL,48,184,59,0,'appointment',1,NULL,0,'Teste_Roberto_Jitsi_239',1721764587162,NULL,1,NULL),(240,'Testes 2 ROBERTO ',NULL,1721723400000,1721725200000,0,NULL,'2 teste roberto',48,184,59,0,'appointment',1,NULL,0,'Testes_2_ROBERTO__240',1721764905126,NULL,1,NULL),(241,'consulta psico','zoon',1721820600000,1721822400000,0,NULL,NULL,48,184,59,0,'appointment',1,NULL,0,'consulta_psico_241',1721820222724,NULL,1,NULL),(242,'Teste New Jisjsi 1',NULL,1722792600000,1722794400000,0,NULL,NULL,48,184,59,0,'appointment',1,NULL,0,'Teste_New_Jisjsi_1_242',1722791175311,NULL,1,NULL),(243,'TEste reuniao dia 09','zoom',1723228200000,1723230000000,0,NULL,NULL,48,184,59,0,'appointment',1,NULL,0,'TEste_reuniao_dia_09_243',1723226399358,NULL,1,NULL),(244,'Consulta teste dia 9 ','zoom',1723228200000,1723230000000,0,NULL,NULL,48,184,98,0,'appointment',1,NULL,0,'Consulta_teste_dia_9__1',1723227149448,NULL,1,NULL),(245,'Docia',NULL,1723770000000,1723856400000,1,NULL,NULL,48,184,98,0,'appointment',1,NULL,0,'Docia_245',1723831939202,NULL,1,NULL);
/*!40000 ALTER TABLE `appointment` ENABLE KEYS */;
UNLOCK TABLES;

--
-- Table structure for table `bank`
--

DROP TABLE IF EXISTS `bank`;
/*!40101 SET @saved_cs_client     = @@character_set_client */;
/*!40101 SET character_set_client = utf8 */;
CREATE TABLE `bank` (
  `id` int(11) NOT NULL AUTO_INCREMENT,
  `name` varchar(45) DEFAULT NULL,
  `iban` varchar(100) DEFAULT NULL,
  `created_at` date DEFAULT NULL,
  `updated_at` date DEFAULT NULL,
  `status` int(11) DEFAULT '1',
  `entity_id` int(11) NOT NULL,
  PRIMARY KEY (`id`) USING BTREE,
  UNIQUE KEY `id_UNIQUE` (`id`) USING BTREE,
  KEY `fk_bank_entity1_idx` (`entity_id`) USING BTREE,
  CONSTRAINT `fk_bank_entity1` FOREIGN KEY (`entity_id`) REFERENCES `entity` (`id`)
) ENGINE=InnoDB AUTO_INCREMENT=4 DEFAULT CHARSET=utf8 ROW_FORMAT=COMPACT;
/*!40101 SET character_set_client = @saved_cs_client */;

--
-- Dumping data for table `bank`
--

LOCK TABLES `bank` WRITE;
/*!40000 ALTER TABLE `bank` DISABLE KEYS */;
/*!40000 ALTER TABLE `bank` ENABLE KEYS */;
UNLOCK TABLES;

--
-- Table structure for table `billing_supplier`
--

DROP TABLE IF EXISTS `billing_supplier`;
/*!40101 SET @saved_cs_client     = @@character_set_client */;
/*!40101 SET character_set_client = utf8 */;
CREATE TABLE `billing_supplier` (
  `id` int(11) NOT NULL AUTO_INCREMENT,
  `lang` varchar(45) DEFAULT NULL,
  `expiration_date` varchar(100) DEFAULT NULL,
  `global_discount` double DEFAULT NULL,
  `credit_limit` double DEFAULT NULL,
  `copys_number` varchar(100) DEFAULT NULL,
  `payment_methods` varchar(100) DEFAULT NULL,
  `expedition_method` varchar(100) DEFAULT NULL,
  `observations` text,
  `supplier_id` int(11) DEFAULT NULL,
  `created_at` bigint(20) DEFAULT NULL,
  `updated_at` bigint(20) DEFAULT NULL,
  `status` int(11) DEFAULT '1',
  PRIMARY KEY (`id`) USING BTREE
) ENGINE=InnoDB DEFAULT CHARSET=utf8 ROW_FORMAT=COMPACT;
/*!40101 SET character_set_client = @saved_cs_client */;

--
-- Dumping data for table `billing_supplier`
--

LOCK TABLES `billing_supplier` WRITE;
/*!40000 ALTER TABLE `billing_supplier` DISABLE KEYS */;
/*!40000 ALTER TABLE `billing_supplier` ENABLE KEYS */;
UNLOCK TABLES;

--
-- Table structure for table `category_device`
--

DROP TABLE IF EXISTS `category_device`;
/*!40101 SET @saved_cs_client     = @@character_set_client */;
/*!40101 SET character_set_client = utf8 */;
CREATE TABLE `category_device` (
  `id` int(11) NOT NULL AUTO_INCREMENT,
  `name` varchar(45) DEFAULT NULL,
  `category_id` int(11) DEFAULT NULL,
  `created_at` bigint(20) DEFAULT NULL,
  `updated_at` bigint(20) DEFAULT NULL,
  `status` int(11) DEFAULT '1',
  PRIMARY KEY (`id`) USING BTREE
) ENGINE=InnoDB AUTO_INCREMENT=2 DEFAULT CHARSET=utf8 ROW_FORMAT=COMPACT;
/*!40101 SET character_set_client = @saved_cs_client */;

--
-- Dumping data for table `category_device`
--

LOCK TABLES `category_device` WRITE;
/*!40000 ALTER TABLE `category_device` DISABLE KEYS */;
/*!40000 ALTER TABLE `category_device` ENABLE KEYS */;
UNLOCK TABLES;

--
-- Table structure for table `chat`
--

DROP TABLE IF EXISTS `chat`;
/*!40101 SET @saved_cs_client     = @@character_set_client */;
/*!40101 SET character_set_client = utf8 */;
CREATE TABLE `chat` (
  `id` int(11) NOT NULL AUTO_INCREMENT,
  `message` text,
  `annex` varchar(455) DEFAULT NULL,
  `patient_id` int(10) unsigned NOT NULL,
  `user_id` int(11) NOT NULL,
  `sendByPatient` int(11) DEFAULT '0',
  `type` varchar(100) DEFAULT NULL,
  `status` int(11) DEFAULT '1',
  `created_at` bigint(20) DEFAULT NULL,
  `updated_at` bigint(20) DEFAULT NULL,
  `sender` int(11) NOT NULL,
  `seen` tinyint(4) DEFAULT '0',
  `admission_id` int(11) DEFAULT NULL,
  PRIMARY KEY (`id`) USING BTREE,
  KEY `fk_chat_patient1_idx` (`patient_id`) USING BTREE,
  KEY `fk_chat_user1_idx` (`user_id`) USING BTREE,
  CONSTRAINT `fk_chat_patient1` FOREIGN KEY (`patient_id`) REFERENCES `patient` (`id`),
  CONSTRAINT `fk_user` FOREIGN KEY (`user_id`) REFERENCES `user` (`id`)
) ENGINE=InnoDB AUTO_INCREMENT=128 DEFAULT CHARSET=utf8 ROW_FORMAT=COMPACT;
/*!40101 SET character_set_client = @saved_cs_client */;

--
-- Dumping data for table `chat`
--

LOCK TABLES `chat` WRITE;
/*!40000 ALTER TABLE `chat` DISABLE KEYS */;
INSERT INTO `chat` VALUES (100,'Ola Evandro tudo bem ? \n',NULL,57,184,0,'writing',1,1661356470449,NULL,184,0,NULL),(101,'tudo bem e contigo?','',57,184,1,'writing',1,1661356666146,NULL,57,0,NULL),(102,'boa noite','',59,184,1,'writing',1,1666721076799,NULL,59,0,NULL),(103,'Good afternoon',NULL,59,184,0,'writing',1,1670001031866,NULL,184,0,NULL),(104,'bom dia ','',59,184,1,'writing',1,1670858696536,NULL,59,0,NULL),(105,'bom dia ','',62,184,1,'writing',1,1671013374807,NULL,62,0,NULL),(106,'bom dia dr fernando','',59,184,1,'writing',1,1671017689773,NULL,59,0,NULL),(107,'dra Nádia bom dia ','',59,184,1,'writing',1,1671451587107,NULL,59,0,NULL),(108,'teste','',62,184,1,'writing',1,1672262230625,NULL,62,0,NULL),(109,'Ola\n','',75,184,1,'writing',1,1682087976627,NULL,75,0,NULL),(110,'Hahahahahh','',75,184,1,'writing',1,1682087983917,NULL,75,0,NULL),(111,'Olá Rui eu sou a paciente filipa','',59,184,1,'writing',1,1682587599005,NULL,59,0,NULL),(112,'Olá dra Filipa tudo bem..dói me a cabeça ','',59,184,1,'writing',1,1684424313894,NULL,59,0,NULL),(113,'olá boa tarde',NULL,59,184,0,'writing',1,1684762089600,NULL,184,0,NULL),(114,'olá para ti tambem','',59,184,1,'writing',1,1684762957631,NULL,59,0,NULL),(115,'Olá boa tarde',NULL,78,184,0,'writing',1,1686315521581,NULL,184,0,NULL),(116,'Boa tarde\n',NULL,78,184,0,'writing',1,1687184435373,NULL,184,0,NULL),(117,'Boa tarde. temos consulta hoje?','',78,184,1,'writing',1,1687184570452,NULL,78,0,NULL),(118,'sim temos\n',NULL,78,184,0,'writing',1,1687184582663,NULL,184,0,NULL),(119,'a que horas?','',78,184,1,'writing',1,1687184606540,NULL,78,0,NULL),(120,'18','',78,184,1,'writing',1,1687184616230,NULL,78,0,NULL),(121,'18',NULL,78,184,0,'writing',1,1687184624395,NULL,184,0,NULL),(122,'bom dia . Confirma aconsulta?\n',NULL,78,184,0,'writing',1,1697195666419,NULL,184,0,NULL),(123,'ok ','',78,184,1,'writing',1,1697374408543,NULL,78,0,NULL),(124,'Bmo dia \n',NULL,59,184,0,'writing',1,1699634820579,NULL,184,0,NULL),(125,'bom dia Egídio ','',59,184,1,'writing',1,1721211931033,NULL,59,0,NULL),(126,'bom dia foi me as costas ','',59,184,1,'writing',1,1722537927809,NULL,59,0,NULL);
/*!40000 ALTER TABLE `chat` ENABLE KEYS */;
UNLOCK TABLES;

--
-- Table structure for table `city`
--

DROP TABLE IF EXISTS `city`;
/*!40101 SET @saved_cs_client     = @@character_set_client */;
/*!40101 SET character_set_client = utf8 */;
CREATE TABLE `city` (
  `id` int(11) NOT NULL AUTO_INCREMENT,
  `name` varchar(45) NOT NULL,
  `country_id` int(11) NOT NULL,
  `created_at` bigint(20) DEFAULT NULL,
  `updated_at` bigint(20) DEFAULT NULL,
  `status` int(11) DEFAULT '1',
  PRIMARY KEY (`id`) USING BTREE,
  KEY `country_idx` (`country_id`) USING BTREE
) ENGINE=InnoDB AUTO_INCREMENT=3 DEFAULT CHARSET=utf8 ROW_FORMAT=COMPACT;
/*!40101 SET character_set_client = @saved_cs_client */;

--
-- Dumping data for table `city`
--

LOCK TABLES `city` WRITE;
/*!40000 ALTER TABLE `city` DISABLE KEYS */;
INSERT INTO `city` VALUES (1,'Lisboa',351,1630688725586,NULL,1),(2,'Porto',351,1630688725586,NULL,1);
/*!40000 ALTER TABLE `city` ENABLE KEYS */;
UNLOCK TABLES;

--
-- Table structure for table `contact`
--

DROP TABLE IF EXISTS `contact`;
/*!40101 SET @saved_cs_client     = @@character_set_client */;
/*!40101 SET character_set_client = utf8 */;
CREATE TABLE `contact` (
  `id` int(11) NOT NULL AUTO_INCREMENT,
  `email` varchar(100) DEFAULT NULL,
  `number_phone` int(11) DEFAULT NULL,
  `number_mobile` int(11) DEFAULT NULL,
  `fax` bigint(20) DEFAULT NULL,
  `created_at` bigint(20) DEFAULT NULL,
  `updated_at` bigint(20) DEFAULT NULL,
  `status` int(11) DEFAULT '1',
  `site` varchar(145) DEFAULT NULL,
  PRIMARY KEY (`id`) USING BTREE,
  UNIQUE KEY `contact_id_IDX` (`id`) USING BTREE
) ENGINE=InnoDB AUTO_INCREMENT=209 DEFAULT CHARSET=utf8 ROW_FORMAT=COMPACT;
/*!40101 SET character_set_client = @saved_cs_client */;

--
-- Dumping data for table `contact`
--

LOCK TABLES `contact` WRITE;
/*!40000 ALTER TABLE `contact` DISABLE KEYS */;
INSERT INTO `contact` VALUES (181,NULL,NULL,9117673,NULL,1660864581063,NULL,1,NULL),(182,NULL,NULL,969852003,NULL,1661355921400,NULL,1,NULL),(183,NULL,NULL,NULL,NULL,1661455287697,NULL,1,NULL),(184,NULL,NULL,963898252,NULL,1666870484418,NULL,1,NULL),(185,NULL,NULL,NULL,NULL,1674821910223,NULL,1,NULL),(186,NULL,NULL,911884631,NULL,1686064709651,NULL,1,NULL),(187,NULL,NULL,911884631,NULL,1686064737978,NULL,1,NULL),(188,NULL,NULL,911884631,NULL,1686064761680,NULL,1,NULL),(189,NULL,NULL,911884631,NULL,1686064803822,NULL,1,NULL),(190,NULL,NULL,911884631,NULL,1686064887755,1686064992976,1,NULL),(191,NULL,NULL,NULL,NULL,1704825967118,NULL,1,NULL),(192,'strongeffortcorporation@gmail.com',NULL,NULL,NULL,1723054658239,NULL,1,NULL),(193,'Susan.art@hotmail.com',NULL,NULL,NULL,1723068967712,1723205998328,1,NULL),(194,NULL,NULL,NULL,NULL,1723206241390,NULL,1,NULL),(195,NULL,NULL,NULL,NULL,1723206273836,NULL,1,NULL),(196,NULL,NULL,NULL,NULL,1723206300058,NULL,1,NULL),(197,NULL,NULL,NULL,NULL,1723206308365,NULL,1,NULL),(198,NULL,NULL,NULL,NULL,1723206356137,NULL,1,NULL),(199,NULL,NULL,NULL,NULL,1723206374610,NULL,1,NULL),(200,NULL,NULL,NULL,NULL,1723206396751,NULL,1,NULL),(201,NULL,NULL,NULL,NULL,1723206439127,NULL,1,NULL),(202,NULL,NULL,NULL,NULL,1723206453756,NULL,1,NULL),(203,NULL,NULL,NULL,NULL,1723206536231,NULL,1,NULL),(204,NULL,NULL,NULL,NULL,1723206614412,NULL,1,NULL),(205,NULL,NULL,NULL,NULL,1723206633516,NULL,1,NULL),(206,NULL,NULL,NULL,NULL,1723206740933,NULL,1,NULL),(207,NULL,NULL,NULL,NULL,1723207907432,1723987519507,1,NULL),(208,NULL,NULL,NULL,NULL,1723227109281,NULL,1,NULL);
/*!40000 ALTER TABLE `contact` ENABLE KEYS */;
UNLOCK TABLES;

--
-- Table structure for table `country`
--

DROP TABLE IF EXISTS `country`;
/*!40101 SET @saved_cs_client     = @@character_set_client */;
/*!40101 SET character_set_client = utf8 */;
CREATE TABLE `country` (
  `id` int(11) NOT NULL AUTO_INCREMENT,
  `name` varchar(100) DEFAULT NULL,
  `iso` varchar(45) DEFAULT NULL,
  `indicative` int(11) DEFAULT NULL,
  `iso3` varchar(100) DEFAULT NULL,
  `nicename` varchar(100) DEFAULT NULL,
  `numcode` int(11) DEFAULT NULL,
  `created_at` bigint(20) DEFAULT NULL,
  `status` int(11) DEFAULT '1',
  PRIMARY KEY (`id`) USING BTREE,
  UNIQUE KEY `id_UNIQUE` (`id`) USING BTREE
) ENGINE=InnoDB AUTO_INCREMENT=352 DEFAULT CHARSET=utf8 ROW_FORMAT=COMPACT;
/*!40101 SET character_set_client = @saved_cs_client */;

--
-- Dumping data for table `country`
--

LOCK TABLES `country` WRITE;
/*!40000 ALTER TABLE `country` DISABLE KEYS */;
INSERT INTO `country` VALUES (1,'AFGHANISTAN','AF',93,'AFG','Afghanistan',4,1630688725586,1),(2,'ALBANIA','AL',355,'ALB','Albania',8,1630688725586,1),(3,'ALGERIA','DZ',213,'DZA','Algeria',12,1630688725586,1),(4,'AMERICAN SAMOA','AS',1684,'ASM','American Samoa',16,1630688725586,1),(5,'ANDORRA','AD',376,'AND','Andorra',20,1630688725586,1),(6,'ANGOLA','AO',244,'AGO','Angola',24,1630688725586,1),(7,'ANGUILLA','AI',1264,'AIA','Anguilla',660,1630688725586,1),(8,'ANTARCTICA','AQ',0,NULL,'Antarctica',NULL,1630688725586,1),(9,'ANTIGUA AND BARBUDA','AG',1268,'ATG','Antigua and Barbuda',28,1630688725586,1),(10,'ARGENTINA','AR',54,'ARG','Argentina',32,1630688725586,1),(11,'ARMENIA','AM',374,'ARM','Armenia',51,1630688725586,1),(12,'ARUBA','AW',297,'ABW','Aruba',533,1630688725586,1),(13,'AUSTRALIA','AU',61,'AUS','Australia',36,1630688725586,1),(14,'AUSTRIA','AT',43,'AUT','Austria',40,1630688725586,1),(15,'AZERBAIJAN','AZ',994,'AZE','Azerbaijan',31,1630688725586,1),(16,'BAHAMAS','BS',1242,'BHS','Bahamas',44,1630688725586,1),(17,'BAHRAIN','BH',973,'BHR','Bahrain',48,1630688725586,1),(18,'BANGLADESH','BD',880,'BGD','Bangladesh',50,1630688725586,1),(19,'BARBADOS','BB',1246,'BRB','Barbados',52,1630688725586,1),(20,'BELARUS','BY',375,'BLR','Belarus',112,1630688725586,1),(21,'BELGIUM','BE',32,'BEL','Belgium',56,1630688725586,1),(22,'BELIZE','BZ',501,'BLZ','Belize',84,1630688725586,1),(23,'BENIN','BJ',229,'BEN','Benin',204,1630688725586,1),(24,'BERMUDA','BM',1441,'BMU','Bermuda',60,1630688725586,1),(25,'BHUTAN','BT',975,'BTN','Bhutan',64,1630688725586,1),(26,'BOLIVIA','BO',591,'BOL','Bolivia',68,1630688725586,1),(27,'BOSNIA AND HERZEGOVINA','BA',387,'BIH','Bosnia and Herzegovina',70,1630688725586,1),(28,'BOTSWANA','BW',267,'BWA','Botswana',72,1630688725586,1),(29,'BOUVET ISLAND','BV',0,NULL,'Bouvet Island',NULL,1630688725586,1),(30,'BRAZIL','BR',55,'BRA','Brazil',76,1630688725586,1),(31,'BRITISH INDIAN OCEAN TERRITORY','IO',246,NULL,'British Indian Ocean Territory',NULL,1630688725586,1),(32,'BRUNEI DARUSSALAM','BN',673,'BRN','Brunei Darussalam',96,1630688725586,1),(33,'BULGARIA','BG',359,'BGR','Bulgaria',100,1630688725586,1),(34,'BURKINA FASO','BF',226,'BFA','Burkina Faso',854,1630688725586,1),(35,'BURUNDI','BI',257,'BDI','Burundi',108,1630688725586,1),(36,'CAMBODIA','KH',855,'KHM','Cambodia',116,1630688725586,1),(37,'CAMEROON','CM',237,'CMR','Cameroon',120,1630688725586,1),(38,'CANADA','CA',1,'CAN','Canada',124,1630688725586,1),(39,'CAPE VERDE','CV',238,'CPV','Cape Verde',132,1630688725586,1),(40,'CAYMAN ISLANDS','KY',1345,'CYM','Cayman Islands',136,1630688725586,1),(41,'CENTRAL AFRICAN REPUBLIC','CF',236,'CAF','Central African Republic',140,1630688725586,1),(42,'CHAD','TD',235,'TCD','Chad',148,1630688725586,1),(43,'CHILE','CL',56,'CHL','Chile',152,1630688725586,1),(44,'CHINA','CN',86,'CHN','China',156,1630688725586,1),(45,'CHRISTMAS ISLAND','CX',61,NULL,'Christmas Island',NULL,1630688725586,1),(46,'COCOS (KEELING) ISLANDS','CC',672,NULL,'Cocos (Keeling) Islands',NULL,1630688725586,1),(47,'COLOMBIA','CO',57,'COL','Colombia',170,1630688725586,1),(48,'COMOROS','KM',269,'COM','Comoros',174,1630688725586,1),(49,'CONGO','CG',242,'COG','Congo',178,1630688725586,1),(50,'CONGO, THE DEMOCRATIC REPUBLIC OF THE','CD',242,'COD','Congo, the Democratic Republic of the',180,1630688725586,1),(51,'COOK ISLANDS','CK',682,'COK','Cook Islands',184,1630688725586,1),(52,'COSTA RICA','CR',506,'CRI','Costa Rica',188,1630688725586,1),(53,'COTE D\'IVOIRE','CI',225,'CIV','Cote D\'Ivoire',384,1630688725586,1),(54,'CROATIA','HR',385,'HRV','Croatia',191,1630688725586,1),(55,'CUBA','CU',53,'CUB','Cuba',192,1630688725586,1),(56,'CYPRUS','CY',357,'CYP','Cyprus',196,1630688725586,1),(57,'CZECH REPUBLIC','CZ',420,'CZE','Czech Republic',203,1630688725586,1),(58,'DENMARK','DK',45,'DNK','Denmark',208,1630688725586,1),(59,'DJIBOUTI','DJ',253,'DJI','Djibouti',262,1630688725586,1),(60,'DOMINICA','DM',1767,'DMA','Dominica',212,1630688725586,1),(61,'DOMINICAN REPUBLIC','DO',1809,'DOM','Dominican Republic',214,1630688725586,1),(62,'ECUADOR','EC',593,'ECU','Ecuador',218,1630688725586,1),(63,'EGYPT','EG',20,'EGY','Egypt',818,1630688725586,1),(64,'EL SALVADOR','SV',503,'SLV','El Salvador',222,1630688725586,1),(65,'EQUATORIAL GUINEA','GQ',240,'GNQ','Equatorial Guinea',226,1630688725586,1),(66,'ERITREA','ER',291,'ERI','Eritrea',232,1630688725586,1),(67,'ESTONIA','EE',372,'EST','Estonia',233,1630688725586,1),(68,'ETHIOPIA','ET',251,'ETH','Ethiopia',231,1630688725586,1),(69,'FALKLAND ISLANDS (MALVINAS)','FK',500,'FLK','Falkland Islands (Malvinas)',238,1630688725586,1),(70,'FAROE ISLANDS','FO',298,'FRO','Faroe Islands',234,1630688725586,1),(71,'FIJI','FJ',679,'FJI','Fiji',242,1630688725586,1),(72,'FINLAND','FI',358,'FIN','Finland',246,1630688725586,1),(73,'FRANCE','FR',33,'FRA','France',250,1630688725586,1),(74,'FRENCH GUIANA','GF',594,'GUF','French Guiana',254,1630688725586,1),(75,'FRENCH POLYNESIA','PF',689,'PYF','French Polynesia',258,1630688725586,1),(76,'FRENCH SOUTHERN TERRITORIES','TF',0,NULL,'French Southern Territories',NULL,1630688725586,1),(77,'GABON','GA',241,'GAB','Gabon',266,1630688725586,1),(78,'GAMBIA','GM',220,'GMB','Gambia',270,1630688725586,1),(79,'GEORGIA','GE',995,'GEO','Georgia',268,1630688725586,1),(80,'GERMANY','DE',49,'DEU','Germany',276,1630688725586,1),(81,'GHANA','GH',233,'GHA','Ghana',288,1630688725586,1),(82,'GIBRALTAR','GI',350,'GIB','Gibraltar',292,1630688725586,1),(83,'GREECE','GR',30,'GRC','Greece',300,1630688725586,1),(84,'GREENLAND','GL',299,'GRL','Greenland',304,1630688725586,1),(85,'GRENADA','GD',1473,'GRD','Grenada',308,1630688725586,1),(86,'GUADELOUPE','GP',590,'GLP','Guadeloupe',312,1630688725586,1),(87,'GUAM','GU',1671,'GUM','Guam',316,1630688725586,1),(88,'GUATEMALA','GT',502,'GTM','Guatemala',320,1630688725586,1),(89,'GUINEA','GN',224,'GIN','Guinea',324,1630688725586,1),(90,'GUINEA-BISSAU','GW',245,'GNB','Guinea-Bissau',624,1630688725586,1),(91,'GUYANA','GY',592,'GUY','Guyana',328,1630688725586,1),(92,'HAITI','HT',509,'HTI','Haiti',332,1630688725586,1),(93,'HEARD ISLAND AND MCDONALD ISLANDS','HM',0,NULL,'Heard Island and Mcdonald Islands',NULL,1630688725586,1),(94,'HOLY SEE (VATICAN CITY STATE)','VA',39,'VAT','Holy See (Vatican City State)',336,1630688725586,1),(95,'HONDURAS','HN',504,'HND','Honduras',340,1630688725586,1),(96,'HONG KONG','HK',852,'HKG','Hong Kong',344,1630688725586,1),(97,'HUNGARY','HU',36,'HUN','Hungary',348,1630688725586,1),(98,'ICELAND','IS',354,'ISL','Iceland',352,1630688725586,1),(99,'INDIA','IN',91,'IND','India',356,1630688725586,1),(100,'INDONESIA','ID',62,'IDN','Indonesia',360,1630688725586,1),(101,'IRAN, ISLAMIC REPUBLIC OF','IR',98,'IRN','Iran, Islamic Republic of',364,1630688725586,1),(102,'IRAQ','IQ',964,'IRQ','Iraq',368,1630688725586,1),(103,'IRELAND','IE',353,'IRL','Ireland',372,1630688725586,1),(104,'ISRAEL','IL',972,'ISR','Israel',376,1630688725586,1),(105,'ITALY','IT',39,'ITA','Italy',380,1630688725586,1),(106,'JAMAICA','JM',1876,'JAM','Jamaica',388,1630688725586,1),(107,'JAPAN','JP',81,'JPN','Japan',392,1630688725586,1),(108,'JORDAN','JO',962,'JOR','Jordan',400,1630688725586,1),(109,'KAZAKHSTAN','KZ',7,'KAZ','Kazakhstan',398,1630688725586,1),(110,'KENYA','KE',254,'KEN','Kenya',404,1630688725586,1),(111,'KIRIBATI','KI',686,'KIR','Kiribati',296,1630688725586,1),(112,'KOREA, DEMOCRATIC PEOPLE\'S REPUBLIC OF','KP',850,'PRK','Korea, Democratic People\'s Republic of',408,1630688725586,1),(113,'KOREA, REPUBLIC OF','KR',82,'KOR','Korea, Republic of',410,1630688725586,1),(114,'KUWAIT','KW',965,'KWT','Kuwait',414,1630688725586,1),(115,'KYRGYZSTAN','KG',996,'KGZ','Kyrgyzstan',417,1630688725586,1),(116,'LAO PEOPLE\'S DEMOCRATIC REPUBLIC','LA',856,'LAO','Lao People\'s Democratic Republic',418,1630688725586,1),(117,'LATVIA','LV',371,'LVA','Latvia',428,1630688725586,1),(118,'LEBANON','LB',961,'LBN','Lebanon',422,1630688725586,1),(119,'LESOTHO','LS',266,'LSO','Lesotho',426,1630688725586,1),(120,'LIBERIA','LR',231,'LBR','Liberia',430,1630688725586,1),(121,'LIBYAN ARAB JAMAHIRIYA','LY',218,'LBY','Libyan Arab Jamahiriya',434,1630688725586,1),(122,'LIECHTENSTEIN','LI',423,'LIE','Liechtenstein',438,1630688725586,1),(123,'LITHUANIA','LT',370,'LTU','Lithuania',440,1630688725586,1),(124,'LUXEMBOURG','LU',352,'LUX','Luxembourg',442,1630688725586,1),(125,'MACAO','MO',853,'MAC','Macao',446,1630688725586,1),(126,'MACEDONIA, THE FORMER YUGOSLAV REPUBLIC OF','MK',389,'MKD','Macedonia, the Former Yugoslav Republic of',807,1630688725586,1),(127,'MADAGASCAR','MG',261,'MDG','Madagascar',450,1630688725586,1),(128,'MALAWI','MW',265,'MWI','Malawi',454,1630688725586,1),(129,'MALAYSIA','MY',60,'MYS','Malaysia',458,1630688725586,1),(130,'MALDIVES','MV',960,'MDV','Maldives',462,1630688725586,1),(131,'MALI','ML',223,'MLI','Mali',466,1630688725586,1),(132,'MALTA','MT',356,'MLT','Malta',470,1630688725586,1),(133,'MARSHALL ISLANDS','MH',692,'MHL','Marshall Islands',584,1630688725586,1),(134,'MARTINIQUE','MQ',596,'MTQ','Martinique',474,1630688725586,1),(135,'MAURITANIA','MR',222,'MRT','Mauritania',478,1630688725586,1),(136,'MAURITIUS','MU',230,'MUS','Mauritius',480,1630688725586,1),(137,'MAYOTTE','YT',269,NULL,'Mayotte',NULL,1630688725586,1),(138,'MEXICO','MX',52,'MEX','Mexico',484,1630688725586,1),(139,'MICRONESIA, FEDERATED STATES OF','FM',691,'FSM','Micronesia, Federated States of',583,1630688725586,1),(140,'MOLDOVA, REPUBLIC OF','MD',373,'MDA','Moldova, Republic of',498,1630688725586,1),(141,'MONACO','MC',377,'MCO','Monaco',492,1630688725586,1),(142,'MONGOLIA','MN',976,'MNG','Mongolia',496,1630688725586,1),(143,'MONTSERRAT','MS',1664,'MSR','Montserrat',500,1630688725586,1),(144,'MOROCCO','MA',212,'MAR','Morocco',504,1630688725586,1),(145,'MOZAMBIQUE','MZ',258,'MOZ','Mozambique',508,1630688725586,1),(146,'MYANMAR','MM',95,'MMR','Myanmar',104,1630688725586,1),(147,'NAMIBIA','NA',264,'NAM','Namibia',516,1630688725586,1),(148,'NAURU','NR',674,'NRU','Nauru',520,1630688725586,1),(149,'NEPAL','NP',977,'NPL','Nepal',524,1630688725586,1),(150,'NETHERLANDS','NL',31,'NLD','Netherlands',528,1630688725586,1),(151,'NETHERLANDS ANTILLES','AN',599,'ANT','Netherlands Antilles',530,1630688725586,1),(152,'NEW CALEDONIA','NC',687,'NCL','New Caledonia',540,1630688725586,1),(153,'NEW ZEALAND','NZ',64,'NZL','New Zealand',554,1630688725586,1),(154,'NICARAGUA','NI',505,'NIC','Nicaragua',558,1630688725586,1),(155,'NIGER','NE',227,'NER','Niger',562,1630688725586,1),(156,'NIGERIA','NG',234,'NGA','Nigeria',566,1630688725586,1),(157,'NIUE','NU',683,'NIU','Niue',570,1630688725586,1),(158,'NORFOLK ISLAND','NF',672,'NFK','Norfolk Island',574,1630688725586,1),(159,'NORTHERN MARIANA ISLANDS','MP',1670,'MNP','Northern Mariana Islands',580,1630688725586,1),(160,'NORWAY','NO',47,'NOR','Norway',578,1630688725586,1),(161,'OMAN','OM',968,'OMN','Oman',512,1630688725586,1),(162,'PAKISTAN','PK',92,'PAK','Pakistan',586,1630688725586,1),(163,'PALAU','PW',680,'PLW','Palau',585,1630688725586,1),(164,'PALESTINIAN TERRITORY, OCCUPIED','PS',970,NULL,'Palestinian Territory, Occupied',NULL,1630688725586,1),(165,'PANAMA','PA',507,'PAN','Panama',591,1630688725586,1),(166,'PAPUA NEW GUINEA','PG',675,'PNG','Papua New Guinea',598,1630688725586,1),(167,'PARAGUAY','PY',595,'PRY','Paraguay',600,1630688725586,1),(168,'PERU','PE',51,'PER','Peru',604,1630688725586,1),(169,'PHILIPPINES','PH',63,'PHL','Philippines',608,1630688725586,1),(170,'PITCAIRN','PN',0,'PCN','Pitcairn',612,1630688725586,1),(171,'POLAND','PL',48,'POL','Poland',616,1630688725586,1),(173,'PUERTO RICO','PR',1787,'PRI','Puerto Rico',630,1630688725586,1),(174,'QATAR','QA',974,'QAT','Qatar',634,1630688725586,1),(175,'REUNION','RE',262,'REU','Reunion',638,1630688725586,1),(176,'ROMANIA','RO',40,'ROM','Romania',642,1630688725586,1),(177,'RUSSIAN FEDERATION','RU',70,'RUS','Russian Federation',643,1630688725586,1),(178,'RWANDA','RW',250,'RWA','Rwanda',646,1630688725586,1),(179,'SAINT HELENA','SH',290,'SHN','Saint Helena',654,1630688725586,1),(180,'SAINT KITTS AND NEVIS','KN',1869,'KNA','Saint Kitts and Nevis',659,1630688725586,1),(181,'SAINT LUCIA','LC',1758,'LCA','Saint Lucia',662,1630688725586,1),(182,'SAINT PIERRE AND MIQUELON','PM',508,'SPM','Saint Pierre and Miquelon',666,1630688725586,1),(183,'SAINT VINCENT AND THE GRENADINES','VC',1784,'VCT','Saint Vincent and the Grenadines',670,1630688725586,1),(184,'SAMOA','WS',684,'WSM','Samoa',882,1630688725586,1),(185,'SAN MARINO','SM',378,'SMR','San Marino',674,1630688725586,1),(186,'SAO TOME AND PRINCIPE','ST',239,'STP','Sao Tome and Principe',678,1630688725586,1),(187,'SAUDI ARABIA','SA',966,'SAU','Saudi Arabia',682,1630688725586,1),(188,'SENEGAL','SN',221,'SEN','Senegal',686,1630688725586,1),(189,'SERBIA AND MONTENEGRO','CS',381,NULL,'Serbia and Montenegro',NULL,1630688725586,1),(190,'SEYCHELLES','SC',248,'SYC','Seychelles',690,1630688725586,1),(191,'SIERRA LEONE','SL',232,'SLE','Sierra Leone',694,1630688725586,1),(192,'SINGAPORE','SG',65,'SGP','Singapore',702,1630688725586,1),(193,'SLOVAKIA','SK',421,'SVK','Slovakia',703,1630688725586,1),(194,'SLOVENIA','SI',386,'SVN','Slovenia',705,1630688725586,1),(195,'SOLOMON ISLANDS','SB',677,'SLB','Solomon Islands',90,1630688725586,1),(196,'SOMALIA','SO',252,'SOM','Somalia',706,1630688725586,1),(197,'SOUTH AFRICA','ZA',27,'ZAF','South Africa',710,1630688725586,1),(198,'SOUTH GEORGIA AND THE SOUTH SANDWICH ISLANDS','GS',0,NULL,'South Georgia and the South Sandwich Islands',NULL,1630688725586,1),(199,'SPAIN','ES',34,'ESP','Spain',724,1630688725586,1),(200,'SRI LANKA','LK',94,'LKA','Sri Lanka',144,1630688725586,1),(201,'SUDAN','SD',249,'SDN','Sudan',736,1630688725586,1),(202,'SURINAME','SR',597,'SUR','Suriname',740,1630688725586,1),(203,'SVALBARD AND JAN MAYEN','SJ',47,'SJM','Svalbard and Jan Mayen',744,1630688725586,1),(204,'SWAZILAND','SZ',268,'SWZ','Swaziland',748,1630688725586,1),(205,'SWEDEN','SE',46,'SWE','Sweden',752,1630688725586,1),(206,'SWITZERLAND','CH',41,'CHE','Switzerland',756,1630688725586,1),(207,'SYRIAN ARAB REPUBLIC','SY',963,'SYR','Syrian Arab Republic',760,1630688725586,1),(208,'TAIWAN, PROVINCE OF CHINA','TW',886,'TWN','Taiwan, Province of China',158,1630688725586,1),(209,'TAJIKISTAN','TJ',992,'TJK','Tajikistan',762,1630688725586,1),(210,'TANZANIA, UNITED REPUBLIC OF','TZ',255,'TZA','Tanzania, United Republic of',834,1630688725586,1),(211,'THAILAND','TH',66,'THA','Thailand',764,1630688725586,1),(212,'TIMOR-LESTE','TL',670,NULL,'Timor-Leste',NULL,1630688725586,1),(213,'TOGO','TG',228,'TGO','Togo',768,1630688725586,1),(214,'TOKELAU','TK',690,'TKL','Tokelau',772,1630688725586,1),(215,'TONGA','TO',676,'TON','Tonga',776,1630688725586,1),(216,'TRINIDAD AND TOBAGO','TT',1868,'TTO','Trinidad and Tobago',780,1630688725586,1),(217,'TUNISIA','TN',216,'TUN','Tunisia',788,1630688725586,1),(218,'TURKEY','TR',90,'TUR','Turkey',792,1630688725586,1),(219,'TURKMENISTAN','TM',7370,'TKM','Turkmenistan',795,1630688725586,1),(220,'TURKS AND CAICOS ISLANDS','TC',1649,'TCA','Turks and Caicos Islands',796,1630688725586,1),(221,'TUVALU','TV',688,'TUV','Tuvalu',798,1630688725586,1),(222,'UGANDA','UG',256,'UGA','Uganda',800,1630688725586,1),(223,'UKRAINE','UA',380,'UKR','Ukraine',804,1630688725586,1),(224,'UNITED ARAB EMIRATES','AE',971,'ARE','United Arab Emirates',784,1630688725586,1),(225,'UNITED KINGDOM','GB',44,'GBR','United Kingdom',826,1630688725586,1),(226,'UNITED STATES','US',1,'USA','United States',840,1630688725586,1),(227,'UNITED STATES MINOR OUTLYING ISLANDS','UM',1,NULL,'United States Minor Outlying Islands',NULL,1630688725586,1),(228,'URUGUAY','UY',598,'URY','Uruguay',858,1630688725586,1),(229,'UZBEKISTAN','UZ',998,'UZB','Uzbekistan',860,1630688725586,1),(230,'VANUATU','VU',678,'VUT','Vanuatu',548,1630688725586,1),(231,'VENEZUELA','VE',58,'VEN','Venezuela',862,1630688725586,1),(232,'VIET NAM','VN',84,'VNM','Viet Nam',704,1630688725586,1),(233,'VIRGIN ISLANDS, BRITISH','VG',1284,'VGB','Virgin Islands, British',92,1630688725586,1),(234,'VIRGIN ISLANDS, U.S.','VI',1340,'VIR','Virgin Islands, U.s.',850,1630688725586,1),(235,'WALLIS AND FUTUNA','WF',681,'WLF','Wallis and Futuna',876,1630688725586,1),(236,'WESTERN SAHARA','EH',212,'ESH','Western Sahara',732,1630688725586,1),(237,'YEMEN','YE',967,'YEM','Yemen',887,1630688725586,1),(238,'ZAMBIA','ZM',260,'ZMB','Zambia',894,1630688725586,1),(239,'ZIMBABWE','ZW',263,'ZWE','Zimbabwe',716,1630688725586,1),(351,'PORTUGAL','PT',351,'PTG','Portugal',NULL,1630688725586,1);
/*!40000 ALTER TABLE `country` ENABLE KEYS */;
UNLOCK TABLES;

--
-- Table structure for table `data_clinic`
--

DROP TABLE IF EXISTS `data_clinic`;
/*!40101 SET @saved_cs_client     = @@character_set_client */;
/*!40101 SET character_set_client = utf8 */;
CREATE TABLE `data_clinic` (
  `id` int(11) NOT NULL AUTO_INCREMENT,
  `frequency_measurements` int(11) DEFAULT NULL,
  `departament_id` int(11) DEFAULT NULL,
  `type_scale` text,
  `vip` int(11) DEFAULT '0',
  `created_at` bigint(20) DEFAULT NULL,
  `updated_at` bigint(20) DEFAULT NULL,
  `status` int(11) DEFAULT '1',
  `admission_id` int(11) NOT NULL,
  PRIMARY KEY (`id`) USING BTREE,
  KEY `data_clinic_FK` (`departament_id`) USING BTREE,
  KEY `admission_idx` (`admission_id`) USING BTREE,
  CONSTRAINT `admission` FOREIGN KEY (`admission_id`) REFERENCES `admission` (`id`) ON DELETE CASCADE ON UPDATE CASCADE,
  CONSTRAINT `data_clinic_FK` FOREIGN KEY (`departament_id`) REFERENCES `departaments` (`id`) ON DELETE CASCADE ON UPDATE CASCADE
) ENGINE=InnoDB AUTO_INCREMENT=66 DEFAULT CHARSET=utf8 ROW_FORMAT=COMPACT;
/*!40101 SET character_set_client = @saved_cs_client */;

--
-- Dumping data for table `data_clinic`
--

LOCK TABLES `data_clinic` WRITE;
/*!40000 ALTER TABLE `data_clinic` DISABLE KEYS */;
INSERT INTO `data_clinic` VALUES (58,NULL,NULL,NULL,NULL,1660864581097,NULL,1,89),(59,NULL,NULL,NULL,NULL,1661355921443,NULL,1,90),(60,NULL,NULL,NULL,NULL,1661455287736,NULL,1,91),(61,NULL,NULL,NULL,NULL,1666870484465,NULL,1,92),(62,NULL,NULL,NULL,NULL,1674821910265,NULL,1,102),(63,NULL,NULL,NULL,NULL,1686064993002,NULL,1,103),(64,NULL,66,'Standard',NULL,1723207907481,1723987519551,1,105),(65,NULL,NULL,NULL,NULL,1723227109310,NULL,1,106);
/*!40000 ALTER TABLE `data_clinic` ENABLE KEYS */;
UNLOCK TABLES;

--
-- Table structure for table `departaments`
--

DROP TABLE IF EXISTS `departaments`;
/*!40101 SET @saved_cs_client     = @@character_set_client */;
/*!40101 SET character_set_client = utf8 */;
CREATE TABLE `departaments` (
  `id` int(11) NOT NULL AUTO_INCREMENT,
  `name` varchar(45) DEFAULT NULL,
  `created_at` bigint(20) DEFAULT NULL,
  `updated_at` bigint(20) DEFAULT NULL,
  `status` int(11) DEFAULT '1',
  `entity_id` int(11) NOT NULL,
  `visibility` tinyint(4) DEFAULT '1',
  PRIMARY KEY (`id`) USING BTREE,
  UNIQUE KEY `id_UNIQUE` (`id`) USING BTREE,
  KEY `fk_departaments_entity1_idx` (`entity_id`) USING BTREE,
  CONSTRAINT `fk_departaments_entity1` FOREIGN KEY (`entity_id`) REFERENCES `entity` (`id`)
) ENGINE=InnoDB AUTO_INCREMENT=67 DEFAULT CHARSET=utf8 ROW_FORMAT=COMPACT;
/*!40101 SET character_set_client = @saved_cs_client */;

--
-- Dumping data for table `departaments`
--

LOCK TABLES `departaments` WRITE;
/*!40000 ALTER TABLE `departaments` DISABLE KEYS */;
INSERT INTO `departaments` VALUES (37,'default',1632228965196,NULL,1,46,1),(38,'default',1632232262671,NULL,1,47,1),(39,'Clinica Geral',1632232446388,1632232584863,1,48,1),(40,'Oncologia',1632232573669,NULL,1,48,1),(41,'default',1632236290620,NULL,1,50,1),(42,'default',1632248954629,NULL,1,52,1),(43,'default1',1632249849779,1632249870430,1,53,1),(44,'default',1632249849779,NULL,1,54,1),(45,'Base',1632359077391,1632360754489,1,56,1),(46,'Medical ',1632360767028,NULL,1,56,1),(47,'Oncologia',1632360774432,NULL,1,56,1),(48,'dafault',1632411879428,NULL,1,1,1),(49,'Default',1632411884207,NULL,1,59,1),(50,'Default',1632413541222,NULL,1,60,1),(51,'default',1632425871774,NULL,1,61,1),(52,'Armamento',1632430240251,NULL,1,56,1),(53,'default',1632476349872,NULL,1,62,1),(54,'Geral',1632476881700,1632476926350,1,63,1),(55,'Default',1632590600109,NULL,1,64,1),(56,'default',1632603756052,NULL,1,65,1),(57,'default',1632603899773,NULL,1,66,1),(58,'default',1632604992176,NULL,1,67,1),(59,'default',1632605119643,NULL,1,68,1),(60,'default',1632749797955,NULL,1,69,1),(61,'Default',1669897656070,NULL,1,70,1),(62,'Default',1670238759744,NULL,1,71,1),(63,'Default',1671036114763,NULL,1,72,1),(64,'Default',1698064556854,NULL,1,73,1),(65,'default',1723054541718,NULL,1,74,1),(66,'Psicologia',1723054723047,NULL,1,74,1);
/*!40000 ALTER TABLE `departaments` ENABLE KEYS */;
UNLOCK TABLES;

--
-- Table structure for table `department_roles`
--

DROP TABLE IF EXISTS `department_roles`;
/*!40101 SET @saved_cs_client     = @@character_set_client */;
/*!40101 SET character_set_client = utf8 */;
CREATE TABLE `department_roles` (
  `id` int(11) NOT NULL AUTO_INCREMENT,
  `read` int(11) DEFAULT '1',
  `write` int(11) DEFAULT '1',
  `created_at` bigint(20) DEFAULT NULL,
  `updated_at` bigint(20) DEFAULT NULL,
  `status` int(11) DEFAULT '1',
  `roles_id` int(11) NOT NULL,
  `departaments_id` int(11) NOT NULL,
  PRIMARY KEY (`id`) USING BTREE,
  KEY `fk_table1_roles1_idx` (`roles_id`) USING BTREE,
  KEY `fk_table1_departaments1_idx` (`departaments_id`) USING BTREE,
  CONSTRAINT `fk_table1_departaments1` FOREIGN KEY (`departaments_id`) REFERENCES `departaments` (`id`),
  CONSTRAINT `fk_table1_roles1` FOREIGN KEY (`roles_id`) REFERENCES `roles` (`id`)
) ENGINE=InnoDB DEFAULT CHARSET=utf8 ROW_FORMAT=COMPACT;
/*!40101 SET character_set_client = @saved_cs_client */;

--
-- Dumping data for table `department_roles`
--

LOCK TABLES `department_roles` WRITE;
/*!40000 ALTER TABLE `department_roles` DISABLE KEYS */;
/*!40000 ALTER TABLE `department_roles` ENABLE KEYS */;
UNLOCK TABLES;

--
-- Table structure for table `device`
--

DROP TABLE IF EXISTS `device`;
/*!40101 SET @saved_cs_client     = @@character_set_client */;
/*!40101 SET character_set_client = utf8 */;
CREATE TABLE `device` (
  `id` int(11) NOT NULL AUTO_INCREMENT,
  `ble_characteristic` varchar(45) DEFAULT NULL,
  `ble_name` varchar(45) DEFAULT NULL,
  `ble_service` varchar(45) DEFAULT NULL,
  `name` varchar(45) NOT NULL,
  `mac_address` varchar(45) NOT NULL,
  `supplier_id` int(11) NOT NULL,
  `created_at` bigint(20) DEFAULT NULL,
  `updated_at` bigint(20) DEFAULT NULL,
  `status` int(11) DEFAULT '1',
  `package_id` int(11) NOT NULL,
  `category_device_id` int(11) NOT NULL,
  PRIMARY KEY (`id`,`category_device_id`) USING BTREE,
  UNIQUE KEY `id_UNIQUE` (`id`) USING BTREE,
  KEY `fk_device_supplier1_idx` (`supplier_id`) USING BTREE,
  KEY `fk_device_package1_idx` (`package_id`) USING BTREE,
  KEY `fk_device_category_device1_idx` (`category_device_id`) USING BTREE,
  CONSTRAINT `fk_device_category_device1` FOREIGN KEY (`category_device_id`) REFERENCES `category_device` (`id`),
  CONSTRAINT `fk_device_package1` FOREIGN KEY (`package_id`) REFERENCES `package` (`id`),
  CONSTRAINT `fk_device_supplier1` FOREIGN KEY (`supplier_id`) REFERENCES `supplier` (`id`)
) ENGINE=InnoDB AUTO_INCREMENT=5 DEFAULT CHARSET=utf8 ROW_FORMAT=COMPACT;
/*!40101 SET character_set_client = @saved_cs_client */;

--
-- Dumping data for table `device`
--

LOCK TABLES `device` WRITE;
/*!40000 ALTER TABLE `device` DISABLE KEYS */;
/*!40000 ALTER TABLE `device` ENABLE KEYS */;
UNLOCK TABLES;

--
-- Table structure for table `emergency_contact`
--

DROP TABLE IF EXISTS `emergency_contact`;
/*!40101 SET @saved_cs_client     = @@character_set_client */;
/*!40101 SET character_set_client = utf8 */;
CREATE TABLE `emergency_contact` (
  `id` int(11) NOT NULL AUTO_INCREMENT,
  `user_id` int(11) NOT NULL,
  `name1` varchar(45) NOT NULL,
  `image1` text,
  `address1` varchar(45) DEFAULT NULL,
  `phone_number1` varchar(45) NOT NULL,
  `name2` varchar(45) DEFAULT NULL,
  `image2` text,
  `address2` varchar(45) DEFAULT NULL,
  `phone_number2` varchar(45) DEFAULT NULL,
  `status` int(11) DEFAULT '1',
  `created_at` bigint(20) DEFAULT NULL,
  `updated_at` bigint(20) DEFAULT NULL,
  `type` varchar(45) DEFAULT 'WEB' COMMENT 'WEB / MOBILE',
  PRIMARY KEY (`id`) USING BTREE,
  KEY `user_id_idx` (`user_id`) USING BTREE,
  CONSTRAINT `userid` FOREIGN KEY (`user_id`) REFERENCES `user` (`id`) ON DELETE CASCADE
) ENGINE=InnoDB AUTO_INCREMENT=190 DEFAULT CHARSET=utf8 ROW_FORMAT=COMPACT;
/*!40101 SET character_set_client = @saved_cs_client */;

--
-- Dumping data for table `emergency_contact`
--

LOCK TABLES `emergency_contact` WRITE;
/*!40000 ALTER TABLE `emergency_contact` DISABLE KEYS */;
INSERT INTO `emergency_contact` VALUES (44,212,'kapa','emergency_1660863517620.jpg','','9117673','Landa',NULL,NULL,'9117673',1,1660863283716,1660864581083,'MOBILE'),(45,266,'Rui ','','','9698520000','Joao','','','969852003',1,1661355921427,NULL,'WEB'),(46,212,'batata','','','9199999',NULL,NULL,NULL,NULL,1,1661379166669,1661421999269,'MOBILE'),(47,212,'null','','','null',NULL,NULL,NULL,NULL,1,1661421832257,NULL,'MOBILE'),(48,185,'Pedro','emergency_1684764024304.jpg','','911884631','Pedro','','','+2382620339',1,1661455287725,1684764024316,'WEB'),(49,258,'Joao','emergency_1665056537707.jpg','','963898352','Rui',NULL,NULL,'969852003',1,1664877229708,1674821910250,'MOBILE'),(50,270,'meu','','','963898252','filho ',NULL,NULL,'963898252',1,1665042467012,1666870484447,'MOBILE'),(51,270,'null','','','null',NULL,NULL,NULL,NULL,1,1665042607154,NULL,'MOBILE'),(52,270,'null','','','null',NULL,NULL,NULL,NULL,1,1665042843022,NULL,'MOBILE'),(53,270,'null','','','null',NULL,NULL,NULL,NULL,1,1665056330161,NULL,'MOBILE'),(54,258,'Nana','','','917767677',NULL,NULL,NULL,NULL,1,1665056589169,NULL,'MOBILE'),(55,270,'inem','','','112',NULL,NULL,NULL,NULL,1,1665056603551,NULL,'MOBILE'),(56,270,'null','','','null',NULL,NULL,NULL,NULL,1,1665077696870,NULL,'MOBILE'),(57,270,'null','','','null',NULL,NULL,NULL,NULL,1,1665077906358,NULL,'MOBILE'),(58,270,'null','','','null',NULL,NULL,NULL,NULL,1,1665078066062,NULL,'MOBILE'),(59,270,'null','','','null',NULL,NULL,NULL,NULL,1,1665078386868,NULL,'MOBILE'),(60,270,'null','','','null',NULL,NULL,NULL,NULL,1,1665078426466,NULL,'MOBILE'),(61,270,'null','','','null',NULL,NULL,NULL,NULL,1,1665078466637,NULL,'MOBILE'),(62,270,'null','','','null',NULL,NULL,NULL,NULL,1,1665080889780,NULL,'MOBILE'),(63,270,'null','','','null',NULL,NULL,NULL,NULL,1,1665159947448,NULL,'MOBILE'),(64,270,'null','','','null',NULL,NULL,NULL,NULL,1,1665159985232,NULL,'MOBILE'),(65,270,'null','','','null',NULL,NULL,NULL,NULL,1,1665160029581,NULL,'MOBILE'),(66,258,'null','','','null',NULL,NULL,NULL,NULL,1,1665487013827,NULL,'MOBILE'),(67,258,'null','','','null',NULL,NULL,NULL,NULL,1,1665487048960,NULL,'MOBILE'),(68,258,'null','','','null',NULL,NULL,NULL,NULL,1,1665487170092,NULL,'MOBILE'),(69,185,'null','emergency_1669148925724.jpg','','null',NULL,NULL,NULL,NULL,1,1665487212158,1669148925762,'MOBILE'),(70,270,'null','','','null',NULL,NULL,NULL,NULL,1,1665487243339,NULL,'MOBILE'),(71,270,'null','','','null',NULL,NULL,NULL,NULL,1,1665487264537,NULL,'MOBILE'),(72,270,'null','','','null',NULL,NULL,NULL,NULL,1,1665487278236,NULL,'MOBILE'),(73,270,'null','','','null',NULL,NULL,NULL,NULL,1,1665488889494,NULL,'MOBILE'),(74,258,'null','','','null',NULL,NULL,NULL,NULL,1,1665488898936,NULL,'MOBILE'),(75,270,'null','','','null',NULL,NULL,NULL,NULL,1,1665488905469,NULL,'MOBILE'),(76,270,'null','','','null',NULL,NULL,NULL,NULL,1,1665499425711,NULL,'MOBILE'),(77,297,'null','','','null',NULL,NULL,NULL,NULL,1,1665516580609,NULL,'MOBILE'),(78,297,'null','','','null',NULL,NULL,NULL,NULL,1,1665516665814,NULL,'MOBILE'),(79,270,'null','','','null',NULL,NULL,NULL,NULL,1,1665568524308,NULL,'MOBILE'),(80,270,'null','','','null',NULL,NULL,NULL,NULL,1,1665573410633,NULL,'MOBILE'),(81,270,'null','','','null',NULL,NULL,NULL,NULL,1,1665683213224,NULL,'MOBILE'),(82,270,'null','','','null',NULL,NULL,NULL,NULL,1,1665683247317,NULL,'MOBILE'),(83,270,'null','','','null',NULL,NULL,NULL,NULL,1,1665683257965,NULL,'MOBILE'),(84,297,'null','','','null',NULL,NULL,NULL,NULL,1,1666124452676,NULL,'MOBILE'),(85,297,'null','','','null',NULL,NULL,NULL,NULL,1,1666124473355,NULL,'MOBILE'),(86,297,'null','','','null',NULL,NULL,NULL,NULL,1,1666124523495,NULL,'MOBILE'),(87,270,'null','','','null',NULL,NULL,NULL,NULL,1,1666388675590,NULL,'MOBILE'),(88,300,'null','','','null',NULL,NULL,NULL,NULL,1,1666430005466,NULL,'MOBILE'),(89,212,'null','','','null',NULL,NULL,NULL,NULL,1,1667381055798,NULL,'MOBILE'),(90,258,'null','','','null',NULL,NULL,NULL,NULL,1,1668164908785,NULL,'MOBILE'),(91,258,'null','','','null',NULL,NULL,NULL,NULL,1,1668165395884,NULL,'MOBILE'),(92,185,'rui','emergency_1669149176762.jpg','','969852883',NULL,NULL,NULL,NULL,1,1669149147510,1669149176778,'MOBILE'),(93,212,'null','','','null',NULL,NULL,NULL,NULL,1,1669901592102,NULL,'MOBILE'),(94,212,'null','','','null',NULL,NULL,NULL,NULL,1,1670250163314,NULL,'MOBILE'),(95,212,'null','','','null',NULL,NULL,NULL,NULL,1,1670255856394,NULL,'MOBILE'),(96,212,'null','','','null',NULL,NULL,NULL,NULL,1,1670255868150,NULL,'MOBILE'),(97,299,'null','','','null',NULL,NULL,NULL,NULL,1,1670532817256,NULL,'MOBILE'),(98,299,'null','','','null',NULL,NULL,NULL,NULL,1,1670532862187,NULL,'MOBILE'),(99,212,'null','','','null',NULL,NULL,NULL,NULL,1,1670896409927,NULL,'MOBILE'),(100,212,'null','','','null',NULL,NULL,NULL,NULL,1,1670896843822,NULL,'MOBILE'),(101,212,'null','','','null',NULL,NULL,NULL,NULL,1,1670896875338,NULL,'MOBILE'),(102,212,'null','','','null',NULL,NULL,NULL,NULL,1,1670896912557,NULL,'MOBILE'),(103,212,'null','','','null',NULL,NULL,NULL,NULL,1,1670896949483,NULL,'MOBILE'),(104,212,'kinkas','','','9117376',NULL,NULL,NULL,NULL,1,1670896999425,NULL,'MOBILE'),(105,212,'kinkas','','','9117376',NULL,NULL,NULL,NULL,1,1670897111747,NULL,'MOBILE'),(106,212,'kinkas sanyo','','','9117376',NULL,NULL,NULL,NULL,1,1670897636463,NULL,'MOBILE'),(107,212,'kinkas santos','','','9117376',NULL,NULL,NULL,NULL,1,1670897658367,NULL,'MOBILE'),(108,270,'null','','','null',NULL,NULL,NULL,NULL,1,1671034240464,NULL,'MOBILE'),(109,270,'null','','','null',NULL,NULL,NULL,NULL,1,1671034257036,NULL,'MOBILE'),(110,270,'null','','','null',NULL,NULL,NULL,NULL,1,1671034390078,NULL,'MOBILE'),(111,270,'null','','','null',NULL,NULL,NULL,NULL,1,1671034622296,NULL,'MOBILE'),(112,270,'tomas','','','91334500',NULL,NULL,NULL,NULL,1,1671035772041,NULL,'MOBILE'),(113,270,'null','','','null',NULL,NULL,NULL,NULL,1,1671118789047,NULL,'MOBILE'),(114,270,'null','','','null',NULL,NULL,NULL,NULL,1,1671118808414,NULL,'MOBILE'),(115,270,'null','','','null',NULL,NULL,NULL,NULL,1,1671118933693,NULL,'MOBILE'),(116,212,'null','','','null',NULL,NULL,NULL,NULL,1,1671234263986,NULL,'MOBILE'),(117,212,'null','','','null',NULL,NULL,NULL,NULL,1,1671234287430,NULL,'MOBILE'),(118,212,'null','','','null',NULL,NULL,NULL,NULL,1,1671234356343,NULL,'MOBILE'),(119,309,'null','','','null',NULL,NULL,NULL,NULL,1,1671377688750,NULL,'MOBILE'),(120,270,'null','','','null',NULL,NULL,NULL,NULL,1,1672262306159,NULL,'MOBILE'),(121,270,'null','','','null',NULL,NULL,NULL,NULL,1,1672265549001,NULL,'MOBILE'),(122,311,'null','','','null',NULL,NULL,NULL,NULL,1,1672830748150,NULL,'MOBILE'),(123,311,'null','','','null',NULL,NULL,NULL,NULL,1,1672830765084,NULL,'MOBILE'),(124,311,'null','','','null',NULL,NULL,NULL,NULL,1,1672830767540,NULL,'MOBILE'),(125,311,'null','','','null',NULL,NULL,NULL,NULL,1,1672830769736,NULL,'MOBILE'),(126,311,'null','','','null',NULL,NULL,NULL,NULL,1,1672830928848,NULL,'MOBILE'),(127,311,'null','','','null',NULL,NULL,NULL,NULL,1,1672830932804,NULL,'MOBILE'),(128,311,'null','','','null',NULL,NULL,NULL,NULL,1,1672830962449,NULL,'MOBILE'),(129,311,'null','','','null',NULL,NULL,NULL,NULL,1,1672830995368,NULL,'MOBILE'),(130,311,'null','','','null',NULL,NULL,NULL,NULL,1,1672831002362,NULL,'MOBILE'),(131,311,'null','','','null',NULL,NULL,NULL,NULL,1,1672831065275,NULL,'MOBILE'),(132,311,'teste','emergency_1672831872819.jpg','','933181888',NULL,NULL,NULL,NULL,1,1672831833575,1672831872825,'MOBILE'),(133,311,'teste 2','emergency_1672831992256.jpg','','933181888',NULL,NULL,NULL,NULL,1,1672831992351,NULL,'MOBILE'),(134,311,'teste 3','emergency_1672832012367.jpg','','933181888',NULL,NULL,NULL,NULL,1,1672832012374,NULL,'MOBILE'),(135,311,'teste 4','emergency_1672832030004.jpg','','933181888',NULL,NULL,NULL,NULL,1,1672832030010,NULL,'MOBILE'),(136,311,'teste 5','emergency_1672832059602.jpg','','933181888',NULL,NULL,NULL,NULL,1,1672832059688,NULL,'MOBILE'),(137,311,'teste','','','933181888',NULL,NULL,NULL,NULL,1,1672832297951,NULL,'MOBILE'),(138,185,'null','','','null',NULL,NULL,NULL,NULL,1,1672836637704,NULL,'MOBILE'),(139,258,'null','','','null',NULL,NULL,NULL,NULL,1,1674821822375,NULL,'MOBILE'),(140,185,'null','','','null',NULL,NULL,NULL,NULL,1,1678202992490,NULL,'MOBILE'),(141,258,'null','','','null',NULL,NULL,NULL,NULL,1,1681825992143,NULL,'MOBILE'),(142,185,'joso','','','9852202',NULL,NULL,NULL,NULL,1,1682074496330,NULL,'MOBILE'),(143,185,'null','','','null',NULL,NULL,NULL,NULL,1,1682075260873,NULL,'MOBILE'),(144,185,'null','','','null',NULL,NULL,NULL,NULL,1,1684424467066,NULL,'MOBILE'),(145,185,'null','','','null',NULL,NULL,NULL,NULL,1,1684762210123,NULL,'MOBILE'),(146,315,'Ruben Meireles','','','933852414','Ruben Meireles','','','911884634',0,1686064709685,1697374647128,'WEB'),(147,315,'Paulo ','','','967964577','Ruben Meireles','','','911884634',0,1686064737995,1695155480047,'WEB'),(148,315,'Inês Pereira','','','967964577','Ruben Meireles','','','911884634',0,1686064761702,NULL,'WEB'),(149,315,'Inês Pereira','','','967964577','Ruben Meireles','','','911884634',0,1686064803836,NULL,'WEB'),(150,315,'Inês Pereira','','','967964577','Ruben Meireles','','','911884634',1,1686064887770,NULL,'WEB'),(151,185,'null','','','null',NULL,NULL,NULL,NULL,1,1686334711969,NULL,'MOBILE'),(152,212,'null','','','null',NULL,NULL,NULL,NULL,1,1687694717855,NULL,'MOBILE'),(153,212,'null','','','null',NULL,NULL,NULL,NULL,1,1687695948332,NULL,'MOBILE'),(154,212,'null','','','null',NULL,NULL,NULL,NULL,1,1687696245859,NULL,'MOBILE'),(155,212,'null','','','null',NULL,NULL,NULL,NULL,1,1687700189192,NULL,'MOBILE'),(156,212,'null','','','null',NULL,NULL,NULL,NULL,1,1687700385201,NULL,'MOBILE'),(157,212,'null','','','null',NULL,NULL,NULL,NULL,1,1687700500307,NULL,'MOBILE'),(158,212,'null','','','null',NULL,NULL,NULL,NULL,1,1687700624868,NULL,'MOBILE'),(159,212,'null','','','null',NULL,NULL,NULL,NULL,1,1687700654351,NULL,'MOBILE'),(160,212,'null','','','null',NULL,NULL,NULL,NULL,1,1687700684665,NULL,'MOBILE'),(161,212,'null','','','null',NULL,NULL,NULL,NULL,1,1687700715340,NULL,'MOBILE'),(162,212,'null','','','null',NULL,NULL,NULL,NULL,1,1687700953447,NULL,'MOBILE'),(163,212,'null','','','null',NULL,NULL,NULL,NULL,1,1687701070991,NULL,'MOBILE'),(164,212,'null','','','null',NULL,NULL,NULL,NULL,1,1687701206090,NULL,'MOBILE'),(165,212,'null','','','null',NULL,NULL,NULL,NULL,1,1687701640322,NULL,'MOBILE'),(166,185,'null','','','null',NULL,NULL,NULL,NULL,1,1689181229234,NULL,'MOBILE'),(167,185,'null','','','null',NULL,NULL,NULL,NULL,1,1691437069470,NULL,'MOBILE'),(168,315,'João ','','','932854123',NULL,NULL,NULL,NULL,1,1695155882208,NULL,'MOBILE'),(169,315,'Mariana ','','','963852741',NULL,NULL,NULL,NULL,1,1695155920485,NULL,'MOBILE'),(170,315,'Paulo','','','932851742',NULL,NULL,NULL,NULL,1,1695155957655,NULL,'MOBILE'),(171,315,'Sofia','','','932853254',NULL,NULL,NULL,NULL,1,1695155996214,NULL,'MOBILE'),(172,315,'Raquel ','','','963214578',NULL,NULL,NULL,NULL,1,1695156018898,NULL,'MOBILE'),(173,320,'null','','','null',NULL,NULL,NULL,NULL,1,1703022847919,NULL,'MOBILE'),(174,185,'null','','','null',NULL,NULL,NULL,NULL,1,1715885304180,NULL,'MOBILE'),(175,185,'null','','','null',NULL,NULL,NULL,NULL,1,1721742202538,NULL,'MOBILE'),(176,326,'Gonçalo','','','967642165','Susana','','','969136992',1,1723206273866,1723987519536,'WEB'),(177,326,'Gonçalo','','','967642165','Susana','','','969136992',1,1723206300076,NULL,'WEB'),(178,326,'Gonçalo','','','967642165','Susana','','','969136992',1,1723206308388,NULL,'WEB'),(179,326,'Gonçalo','','','967642165','Susana','','','969136992',1,1723206356153,NULL,'WEB'),(180,326,'Gonçalo','','','967642165','Susana','','','969136992',1,1723206374631,NULL,'WEB'),(181,326,'Gonçalo','','','967642165','Susana','','','969136992',1,1723206396767,NULL,'WEB'),(182,326,'Gonçalo','','','967642165','Susana','','','969136992',1,1723206439148,NULL,'WEB'),(183,326,'Gonçalo','','','967642165','Susana','','','969136992',1,1723206453774,NULL,'WEB'),(184,326,'Gonçalo','','','967642165','Susana','','','969136992',1,1723206536245,NULL,'WEB'),(185,326,'Gonçalo','','','967642165','Susana','','','969136992',1,1723206614427,NULL,'WEB'),(186,326,'Goncalo','','','967642165','Susana','','','969136992',1,1723206633537,NULL,'WEB'),(187,326,'Gonçalo','','','967642165','Susana','','','969136992',1,1723206740947,NULL,'WEB'),(188,326,'Goncalo','','','967642165','Goncalo','','','967642165',1,1723207907467,1723987118929,'WEB'),(189,212,'Rui','','','969852003','Rui','','','969852003',1,1723227109298,NULL,'WEB');
/*!40000 ALTER TABLE `emergency_contact` ENABLE KEYS */;
UNLOCK TABLES;

--
-- Table structure for table `entity`
--

DROP TABLE IF EXISTS `entity`;
/*!40101 SET @saved_cs_client     = @@character_set_client */;
/*!40101 SET character_set_client = utf8 */;
CREATE TABLE `entity` (
  `id` int(11) NOT NULL AUTO_INCREMENT,
  `name` varchar(50) DEFAULT NULL,
  `comercial_name` varchar(45) DEFAULT NULL,
  `conservatory` varchar(45) DEFAULT NULL,
  `comercial_register_number` bigint(20) DEFAULT NULL,
  `contact_id` int(11) DEFAULT NULL,
  `address_id` int(11) DEFAULT NULL,
  `entity_id` int(11) DEFAULT NULL,
  `type` int(11) DEFAULT '0',
  `nif` varchar(15) DEFAULT NULL,
  `share_capital` varchar(45) DEFAULT NULL,
  `created_at` bigint(20) DEFAULT NULL,
  `updated_at` bigint(20) DEFAULT NULL,
  `status` int(11) DEFAULT '1',
  PRIMARY KEY (`id`) USING BTREE,
  UNIQUE KEY `id_UNIQUE` (`id`) USING BTREE,
  KEY `fk_entity_address1_idx` (`address_id`) USING BTREE,
  KEY `fk_entity_entity1_idx` (`entity_id`) USING BTREE,
  KEY `contact_idx` (`contact_id`) USING BTREE,
  CONSTRAINT `contact` FOREIGN KEY (`contact_id`) REFERENCES `contact` (`id`) ON DELETE CASCADE ON UPDATE CASCADE,
  CONSTRAINT `fk_entity_address1` FOREIGN KEY (`address_id`) REFERENCES `address` (`id`) ON DELETE CASCADE ON UPDATE CASCADE,
  CONSTRAINT `fk_entity_entity1` FOREIGN KEY (`entity_id`) REFERENCES `entity` (`id`) ON DELETE CASCADE ON UPDATE CASCADE
) ENGINE=InnoDB AUTO_INCREMENT=75 DEFAULT CHARSET=utf8 ROW_FORMAT=COMPACT;
/*!40101 SET character_set_client = @saved_cs_client */;

--
-- Dumping data for table `entity`
--

LOCK TABLES `entity` WRITE;
/*!40000 ALTER TABLE `entity` DISABLE KEYS */;
INSERT INTO `entity` VALUES (1,'Bclose','Bclose',NULL,NULL,1,1,NULL,NULL,NULL,NULL,1630409287113,1630919676376,1),(46,'Bonako Lda.','Bonako ','',NULL,103,100,1,0,'123412434','10000',NULL,1632229053152,1),(47,'S4i Bclose ','Bclose Bhealth','Oeiras',11202182,125,122,1,0,'511286253','20000',NULL,1632743299438,1),(48,'Montepio Portugal','Montepio Portugal','lisboa',28172172,108,105,1,1,'511285809','',NULL,NULL,1),(49,'Cuidador',NULL,NULL,NULL,NULL,NULL,NULL,0,NULL,NULL,1632234627683,NULL,1),(50,'Lar Teixeira ','Lar Teixeira ','',NULL,111,108,1,1,'503361054','',NULL,NULL,1),(51,'Cuidador',NULL,NULL,NULL,NULL,NULL,NULL,0,NULL,NULL,1632240892801,NULL,1),(52,'My Teste','','',NULL,117,114,1,0,'210477130','',NULL,1632250246818,1),(53,'okokokok','','',NULL,120,117,52,1,'210477130','',NULL,1632249857280,1),(54,'Cuidador',NULL,NULL,NULL,NULL,NULL,NULL,0,NULL,NULL,1632312250003,NULL,1),(55,'Cuidador',NULL,NULL,NULL,NULL,NULL,NULL,0,NULL,NULL,1632330072935,NULL,1),(56,'Muska medical','Muska medical comercial ','',NULL,NULL,NULL,1,0,'098765432','',NULL,NULL,1),(57,'Cuidador',NULL,NULL,NULL,NULL,NULL,NULL,0,NULL,NULL,1632405021787,NULL,1),(58,'Cuidador',NULL,NULL,NULL,NULL,NULL,NULL,0,NULL,NULL,1632405182365,NULL,1),(59,'Cuidador',NULL,NULL,NULL,NULL,NULL,NULL,0,NULL,NULL,1632411884190,NULL,1),(60,'Cuidador',NULL,NULL,NULL,NULL,NULL,NULL,0,NULL,NULL,1632413541212,NULL,1),(61,'Sucursal Cabo Verde','Sucursal Cabo Verde','',NULL,137,136,1,1,'123456789','',NULL,NULL,1),(62,'PLima Saúde ','PLima Saúde','2763276',NULL,NULL,NULL,1,0,'427273272','wjehw',NULL,NULL,1),(63,'Bclose Canada','Bclose Canada','',NULL,143,142,1,1,'503361054','',NULL,NULL,1),(64,'Cuidador',NULL,NULL,NULL,NULL,NULL,NULL,0,NULL,NULL,1632590600105,NULL,1),(65,'casa','','',NULL,NULL,NULL,1,0,'544545454','',NULL,NULL,1),(66,'sdsdsd','','',NULL,NULL,NULL,1,0,'210477130','',NULL,NULL,1),(67,'Teste','','',NULL,NULL,NULL,1,0,'545444444','',NULL,NULL,1),(68,'okok','','',NULL,NULL,NULL,1,0,'210477130','',NULL,NULL,1),(69,'Luxtejo Residência Sénior','Luxtejo','',NULL,171,170,47,0,'123456789','25750',NULL,1632749943628,1),(70,'Cuidador',NULL,NULL,NULL,NULL,NULL,NULL,0,NULL,NULL,1669897656060,NULL,1),(71,'Cuidador',NULL,NULL,NULL,NULL,NULL,NULL,0,NULL,NULL,1670238759727,NULL,1),(72,'Cuidador',NULL,NULL,NULL,NULL,NULL,NULL,0,NULL,NULL,1671036114754,NULL,1),(73,'Cuidador',NULL,NULL,NULL,NULL,NULL,NULL,0,NULL,NULL,1698064556833,NULL,1),(74,'Diaspora Prime - Consultring, Unipessoal Lda','Diaspora Prime','',NULL,NULL,NULL,1,0,'518047091','1000',NULL,NULL,1);
/*!40000 ALTER TABLE `entity` ENABLE KEYS */;
UNLOCK TABLES;

--
-- Table structure for table `entity_has_device`
--

DROP TABLE IF EXISTS `entity_has_device`;
/*!40101 SET @saved_cs_client     = @@character_set_client */;
/*!40101 SET character_set_client = utf8 */;
CREATE TABLE `entity_has_device` (
  `id` int(11) NOT NULL AUTO_INCREMENT,
  `entity_id` int(11) NOT NULL,
  `device_id` int(11) NOT NULL,
  `status` int(11) DEFAULT '1',
  PRIMARY KEY (`id`) USING BTREE,
  KEY `fk_entity_has_device_device1_idx` (`device_id`) USING BTREE,
  KEY `fk_entity_has_device_entity1_idx` (`entity_id`) USING BTREE,
  CONSTRAINT `fk_entity_has_device_device1` FOREIGN KEY (`device_id`) REFERENCES `device` (`id`),
  CONSTRAINT `fk_entity_has_device_entity1` FOREIGN KEY (`entity_id`) REFERENCES `entity` (`id`)
) ENGINE=InnoDB DEFAULT CHARSET=utf8 ROW_FORMAT=COMPACT;
/*!40101 SET character_set_client = @saved_cs_client */;

--
-- Dumping data for table `entity_has_device`
--

LOCK TABLES `entity_has_device` WRITE;
/*!40000 ALTER TABLE `entity_has_device` DISABLE KEYS */;
/*!40000 ALTER TABLE `entity_has_device` ENABLE KEYS */;
UNLOCK TABLES;

--
-- Table structure for table `file_access`
--

DROP TABLE IF EXISTS `file_access`;
/*!40101 SET @saved_cs_client     = @@character_set_client */;
/*!40101 SET character_set_client = utf8 */;
CREATE TABLE `file_access` (
  `id` int(11) NOT NULL AUTO_INCREMENT,
  `file_id` int(11) NOT NULL,
  `user_id` int(11) DEFAULT NULL,
  `patient_id` int(10) unsigned DEFAULT NULL,
  `status` int(11) DEFAULT '1',
  `updated_at` bigint(20) DEFAULT NULL,
  `created_at` bigint(20) DEFAULT NULL,
  PRIMARY KEY (`id`),
  UNIQUE KEY `file_permission_id_IDX` (`id`) USING BTREE,
  KEY `file_access_patient_id_foreign_idx` (`patient_id`),
  CONSTRAINT `file_access_patient_id_foreign_idx` FOREIGN KEY (`patient_id`) REFERENCES `patient` (`id`)
) ENGINE=InnoDB AUTO_INCREMENT=829 DEFAULT CHARSET=utf8;
/*!40101 SET character_set_client = @saved_cs_client */;

--
-- Dumping data for table `file_access`
--

LOCK TABLES `file_access` WRITE;
/*!40000 ALTER TABLE `file_access` DISABLE KEYS */;
INSERT INTO `file_access` VALUES (779,65,182,56,0,NULL,1687884707534),(780,65,182,56,0,NULL,1687911458976),(781,77,182,56,0,NULL,1687911458976),(782,77,182,56,0,NULL,1687911458976),(783,77,182,56,0,NULL,1687911458976),(784,80,182,56,0,NULL,1687911458976),(785,80,182,56,0,NULL,1687911458976),(786,80,182,56,0,NULL,1687911458976),(787,79,182,56,0,NULL,1687911458976),(788,79,182,56,1,NULL,1687911458976),(789,50,184,59,0,NULL,1687911458976),(790,51,184,59,0,NULL,1687911458976),(791,50,184,59,0,NULL,1687911458976),(792,50,184,59,0,NULL,1687911458976),(793,50,184,59,0,NULL,1687911458976),(794,77,182,56,0,NULL,1687911458976),(795,65,182,56,0,NULL,1687911458976),(796,65,182,56,0,NULL,1687911458976),(797,65,182,56,0,NULL,1687911458976),(798,65,182,56,0,NULL,1687911458976),(799,81,182,56,0,NULL,1687911458976),(800,65,182,56,0,NULL,1687911458976),(801,81,182,56,1,NULL,1687911458976),(802,65,182,56,0,NULL,1687911458976),(803,65,182,56,0,NULL,1687911458976),(804,65,182,56,0,NULL,1687911458976),(805,65,182,56,0,NULL,1687911458976),(806,65,182,56,0,NULL,1687911458976),(807,65,182,56,0,NULL,1687911458976),(808,65,182,56,0,NULL,1687911458976),(809,65,182,56,0,NULL,1687911458976),(810,65,182,56,0,NULL,1687911458976),(811,65,182,56,1,NULL,1687911458976),(812,77,182,56,0,NULL,1687911458976),(813,77,182,56,0,NULL,1687911458976),(814,77,89,56,1,NULL,1687911458976),(815,77,94,56,1,NULL,1687911458976),(816,80,89,56,1,NULL,1687911458976),(817,79,89,56,1,NULL,1687911458976),(818,84,89,56,1,NULL,1687911458976),(819,77,182,56,0,NULL,1687911458976),(820,77,182,56,0,NULL,1687911458976),(821,77,182,56,0,NULL,1687911458976),(822,77,182,56,1,NULL,1687911458976),(823,52,184,59,0,NULL,1687911458976),(824,75,184,59,1,NULL,1687911458976),(825,51,184,59,1,NULL,1687911458976),(826,78,184,78,1,NULL,1687911458976),(827,78,318,78,0,NULL,1697199688314),(828,50,184,59,1,NULL,1698253458423);
/*!40000 ALTER TABLE `file_access` ENABLE KEYS */;
UNLOCK TABLES;

--
-- Table structure for table `files`
--

DROP TABLE IF EXISTS `files`;
/*!40101 SET @saved_cs_client     = @@character_set_client */;
/*!40101 SET character_set_client = utf8 */;
CREATE TABLE `files` (
  `id` int(11) NOT NULL AUTO_INCREMENT,
  `user_id` int(11) DEFAULT NULL,
  `path` text,
  `name` varchar(45) DEFAULT NULL,
  `status` int(11) DEFAULT '1',
  `type` varchar(45) NOT NULL,
  `created_at` bigint(20) DEFAULT NULL,
  `updated_at` bigint(20) DEFAULT NULL,
  PRIMARY KEY (`id`) USING BTREE,
  KEY `user_idx` (`user_id`) USING BTREE,
  CONSTRAINT `user` FOREIGN KEY (`user_id`) REFERENCES `user` (`id`)
) ENGINE=InnoDB AUTO_INCREMENT=85 DEFAULT CHARSET=utf8 ROW_FORMAT=COMPACT;
/*!40101 SET character_set_client = @saved_cs_client */;

--
-- Dumping data for table `files`
--

LOCK TABLES `files` WRITE;
/*!40000 ALTER TABLE `files` DISABLE KEYS */;
INSERT INTO `files` VALUES (49,270,'1665070899002_b4a0ac73-52b0-4c7f-bd89-03edc94df5592473401589517952411.jpg','cc',0,'Pessoal',1665070899003,NULL),(50,185,'1665489153760_0c19b894-d100-45b0-b2e0-c05e875da0182993680189067035061.jpg','oximetro',1,'Pessoal',1665489153760,NULL),(51,185,'1665489176790_8b58bf42-d4bf-4bde-82d0-633b2be8591e7066903008801510112.jpg','pc',1,'Análise medicas',1665489176790,NULL),(52,185,'1665489191919_84da5245-70d6-45a5-9ff6-ff3314e240fa3205726748657468644.jpg','pcw',0,'Exames',1665489191919,NULL),(53,270,'1665489197654_7b600e1c-a782-4b6b-9a6d-c5bf049890711124925360614956938.jpg','t1',1,'Família',1665489197654,NULL),(54,185,'1665489209148_7507f740-2c2f-4a27-b0b7-f8d9d0c8e2d05771714456179081526.jpg','comando',0,'Outros',1665489209148,NULL),(55,270,'1665489234624_91b0461f-c754-4547-9039-6f63f23cd0924393298428201807195.jpg','t2',0,'Família',1665489234624,NULL),(56,270,'1665489268643_3e546bf6-09e8-4f32-a27d-919a9f861fd93684772685316903378.jpg','67',1,'Família',1665489268644,NULL),(57,258,'1665489274590_f9e08e38-c807-48f7-9d52-67ff5ab104874134710141031117099.jpg','Eu',1,'Família',1665489274590,NULL),(58,270,'1665489294520_5facdc64-d638-47ed-85a9-54171bf272006677397070689080349.jpg','bs',1,'Família',1665489294520,NULL),(59,270,'1665489326974_eeede267-c827-435d-bd4e-ed0fdd13bc4a5810561316265668229.jpg','b',1,'Família',1665489326974,NULL),(60,258,'1665489340221_IMG_20221011_014002.jpg','Ele',1,'Família',1665489340221,NULL),(61,258,'1665489354921_IMG_20221009_114240.jpg','Nos',1,'Família',1665489354921,NULL),(62,297,'1665516742529_image_picker_596843FD-CB85-4DBB-BCAE-6F8232766EE3-43007-000007949BF4127A.jpg','1',1,'Pessoal',1665516742529,NULL),(63,270,'1666868919267_image_picker_81693628-FDC2-4F0C-A9EE-E487DD43E691-57289-00000A345AB47894.jpg','cc fronte',1,'Pessoal',1666868919268,NULL),(64,270,'1666868937455_image_picker_0F7AB941-4742-457D-92EB-B687430100DA-57289-00000A347B6DC3F0.jpg','cc back',1,'Pessoal',1666868937455,NULL),(65,212,'1669898996166_51042fbb-667a-4125-aeba-083138667416148452155993693708.jpg','kapa doc',1,'Pessoal',1669898996166,NULL),(66,212,'1670239061784_494288e7-85f9-434c-82eb-d1106daeb4465847757905880170482.jpg','Teste',0,'Família',1670239061785,NULL),(67,270,'1671034817330_image_picker_EEF9F03A-932B-4A9D-B363-EC9EB360144F-19011-000012A4570EEC0E.jpg','teste 14',1,'Outros',1671034817331,NULL),(68,310,'1671455077068_e6ebee1d-b349-48c2-9746-8daa5683f59e8693077125910036932.jpg','capa',1,'Família',1671455077069,NULL),(69,311,'1672831303558_09b32680-0bbc-401c-ac8c-3b008dcea1ff5275296520303661981.jpg','teste',1,'Família',1672831303558,NULL),(70,311,'1672831337045_Screenshot_2022-10-21-20-06-55-952.jpg','teste 2',1,'Família',1672831337045,NULL),(71,311,'1672831376963_8543d90e-c040-4337-bdcc-5598cb44c3b54227808933903661002.jpg','teste 3',1,'Pessoal',1672831376963,NULL),(72,311,'1672831401972_4c3765b3-3d48-46ba-b101-68405f0753d01420362020177664660.jpg','teste 4',1,'Pessoal',1672831401972,NULL),(73,311,'1672838745608_0033a83a-99e2-43ba-b38c-25b7fbb91d178161277555908624625.jpg','rugfyjvf',1,'Família',1672838745609,NULL),(74,311,'1672838765540_Screenshot_2023-01-04-13-00-16-080.jpg','tyjk',1,'Família',1672838765540,NULL),(75,185,'1684771972327_Screenshot_2023-05-22-16-45-31-040_pt.bclose.bhealth.bonako.jpg','pressão ',1,'Família',1684771972327,NULL),(76,315,'1686249801945_IMG-20230608-WA0031.jpg','telemóvel ',1,'Família',1686249801946,NULL),(77,212,'1686786214079_IMG-20230609-WA0006.jpg','medidas ',1,'Família',1686786214079,NULL),(78,315,'1687184885388_IMG-20230616-WA0008.jpg','análise ',1,'Pessoal',1687184885389,NULL),(79,212,'1687278848031_7cc57c94-7b2c-4886-adba-543c8faed5762337367768859872910.jpg','ph',1,'Análise medicas',1687278848032,NULL),(80,212,'1687343963039_3a777c04-3431-4953-b946-7c110e564e6d4641847609611305388.jpg','rtz',1,'Família',1687343963039,NULL),(81,212,'1687346168137_IMG-20230620-WA0000.jpg','fuuu',1,'Pessoal',1687346168137,NULL),(82,212,'1687716899632_IMG-20230625-WA0004.jpg','iphone',1,'Pessoal',1687716899633,NULL),(83,212,'1687717207728_IMG-20230625-WA0006.jpg','p14',1,'Pessoal',1687717207728,NULL),(84,212,'1687890003661_87cfcf0b-b153-4f3c-8089-4da49a41ff6f7652331680399402702.jpg','basta ',1,'Família',1687890003662,NULL);
/*!40000 ALTER TABLE `files` ENABLE KEYS */;
UNLOCK TABLES;

--
-- Table structure for table `firebase_token`
--

DROP TABLE IF EXISTS `firebase_token`;
/*!40101 SET @saved_cs_client     = @@character_set_client */;
/*!40101 SET character_set_client = utf8 */;
CREATE TABLE `firebase_token` (
  `id` int(11) NOT NULL AUTO_INCREMENT,
  `token` text NOT NULL,
  `user_id` int(11) NOT NULL,
  PRIMARY KEY (`id`) USING BTREE,
  KEY `user_id_idx` (`user_id`) USING BTREE,
  CONSTRAINT `user_id` FOREIGN KEY (`user_id`) REFERENCES `user` (`id`)
) ENGINE=InnoDB DEFAULT CHARSET=utf8 ROW_FORMAT=COMPACT;
/*!40101 SET character_set_client = @saved_cs_client */;

--
-- Dumping data for table `firebase_token`
--

LOCK TABLES `firebase_token` WRITE;
/*!40000 ALTER TABLE `firebase_token` DISABLE KEYS */;
/*!40000 ALTER TABLE `firebase_token` ENABLE KEYS */;
UNLOCK TABLES;

--
-- Table structure for table `nanometerPantients`
--

DROP TABLE IF EXISTS `nanometerPantients`;
/*!40101 SET @saved_cs_client     = @@character_set_client */;
/*!40101 SET character_set_client = utf8 */;
CREATE TABLE `nanometerPantients` (
  `id` int(11) NOT NULL AUTO_INCREMENT,
  `code` varchar(255) DEFAULT NULL,
  `status` int(11) DEFAULT '1',
  `user_id` int(11) NOT NULL,
  `patient_id` int(10) unsigned DEFAULT NULL,
  `scale_id` int(11) DEFAULT NULL,
  `nanometer_id` int(11) DEFAULT NULL,
  `createdAt` datetime NOT NULL,
  `updatedAt` datetime DEFAULT NULL,
  PRIMARY KEY (`id`),
  KEY `user_id` (`user_id`),
  KEY `patient_id` (`patient_id`),
  KEY `scale_id` (`scale_id`),
  KEY `nanometer_id` (`nanometer_id`),
  CONSTRAINT `nanometerPantients_ibfk_1` FOREIGN KEY (`user_id`) REFERENCES `user` (`id`),
  CONSTRAINT `nanometerPantients_ibfk_2` FOREIGN KEY (`patient_id`) REFERENCES `patient` (`id`),
  CONSTRAINT `nanometerPantients_ibfk_3` FOREIGN KEY (`scale_id`) REFERENCES `scales` (`id`),
  CONSTRAINT `nanometerPantients_ibfk_4` FOREIGN KEY (`nanometer_id`) REFERENCES `nanometers` (`id`)
) ENGINE=InnoDB AUTO_INCREMENT=26 DEFAULT CHARSET=utf8;
/*!40101 SET character_set_client = @saved_cs_client */;

--
-- Dumping data for table `nanometerPantients`
--

LOCK TABLES `nanometerPantients` WRITE;
/*!40000 ALTER TABLE `nanometerPantients` DISABLE KEYS */;
INSERT INTO `nanometerPantients` VALUES (1,'BALANCA',1,184,59,2,NULL,'2023-06-24 15:43:32','2023-06-24 15:43:32'),(2,'BALANCA',1,184,59,2,NULL,'2023-06-24 15:43:32','2023-06-24 15:43:32'),(3,'BALANCA',1,184,59,2,NULL,'2023-06-24 15:43:32','2023-06-24 15:43:32'),(4,'BALANCA',1,184,59,2,NULL,'2023-06-24 15:43:32','2023-06-24 15:43:32'),(5,'BALANCA',1,184,59,2,NULL,'2023-06-24 15:43:32','2023-06-24 15:43:32'),(6,'BALANCA',1,184,59,2,NULL,'2023-06-24 15:43:32','2023-06-24 15:43:32'),(7,'TERMOMETRO',1,184,59,2,NULL,'2023-06-24 15:43:32','2023-06-24 15:43:32'),(8,'TERMOMETRO',1,184,59,2,NULL,'2023-06-24 15:43:32','2023-06-24 15:43:32'),(9,'TERMOMETRO',1,184,59,2,NULL,'2023-06-24 15:43:32','2023-06-24 15:43:32'),(10,'OXIMETRO',1,184,59,2,NULL,'2023-06-24 15:43:32','2023-06-24 15:43:32'),(11,'OXIMETRO',1,184,59,2,NULL,'2023-06-24 15:43:32','2023-06-24 15:43:32'),(12,'OXIMETRO',1,184,59,2,NULL,'2023-06-24 15:43:32','2023-06-24 15:43:32'),(13,'OXIMETRO',1,184,59,2,NULL,'2023-06-24 15:43:32','2023-06-24 15:43:32'),(14,'OXIMETRO',1,184,59,2,NULL,'2023-06-24 15:43:32','2023-06-24 15:43:32'),(15,'OXIMETRO',1,184,59,2,NULL,'2023-06-24 15:43:32','2023-06-24 15:43:32'),(16,'OXIMETRO',1,184,59,2,NULL,'2023-06-24 15:43:32','2023-06-24 15:43:32'),(17,'OXIMETRO',1,184,59,2,NULL,'2023-06-24 15:43:32','2023-06-24 15:43:32'),(18,'PRESSAO_ARTERIAL',1,184,59,2,NULL,'2023-06-24 15:43:32','2023-06-24 15:43:32'),(19,'PRESSAO_ARTERIAL',1,184,59,2,NULL,'2023-06-24 15:43:32','2023-06-24 15:43:32'),(20,'PRESSAO_ARTERIAL',1,184,59,2,NULL,'2023-06-24 15:43:32','2023-06-24 15:43:32'),(21,'PRESSAO_ARTERIAL',1,184,59,2,NULL,'2023-06-24 15:43:32','2023-06-24 15:43:32'),(22,'PRESSAO_ARTERIAL',1,184,59,2,NULL,'2023-06-24 15:43:32','2023-06-24 15:43:32'),(23,'PRESSAO_ARTERIAL',1,184,59,2,NULL,'2023-06-24 15:43:32','2023-06-24 15:43:32'),(24,'PRESSAO_ARTERIAL',1,184,59,2,NULL,'2023-06-24 15:43:32','2023-06-24 15:43:32'),(25,'PRESSAO_ARTERIAL',1,184,59,2,NULL,'2023-06-24 15:43:32','2023-06-24 15:43:32');
/*!40000 ALTER TABLE `nanometerPantients` ENABLE KEYS */;
UNLOCK TABLES;

--
-- Table structure for table `nanometers`
--

DROP TABLE IF EXISTS `nanometers`;
/*!40101 SET @saved_cs_client     = @@character_set_client */;
/*!40101 SET character_set_client = utf8 */;
CREATE TABLE `nanometers` (
  `id` int(11) NOT NULL AUTO_INCREMENT,
  `device` varchar(255) NOT NULL,
  `type` varchar(255) DEFAULT NULL,
  `classification` varchar(255) DEFAULT NULL,
  `min` double NOT NULL,
  `max` double NOT NULL,
  `color` varchar(255) NOT NULL,
  `code` varchar(100) DEFAULT NULL,
  `status` int(11) DEFAULT '1',
  `scale_id` int(11) NOT NULL,
  `user_id` int(11) NOT NULL,
  `createdAt` datetime NOT NULL,
  `updatedAt` datetime DEFAULT NULL,
  `deletedAt` datetime DEFAULT NULL,
  PRIMARY KEY (`id`),
  KEY `scale_id` (`scale_id`),
  KEY `user_id` (`user_id`),
  CONSTRAINT `nanometers_ibfk_1` FOREIGN KEY (`scale_id`) REFERENCES `scales` (`id`),
  CONSTRAINT `nanometers_ibfk_2` FOREIGN KEY (`user_id`) REFERENCES `user` (`id`)
) ENGINE=InnoDB AUTO_INCREMENT=76 DEFAULT CHARSET=utf8;
/*!40101 SET character_set_client = @saved_cs_client */;

--
-- Dumping data for table `nanometers`
--

LOCK TABLES `nanometers` WRITE;
/*!40000 ALTER TABLE `nanometers` DISABLE KEYS */;
INSERT INTO `nanometers` VALUES (1,'Balanca','IMC','Baixo Peso',0,18.5,'#39A7DF','BALANCA',1,1,5,'2023-05-15 21:49:16',NULL,NULL),(2,'Balanca','IMC','Peso Normal',18.6,24.9,'#B7F216','BALANCA',1,1,5,'2023-05-15 21:49:16',NULL,NULL),(3,'Balanca','IMC','Excesso Peso',25,29.9,'#ff707b','BALANCA',1,1,5,'2023-05-15 21:49:16',NULL,NULL),(4,'Balanca','IMC','Obesidade de Classe 1',30,34.9,'#E10617','BALANCA',1,1,5,'2023-05-15 21:49:16',NULL,NULL),(5,'Balanca','IMC','Obesidade de Classe 2',35,39.9,'#E10617','BALANCA',1,1,5,'2023-05-15 21:49:16',NULL,NULL),(6,'Balanca','IMC','Obesidade de Classe 3',40,1000000,'#E10617','BALANCA',1,1,5,'2023-05-15 21:49:16',NULL,NULL),(7,'Termometro','','',0,36,'#39A7DF','TERMOMETRO',1,1,5,'2023-05-15 21:49:16',NULL,NULL),(8,'Termometro','','',36,37.5,'#40c92a','TERMOMETRO',1,1,5,'2023-05-15 21:49:16',NULL,NULL),(9,'Termometro','','',37.5,10000,'#f00505','TERMOMETRO',1,1,5,'2023-05-15 21:49:16',NULL,NULL),(10,'Oximetro','SPO2','',0,86,'#f00505','OXIMETRO',1,1,5,'2023-05-15 21:49:16',NULL,NULL),(11,'Oximetro','SPO2','',87,90,'#40c92a','OXIMETRO',1,1,5,'2023-05-15 21:49:16',NULL,NULL),(12,'Oximetro','SPO2','',91,94,'#1f5bc2','OXIMETRO',1,1,5,'2023-05-15 21:49:16',NULL,NULL),(13,'Oximetro','SPO2','',95,100000,'#40c92a','OXIMETRO',1,1,5,'2023-05-15 21:49:16',NULL,NULL),(14,'Pressão Arterial','Diastolica','Pressão Baixa',40,59,'#39A7DF','PRESSAO_ARTERIAL',1,1,5,'2023-05-15 21:49:16',NULL,NULL),(15,'Pressão Arterial','Diastolica','Normal',60,79,'#B7F216','PRESSAO_ARTERIAL',1,1,5,'2023-05-15 21:49:16',NULL,NULL),(16,'Pressão Arterial','Diastolica','Pré Hipertenso',80,90,'#ff707b','PRESSAO_ARTERIAL',1,1,5,'2023-05-15 21:49:16',NULL,NULL),(17,'Pressão Arterial','Diastolica','Hipertenso',91,100,'#E10617','PRESSAO_ARTERIAL',1,1,5,'2023-05-15 21:49:16',NULL,NULL),(18,'Pressão Arterial','Sistolica','Pressão Baixa',70,89,'#39A7DF','PRESSAO_ARTERIAL',1,1,5,'2023-05-15 21:49:16',NULL,NULL),(19,'Pressão Arterial','Sistolica','Normal',90,120,'#B7F216','PRESSAO_ARTERIAL',1,1,5,'2023-05-15 21:49:16',NULL,NULL),(20,'Pressão Arterial','Sistolica','Pré Hipertenso',121,140,'#ff707b','PRESSAO_ARTERIAL',1,1,5,'2023-05-15 21:49:16',NULL,NULL),(41,'Pressão Arterial','Sistolica','Hipertenso',141,150,'#E10617','PRESSAO_ARTERIAL',1,1,5,'2023-05-15 21:49:16',NULL,NULL),(42,'Oximetro','PI','',0,86,'#f00505','OXIMETRO',1,1,5,'2023-05-15 21:49:16',NULL,NULL),(43,'Oximetro','PI','',87,90,'#40c92a','OXIMETRO',1,1,5,'2023-05-15 21:49:16',NULL,NULL),(44,'Oximetro','PI','',91,94,'#1f5bc2','OXIMETRO',1,1,5,'2023-05-15 21:49:16',NULL,NULL),(45,'Oximetro','PI','',95,100000,'#40c92a','OXIMETRO',1,1,5,'2023-05-15 21:49:16',NULL,NULL),(51,'Balanca','IMC','Magro',0,18.5,'#dfbb3a','BALANCA',1,2,184,'2023-06-24 15:43:32','2023-06-24 15:43:32',NULL),(52,'Balanca','IMC','Peso Normal',18.6,24.9,'#B7F216','BALANCA',1,2,184,'2023-06-24 15:43:32','2023-06-24 15:43:32',NULL),(53,'Balanca','IMC','Excesso Peso',25,29.9,'#bf70ff','BALANCA',1,2,184,'2023-06-24 15:43:32','2023-06-24 15:43:32',NULL),(54,'Balanca','IMC','Obesidade de Classe 1',30,34.9,'#5d06e0','BALANCA',1,2,184,'2023-06-24 15:43:32','2023-06-24 15:43:32',NULL),(55,'Balanca','IMC','Obesidade de Classe 2',35,39.9,'#068ce0','BALANCA',1,2,184,'2023-06-24 15:43:32','2023-06-24 15:43:32',NULL),(56,'Balanca','IMC','Obesidade de Classe 3',40,1000000,'#E10617','BALANCA',1,2,184,'2023-06-24 15:43:32','2023-06-24 15:43:32',NULL),(57,'Termometro',NULL,'',0,36,'#39A7DF','TERMOMETRO',1,2,184,'2023-06-24 15:43:32','2023-06-24 15:43:32',NULL),(58,'Termometro',NULL,'',36,37.5,'#40c92a','TERMOMETRO',1,2,184,'2023-06-24 15:43:32','2023-06-24 15:43:32',NULL),(59,'Termometro',NULL,'',37.5,10000,'#f00505','TERMOMETRO',1,2,184,'2023-06-24 15:43:32','2023-06-24 15:43:32',NULL),(60,'Oximetro','SPO2','',0,86,'#f00505','OXIMETRO',1,2,184,'2023-06-24 15:43:32','2023-06-24 15:43:32',NULL),(61,'Oximetro','SPO2','',87,90,'#40c92a','OXIMETRO',1,2,184,'2023-06-24 15:43:32','2023-06-24 15:43:32',NULL),(62,'Oximetro','SPO2','',91,94,'#1f5bc2','OXIMETRO',1,2,184,'2023-06-24 15:43:32','2023-06-24 15:43:32',NULL),(63,'Oximetro','SPO2','',95,100000,'#40c92a','OXIMETRO',1,2,184,'2023-06-24 15:43:32','2023-06-24 15:43:32',NULL),(64,'Oximetro','PI','',0,86,'#f00505','OXIMETRO',1,2,184,'2023-06-24 15:43:32','2023-06-24 15:43:32',NULL),(65,'Oximetro','PI','',87,90,'#40c92a','OXIMETRO',1,2,184,'2023-06-24 15:43:32','2023-06-24 15:43:32',NULL),(66,'Oximetro','PI','',91,94,'#1f5bc2','OXIMETRO',1,2,184,'2023-06-24 15:43:32','2023-06-24 15:43:32',NULL),(67,'Oximetro','PI','',95,100000,'#40c92a','OXIMETRO',1,2,184,'2023-06-24 15:43:32','2023-06-24 15:43:32',NULL),(68,'Pressão Arterial','Diastolica','Pressão Baixa',40,59,'#39A7DF','PRESSAO_ARTERIAL',1,2,184,'2023-06-24 15:43:32','2023-06-24 15:43:32',NULL),(69,'Pressão Arterial','Diastolica','Normal',60,79,'#B7F216','PRESSAO_ARTERIAL',1,2,184,'2023-06-24 15:43:32','2023-06-24 15:43:32',NULL),(70,'Pressão Arterial','Diastolica','Pré Hipertenso',80,90,'#ff707b','PRESSAO_ARTERIAL',1,2,184,'2023-06-24 15:43:32','2023-06-24 15:43:32',NULL),(71,'Pressão Arterial','Diastolica','Hipertenso',91,100,'#E10617','PRESSAO_ARTERIAL',1,2,184,'2023-06-24 15:43:32','2023-06-24 15:43:32',NULL),(72,'Pressão Arterial','Sistolica','Pressão Baixa',70,89,'#39A7DF','PRESSAO_ARTERIAL',1,2,184,'2023-06-24 15:43:32','2023-06-24 15:43:32',NULL),(73,'Pressão Arterial','Sistolica','Normal',90,120,'#B7F216','PRESSAO_ARTERIAL',1,2,184,'2023-06-24 15:43:32','2023-06-24 15:43:32',NULL),(74,'Pressão Arterial','Sistolica','Pré Hipertenso',121,140,'#ff707b','PRESSAO_ARTERIAL',1,2,184,'2023-06-24 15:43:32','2023-06-24 15:43:32',NULL),(75,'Pressão Arterial','Sistolica','Hipertenso',141,150,'#E10617','PRESSAO_ARTERIAL',1,2,184,'2023-06-24 15:43:32','2023-06-24 15:43:32',NULL);
/*!40000 ALTER TABLE `nanometers` ENABLE KEYS */;
UNLOCK TABLES;

--
-- Table structure for table `notes`
--

DROP TABLE IF EXISTS `notes`;
/*!40101 SET @saved_cs_client     = @@character_set_client */;
/*!40101 SET character_set_client = utf8 */;
CREATE TABLE `notes` (
  `id` int(11) NOT NULL AUTO_INCREMENT,
  `patient_id` int(10) unsigned NOT NULL,
  `user_id` int(11) NOT NULL,
  `text` text NOT NULL,
  `appointment_id` int(11) NOT NULL,
  `created_at` bigint(20) DEFAULT NULL,
  `updated_at` bigint(20) DEFAULT NULL,
  `status` int(11) DEFAULT '1',
  PRIMARY KEY (`id`) USING BTREE,
  KEY `us_idx` (`user_id`) USING BTREE,
  KEY `pat_idx` (`patient_id`) USING BTREE,
  KEY `app_idx` (`appointment_id`) USING BTREE,
  CONSTRAINT `app` FOREIGN KEY (`appointment_id`) REFERENCES `appointment` (`id`),
  CONSTRAINT `pat` FOREIGN KEY (`patient_id`) REFERENCES `patient` (`id`),
  CONSTRAINT `us` FOREIGN KEY (`user_id`) REFERENCES `user` (`id`)
) ENGINE=InnoDB AUTO_INCREMENT=5 DEFAULT CHARSET=utf8 ROW_FORMAT=COMPACT;
/*!40101 SET character_set_client = @saved_cs_client */;

--
-- Dumping data for table `notes`
--

LOCK TABLES `notes` WRITE;
/*!40000 ALTER TABLE `notes` DISABLE KEYS */;
/*!40000 ALTER TABLE `notes` ENABLE KEYS */;
UNLOCK TABLES;

--
-- Table structure for table `notification`
--

DROP TABLE IF EXISTS `notification`;
/*!40101 SET @saved_cs_client     = @@character_set_client */;
/*!40101 SET character_set_client = utf8 */;
CREATE TABLE `notification` (
  `id` int(11) NOT NULL AUTO_INCREMENT,
  `user_id` int(11) NOT NULL,
  `created_by` int(11) DEFAULT NULL,
  `title` text NOT NULL,
  `type` varchar(45) DEFAULT NULL,
  `group` varchar(45) DEFAULT NULL,
  `seen` tinyint(1) DEFAULT '0',
  `subtitle` text,
  `date` varchar(100) DEFAULT NULL,
  `extra` varchar(100) DEFAULT NULL,
  `postpone` int(11) DEFAULT '0',
  `status` int(11) DEFAULT '1',
  `created_at` bigint(20) DEFAULT NULL,
  `updated_at` bigint(20) DEFAULT NULL,
  PRIMARY KEY (`id`) USING BTREE,
  KEY `user_idx` (`user_id`) USING BTREE,
  CONSTRAINT `user_fk` FOREIGN KEY (`user_id`) REFERENCES `user` (`id`)
) ENGINE=InnoDB AUTO_INCREMENT=364 DEFAULT CHARSET=utf8 ROW_FORMAT=COMPACT;
/*!40101 SET character_set_client = @saved_cs_client */;

--
-- Dumping data for table `notification`
--

LOCK TABLES `notification` WRITE;
/*!40000 ALTER TABLE `notification` DISABLE KEYS */;
INSERT INTO `notification` VALUES (212,212,184,'Novo Lembrete: Teste Lembrete','reminder',NULL,0,'Criado por: Francisca  Santos ','30/06/2023 16:00',NULL,0,1,1688129106801,NULL),(241,212,NULL,'casa','appointment',NULL,0,NULL,NULL,'casa_2',0,1,1661038464417,NULL),(242,266,NULL,'Nova Mensagem de Francisca  Santos ','message',NULL,0,NULL,NULL,'184,90',0,1,1661356470565,NULL),(243,184,NULL,'Nova Mensagem de: Portugal ','message',NULL,1,NULL,NULL,'57,90',0,1,1661356667301,1661528055074),(244,212,NULL,'New Appointment: Consulta Kdocia','appointment',NULL,0,'Created by: Ivandro Médico  CV','24/08/2022 00:00','Consulta_Kdocia_185',0,0,1661370961226,NULL),(245,182,NULL,'Doctor is waiting for you at Teleconsultations.: Alberto kinkas','appointment',NULL,0,NULL,'23/08/2022 23:30','appointment_Consulta_Kdocia_185212182',0,1,1661301000000,NULL),(246,212,NULL,'Consulta Kdocia','appointment',NULL,0,NULL,NULL,'Consulta_Kdocia_185',0,0,1661371675368,NULL),(247,212,NULL,'Consulta Kdocia','appointment',NULL,0,NULL,NULL,'Consulta_Kdocia_185',0,0,1661371757756,NULL),(248,212,NULL,'New Appointment: Consulta Kinkas','appointment',NULL,0,'Created by: Ivandro Médico  CV','24/08/2022 00:00','Consulta_Kinkas_1',0,0,1661372011233,NULL),(249,182,NULL,'Doctor is waiting for you at Teleconsultations.: Alberto kinkas','appointment',NULL,0,NULL,'23/08/2022 23:30','appointment_Consulta_Kinkas_1212182',0,1,1661301000000,NULL),(250,212,NULL,'Consulta Kdocia','appointment',NULL,0,NULL,NULL,'Consulta_Kdocia_185',0,0,1661372020786,NULL),(251,212,NULL,'Consulta Kdocia','appointment',NULL,0,NULL,NULL,'Consulta_Kdocia_185',0,0,1661372033653,NULL),(252,212,NULL,'Consulta Kinkas','appointment',NULL,0,NULL,NULL,'Consulta_Kinkas_1',0,0,1661372087815,NULL),(253,184,NULL,'You have an appointment in 30 minutes : Rui Carvalho','appointment',NULL,0,'Criado por: Francisca  Santos ','27/01/2023 12:30','',0,0,1674822600000,1709289732556),(254,184,NULL,'You have an appointment in 30 minutes : Perfeqt  Portugal','appointment',NULL,1,NULL,'24/08/2022 23:30','appointment_266184',0,1,1661380200000,1661528057043),(255,266,NULL,'Alteração Agendamento: Consulta teste ','appointment',NULL,0,'Alterado por: Francisca  Santos ','25/08/2022 19:25',NULL,0,1,1661451497209,NULL),(256,266,NULL,'Consulta teste ','appointment',NULL,0,NULL,NULL,'Consulta_teste__186',0,1,1661451594941,NULL),(257,185,NULL,'New Appointment: Consulta Rui','appointment',NULL,0,'Created by: Francisca  Santos ','25/08/2022 00:00','Consulta_Rui_190',0,1,1661462645629,NULL),(258,184,NULL,'Doctor is waiting for you at Teleconsultations.: Rui Carvalho','appointment',NULL,1,NULL,'24/08/2022 23:30','appointment_Consulta_Rui_190185184',0,1,1661387400000,1661528058386),(259,185,NULL,'Consulta Rui','appointment',NULL,0,NULL,NULL,'Consulta_Rui_190',0,0,1661462805906,NULL),(260,185,NULL,'Consulta Rui','appointment',NULL,0,NULL,NULL,'Consulta_Rui_190',0,0,1661462863043,NULL),(261,185,NULL,'Novo Agendamento: Consulta de follow Up ','appointment',NULL,0,'Criado por: Francisca  Santos ','24/10/2022 21:00','Consulta_de_follow_Up__191',0,1,1666632412975,NULL),(262,184,NULL,'You have an appointment in 30 minutes : Rui Carvalho','appointment',NULL,1,NULL,'24/10/2022 20:30','appointment_Consulta_de_follow_Up__191185184',0,1,1666639800000,1672424074160),(263,185,NULL,'Novo Agendamento: Oncologia ','appointment',NULL,0,'Criado por: Francisca  Santos ','25/10/2022 00:00','Oncologia__192',0,1,1666632441919,NULL),(264,184,NULL,'You have an appointment in 30 minutes : Rui Carvalho','appointment',NULL,1,NULL,'24/10/2022 23:30','appointment_Oncologia__192185184',0,1,1666650600000,1672424075182),(265,185,NULL,'Alteração Agendamento: Oncologia ','appointment',NULL,0,'Alterado por: Francisca  Santos ','25/10/2022 00:00',NULL,0,1,1666632460389,NULL),(266,185,NULL,'Alteração Agendamento: Oncologia ','appointment',NULL,0,'Alterado por: Francisca  Santos ','25/10/2022 00:00',NULL,0,1,1666632496766,NULL),(267,185,NULL,'Alteração Agendamento: Oncologia ','appointment',NULL,0,'Alterado por: Francisca  Santos ','25/10/2022 00:00',NULL,0,1,1666632546228,NULL),(268,184,NULL,'Nova Mensagem de: Rui Carvalho','message',NULL,1,NULL,NULL,'59,91',0,1,1666721077201,1682587953423),(269,185,NULL,'Oncologia ','appointment',NULL,0,NULL,NULL,'Oncologia__192',0,1,1666870126503,NULL),(270,185,NULL,'Oncologia ','appointment',NULL,0,NULL,NULL,'Oncologia__192',0,1,1666870246678,NULL),(271,270,NULL,'Alteração Agendamento: Consulta de oftalmologia','appointment',NULL,0,'Alterado por: Francisca  Santos ','28/10/2022 10:00',NULL,0,1,1666870725743,NULL),(272,270,NULL,'Alteração Agendamento: Consulta de oftalmologia','appointment',NULL,0,'Alterado por: Francisca  Santos ','28/10/2022 10:00',NULL,0,0,1666870748046,NULL),(273,270,NULL,'Alteração Agendamento: Consulta de oftalmologia','appointment',NULL,0,'Alterado por: Francisca  Santos ','28/10/2022 10:00',NULL,0,0,1666870765170,NULL),(274,270,NULL,'Alteração Agendamento: Consulta de oftalmologia','appointment',NULL,0,'Alterado por: Francisca  Santos ','28/10/2022 10:00',NULL,0,0,1666870790547,NULL),(275,185,NULL,'Novo Agendamento: Consulta do bem estar','appointment',NULL,0,'Criado por: Francisca  Santos ','27/10/2022 00:50','Consulta_do_bem_estar_198',0,1,1666871099805,NULL),(276,184,NULL,'You have an appointment in 30 minutes : Rui Carvalho','appointment',NULL,1,NULL,'27/10/2022 00:20','appointment_Consulta_do_bem_estar_198185184',0,1,1666826400000,1682587955090),(277,185,NULL,'Novo Agendamento: rui','appointment',NULL,0,'Criado por: Francisca  Santos ','22/11/2022 15:00','rui_202',0,1,1669128735610,NULL),(278,184,NULL,'You have an appointment in 30 minutes : Rui Carvalho','appointment',NULL,1,NULL,'22/11/2022 14:30','appointment_rui_202185184',0,1,1669127400000,1682587956707),(279,185,NULL,'rui','appointment',NULL,0,NULL,NULL,'rui_202',0,1,1669128831748,NULL),(280,185,NULL,'rui','appointment',NULL,0,NULL,NULL,'rui_202',0,1,1669128951462,NULL),(281,185,NULL,'rui','appointment',NULL,0,NULL,NULL,'rui_202',0,1,1669129148416,NULL),(282,212,NULL,'New Message from Francisca  Santos ','message',NULL,0,NULL,NULL,'184,91',0,1,1687977733000,NULL),(283,212,NULL,'Oncologia ','appointment',NULL,0,NULL,NULL,'Oncologia__192',0,1,1687977733000,NULL),(284,184,NULL,'You have an appointment in 30 minutes : Rui Carvalho','appointment',NULL,0,'Created by: Francisca  Santos ','27/01/2023 12:30','',0,0,1674822600000,1709289732556),(285,212,NULL,'Doctor is waiting for you at Teleconsultations.: maria ','appointment',NULL,0,NULL,'07/12/2022 23:30','appointment_270184',0,0,1687977733000,1672348981092),(286,212,NULL,'Appointment Canceled: Add title','appointment',NULL,0,'Canceled by: Francisca  Santos ','01/12/2022 00:00',NULL,0,1,1687977733000,NULL),(287,212,NULL,'Appointment Change: Add title','appointment',NULL,0,'Changed by: Francisca  Santos ','01/12/2022 00:00',NULL,0,1,1687977733000,NULL),(288,212,NULL,'Appointment Change: Add title','appointment',NULL,0,'Changed by: Francisca  Santos ','08/12/2022 00:00',NULL,0,1,1687977733000,NULL),(289,184,NULL,'You have an appointment in 30 minutes : Rui Carvalho','appointment',NULL,0,'Created by: Francisca  Santos ','27/01/2023 12:30','',0,0,1674822600000,1709289732556),(290,212,NULL,'Doctor is waiting for you at Teleconsultations.: maria ','appointment',NULL,0,NULL,'29/11/2022 23:30','appointment_270184',0,0,1687977733000,1672348981092),(291,212,NULL,'Appointment Canceled: Add title','appointment',NULL,0,'Canceled by: Francisca  Santos ','01/12/2022 00:00',NULL,0,1,1687977733000,NULL),(292,184,NULL,'You have an appointment in 30 minutes : Rui Carvalho','appointment',NULL,0,'Criado por: Francisca  Santos ','27/01/2023 12:30','',0,0,1674822600000,1709289732556),(293,212,NULL,'You have an appointment in 30 minutes : Rui Carvalho','appointment',NULL,0,NULL,'22/05/2023 14:20','appointment_185184',0,1,1687977733000,1684762763280),(294,184,NULL,'You have an appointment in 30 minutes : Rui Carvalho','appointment',NULL,0,'Criado por: Francisca  Santos ','27/01/2023 12:30','',0,0,1674822600000,1709289732556),(295,212,NULL,'You have an appointment in 30 minutes : Rui Carvalho','appointment',NULL,0,NULL,'22/05/2023 14:20','appointment_185184',0,1,1687977733000,1684762763280),(296,212,NULL,'Novo Lembrete: Lembrete pes ','reminder',NULL,0,'Criado por: Francisca  Santos ','05/01/2023 18:00',NULL,0,1,1687977733000,NULL),(297,212,NULL,'Alteração Lembrete: Lembrete pes ','reminder',NULL,0,'Criado por: Francisca  Santos ','05/01/2023 18:00',NULL,0,1,1687977733000,NULL),(298,212,NULL,'Alteração Lembrete: Lembrete pes ','reminder',NULL,0,'Criado por: Francisca  Santos ','05/01/2023 18:00',NULL,0,1,1687977733000,NULL),(299,212,NULL,'Alteração Lembrete: Lembrete pes ','reminder',NULL,0,'Criado por: Francisca  Santos ','05/01/2023 18:00',NULL,0,1,1687977733000,NULL),(300,212,NULL,'Alteração Lembrete: Lembrete pes ','reminder',NULL,0,'Criado por: Francisca  Santos ','05/01/2023 18:00',NULL,0,1,1687977733000,NULL),(301,184,NULL,'You have an appointment in 30 minutes : Rui Carvalho','appointment',NULL,0,'Criado por: Francisca  Santos ','27/01/2023 12:30','',0,0,1674822600000,1709289732556),(302,212,NULL,'You have an appointment in 30 minutes : Rui Carvalho','appointment',NULL,0,NULL,'22/05/2023 14:20','appointment_185184',0,1,1687977733000,1684762763280),(303,184,NULL,'You have an appointment in 30 minutes : Rui Carvalho','appointment',NULL,0,'Criado por: Francisca  Santos ','27/01/2023 12:30','',0,0,1674822600000,1709289732556),(304,212,NULL,'You have an appointment in 30 minutes : Rui Carvalho','appointment',NULL,0,NULL,'22/05/2023 14:20','appointment_185184',0,1,1687977733000,1684762763280),(305,212,NULL,'Novo Lembrete: tomar medicaçao','reminder',NULL,0,'Criado por: Francisca  Santos ','22/05/2023 00:00',NULL,0,1,1687977733000,NULL),(306,212,NULL,'Nova Mensagem de Francisca  Santos ','message',NULL,0,NULL,NULL,'184,91',0,1,1687977733000,NULL),(307,212,NULL,'Alteração Agendamento: Consulta ','appointment',NULL,0,'Alterado por: Francisca  Santos ','22/05/2023 14:50',NULL,0,1,1687977733000,NULL),(308,212,NULL,'Alteração Agendamento: Consulta cardioligia','appointment',NULL,0,'Alterado por: Francisca  Santos ','22/05/2023 14:50',NULL,0,1,1687977733000,NULL),(309,212,NULL,'Novo Agendamento: consulta teste','appointment',NULL,0,'Criado por: Francisca  Santos ','09/06/2023 12:00','consulta_teste_1',0,1,1687977733000,NULL),(310,212,NULL,'You have an appointment in 30 minutes : Filipa Meireles','appointment',NULL,0,NULL,'09/06/2023 11:30','appointment_consulta_teste_1315184',0,1,1687977733000,NULL),(311,212,NULL,'Nova Mensagem de Francisca  Santos ','message',NULL,0,NULL,NULL,'184,103',0,1,1687977733000,NULL),(312,212,184,'Novo Agendamento: Consulta','appointment',NULL,0,'Criado por: Francisca  Santos ','19/06/2023 00:00','Consulta_222',0,1,1687977733000,NULL),(313,212,184,'You have an appointment in 30 minutes : Filipa Meireles','appointment',NULL,0,NULL,'18/06/2023 23:30','appointment_Consulta_222315184',0,1,1687977733000,NULL),(314,184,184,'You have an appointment in 30 minutes : Rui Carvalho','appointment',NULL,0,'Criado por: Francisca  Santos ','27/01/2023 12:30','',0,0,1674822600000,1709289732556),(315,184,184,'You have an appointment in 30 minutes : Rui Carvalho','appointment',NULL,1,NULL,'28/06/2023 22:30','appointment_185184',0,1,1687987800000,1687981829881),(317,184,184,'You have an appointment in 30 minutes : Rui Carvalho','appointment',NULL,0,'Criado por: Francisca  Santos ','27/01/2023 12:30','',0,0,1674822600000,1709289732556),(318,184,184,'You have an appointment in 30 minutes : Rui Carvalho','appointment',NULL,0,NULL,'27/01/2023 12:30','',0,0,1674822600000,1709289732556),(319,185,184,'Novo Lembrete: Lembrete TESTE 2','reminder',NULL,0,'Criado por: Francisca  Santos ','30/06/2023 20:00',NULL,0,1,1688147621161,NULL),(320,184,184,'You have an appointment in 30 minutes : Rui Carvalho','appointment',NULL,0,'Criado por: Francisca  Santos ','27/01/2023 12:30','',0,0,1674822600000,1709289732556),(321,184,184,'You have an appointment in 30 minutes : Rui Carvalho','appointment',NULL,0,NULL,'27/01/2023 12:30','',0,0,1674822600000,1709289732556),(322,184,184,'You have an appointment in 30 minutes : Rui Carvalho','appointment',NULL,0,'Criado por: Francisca  Santos ','27/01/2023 12:30','',0,0,1674822600000,1709289732556),(323,184,184,'You have an appointment in 30 minutes : Rui Carvalho','appointment',NULL,0,NULL,'27/01/2023 12:30','',0,0,1674822600000,1709289732556),(324,315,184,'Novo Lembrete: Add title','reminder',NULL,0,'Criado por: Francisca  Santos ','03/07/2023 00:00',NULL,0,1,1688394101895,NULL),(325,315,184,'Alteração Lembrete: Add title','reminder',NULL,0,'Criado por: Francisca  Santos ','03/07/2023 15:30',NULL,0,0,1688394196006,NULL),(326,185,184,'Novo Agendamento: Consulta Dr. Susana','appointment',NULL,0,'Criado por: Francisca  Santos ','14/07/2023 14:00','Consulta_Dr._Susana_230',0,1,1689333928049,NULL),(327,184,184,'You have an appointment in 30 minutes : Rui Carvalho','appointment',NULL,1,NULL,'14/07/2023 13:30','appointment_Consulta_Dr._Susana_230185184',0,1,1689337800000,1721742244858),(328,315,184,'Novo Lembrete: consulta on line','reminder',NULL,0,'Criado por: Francisca  Santos ','19/10/2023 00:00',NULL,0,1,1697711455789,NULL),(329,315,184,'Novo Lembrete: Add title','reminder',NULL,0,'Criado por: Francisca  Santos ','19/10/2023 09:00',NULL,0,0,1697711628942,NULL),(330,315,184,'Alteração Lembrete: Add title','reminder',NULL,0,'Criado por: Francisca  Santos ','19/10/2023 16:00',NULL,0,1,1697715360045,NULL),(331,315,184,'Novo Lembrete: Tomar medicação','reminder',NULL,0,'Criado por: Francisca  Santos ','20/10/2023 00:00',NULL,0,1,1697716158653,NULL),(332,315,184,'Novo Lembrete: Tomar medicação','reminder',NULL,0,'Criado por: Francisca  Santos ','20/10/2023 18:00',NULL,0,0,1697716207225,NULL),(333,315,184,'Novo Agendamento: consulta','appointment',NULL,0,'Criado por: Francisca  Santos ','24/10/2023 10:30','consulta_223',0,1,1698071200106,NULL),(334,184,184,'You have an appointment in 30 minutes : Filipa Meireles','appointment',NULL,0,NULL,'24/10/2023 10:00','appointment_consulta_223315184',0,1,1698138000000,NULL),(335,185,184,'Novo Lembrete: Add title','reminder',NULL,0,'Criado por: Francisca  Santos ','01/03/2024 10:30',NULL,0,1,1709289610005,NULL),(336,184,184,'You have an appointment in 30 minutes : Rui Carvalho','appointment',NULL,0,'Criado por: Francisca  Santos ','27/01/2023 12:30','',0,0,1674822600000,1709289732556),(337,184,184,'You have an appointment in 30 minutes : Rui Carvalho','appointment',NULL,0,NULL,'27/01/2023 12:30','',0,0,1674822600000,1709289732556),(338,185,184,'Novo Agendamento: Exame Egidio ','appointment',NULL,0,'Criado por: Francisca  Santos ','17/07/2024 15:00','Exame_Egidio__232',0,1,1721212635343,NULL),(339,184,184,'You have an appointment in 30 minutes : Rui Carvalho','appointment',NULL,0,NULL,'17/07/2024 14:30','appointment_Exame_Egidio__232185184',0,1,1721223000000,NULL),(340,185,184,'Novo Agendamento: Teste Video conferencia','appointment',NULL,0,'Criado por: Francisca  Santos ','20/07/2024 00:00','Teste_Video_conferencia_235',0,1,1721511131036,NULL),(341,184,184,'You have an appointment in 30 minutes : Rui Carvalho','appointment',NULL,0,NULL,'20/07/2024 22:30','appointment_Teste_Video_conferencia_235185184',0,1,1721511000000,1721511427999),(342,185,184,'Novo Lembrete: Fisioterapia de mao','reminder',NULL,0,'Criado por: Francisca  Santos ','21/07/2024 10:00',NULL,0,1,1721511798452,NULL),(343,185,184,'Novo Lembrete: Teste do Pe ','reminder',NULL,0,'Criado por: Francisca  Santos ','20/07/2024 23:00',NULL,0,1,1721511834835,NULL),(344,315,184,'Novo Agendamento: Teste Consulta','appointment',NULL,0,'Criado por: Francisca  Santos ','25/07/2024 09:00','Teste_Consulta_223',0,1,1721721338645,NULL),(345,184,184,'You have an appointment in 30 minutes : Filipa Meireles','appointment',NULL,0,NULL,'25/07/2024 08:30','appointment_Teste_Consulta_223315184',0,1,1721899800000,NULL),(346,185,184,'Novo Agendamento: Consulta de teste jitsi 1','appointment',NULL,0,'Criado por: Francisca  Santos ','23/07/2024 14:30','Consulta_de_teste_jitsi_1_236',0,1,1721738513986,NULL),(347,184,184,'You have an appointment in 30 minutes : Rui Carvalho','appointment',NULL,0,NULL,'23/07/2024 14:00','appointment_Consulta_de_teste_jitsi_1_236185184',0,0,1721739600000,1721741906700),(348,185,184,'Novo Agendamento: Consulta Jistsi 2 Rui ','appointment',NULL,0,'Criado por: Francisca  Santos ','23/07/2024 15:00','Consulta_Jistsi_2_Rui__236',0,0,1721741945073,NULL),(349,184,184,'You have an appointment in 30 minutes : Rui Carvalho','appointment',NULL,0,NULL,'23/07/2024 14:30','appointment_Consulta_Jistsi_2_Rui__236185184',0,1,1721741400000,NULL),(350,185,184,'Novo Agendamento: Teste Roberto Jitsi','appointment',NULL,0,'Criado por: Francisca  Santos ','23/07/2024 09:00','Teste_Roberto_Jitsi_239',0,1,1721764587286,NULL),(351,184,184,'You have an appointment in 30 minutes : Rui Carvalho','appointment',NULL,0,NULL,'23/07/2024 08:30','appointment_Teste_Roberto_Jitsi_239185184',0,1,1721719800000,NULL),(352,185,184,'Novo Agendamento: Testes 2 ROBERTO ','appointment',NULL,0,'Criado por: Francisca  Santos ','23/07/2024 09:30','Testes_2_ROBERTO__240',0,1,1721764905247,NULL),(353,184,184,'You have an appointment in 30 minutes : Rui Carvalho','appointment',NULL,0,NULL,'23/07/2024 09:00','appointment_Testes_2_ROBERTO__240185184',0,1,1721721600000,NULL),(354,185,184,'Novo Agendamento: consulta psico','appointment',NULL,0,'Criado por: Francisca  Santos ','24/07/2024 12:30','consulta_psico_241',0,1,1721820222805,NULL),(355,184,184,'You have an appointment in 30 minutes : Rui Carvalho','appointment',NULL,0,NULL,'24/07/2024 12:00','appointment_consulta_psico_241185184',0,1,1721818800000,NULL),(356,185,184,'Novo Agendamento: Teste New Jisjsi 1','appointment',NULL,0,'Criado por: Francisca  Santos ','04/08/2024 18:30','Teste_New_Jisjsi_1_242',0,1,1722791175446,NULL),(357,184,184,'You have an appointment in 30 minutes : Rui Carvalho','appointment',NULL,0,NULL,'04/08/2024 18:00','appointment_Teste_New_Jisjsi_1_242185184',0,1,1722790800000,NULL),(358,185,184,'Novo Agendamento: TEste reuniao dia 09','appointment',NULL,0,'Criado por: Francisca  Santos ','09/08/2024 19:30','TEste_reuniao_dia_09_243',0,1,1723226399474,NULL),(359,184,184,'You have an appointment in 30 minutes : Rui Carvalho','appointment',NULL,0,NULL,'09/08/2024 19:00','appointment_TEste_reuniao_dia_09_243185184',0,1,1723226400000,NULL),(360,212,184,'Novo Agendamento: Consulta teste dia 9 ','appointment',NULL,0,'Criado por: Francisca  Santos ','09/08/2024 19:30','Consulta_teste_dia_9__1',0,1,1723227149569,NULL),(361,184,184,'You have an appointment in 30 minutes : Alberto Ribeiro','appointment',NULL,0,NULL,'09/08/2024 19:00','appointment_Consulta_teste_dia_9__1212184',0,1,1723226400000,NULL),(362,212,184,'Novo Agendamento: Docia','appointment',NULL,0,'Criado por: Francisca  Santos ','16/08/2024 00:00','Docia_245',0,1,1723831939395,NULL),(363,184,184,'You have an appointment in 30 minutes : Alberto Ribeiro','appointment',NULL,0,NULL,'15/08/2024 23:30','appointment_Docia_245212184',0,1,1723768200000,NULL);
/*!40000 ALTER TABLE `notification` ENABLE KEYS */;
UNLOCK TABLES;

--
-- Table structure for table `package`
--

DROP TABLE IF EXISTS `package`;
/*!40101 SET @saved_cs_client     = @@character_set_client */;
/*!40101 SET character_set_client = utf8 */;
CREATE TABLE `package` (
  `id` int(11) NOT NULL AUTO_INCREMENT,
  `name` varchar(45) DEFAULT NULL,
  `num_patients` int(11) DEFAULT NULL,
  `price` double DEFAULT NULL,
  `code` varchar(45) DEFAULT NULL,
  `status` int(11) DEFAULT '1',
  `created_at` bigint(20) DEFAULT NULL,
  `updated_at` bigint(20) DEFAULT NULL,
  PRIMARY KEY (`id`) USING BTREE
) ENGINE=InnoDB AUTO_INCREMENT=2 DEFAULT CHARSET=utf8 ROW_FORMAT=COMPACT;
/*!40101 SET character_set_client = @saved_cs_client */;

--
-- Dumping data for table `package`
--

LOCK TABLES `package` WRITE;
/*!40000 ALTER TABLE `package` DISABLE KEYS */;
/*!40000 ALTER TABLE `package` ENABLE KEYS */;
UNLOCK TABLES;

--
-- Table structure for table `patient`
--

DROP TABLE IF EXISTS `patient`;
/*!40101 SET @saved_cs_client     = @@character_set_client */;
/*!40101 SET character_set_client = utf8 */;
CREATE TABLE `patient` (
  `id` int(10) unsigned NOT NULL AUTO_INCREMENT,
  `weight` double NOT NULL,
  `height` double NOT NULL,
  `user_id` int(11) NOT NULL,
  `created_at` bigint(20) DEFAULT NULL,
  `updated_at` bigint(20) DEFAULT NULL,
  `status` int(11) DEFAULT '1',
  `responsable_id` int(11) DEFAULT NULL,
  PRIMARY KEY (`id`) USING BTREE,
  KEY `fk_patient_user1_idx` (`user_id`) USING BTREE,
  KEY `fk_patient_user2_idx` (`responsable_id`) USING BTREE,
  CONSTRAINT `fk_patient_user1` FOREIGN KEY (`user_id`) REFERENCES `user` (`id`) ON DELETE CASCADE,
  CONSTRAINT `fk_patient_user2` FOREIGN KEY (`responsable_id`) REFERENCES `user` (`id`) ON DELETE CASCADE
) ENGINE=InnoDB AUTO_INCREMENT=99 DEFAULT CHARSET=utf8 ROW_FORMAT=COMPACT;
/*!40101 SET character_set_client = @saved_cs_client */;

--
-- Dumping data for table `patient`
--

LOCK TABLES `patient` WRITE;
/*!40000 ALTER TABLE `patient` DISABLE KEYS */;
INSERT INTO `patient` VALUES (56,94,180,212,1660864581088,1687701640332,1,182),(57,80,190,266,1661354937508,1661355921431,1,184),(58,0,0,267,1661428555071,NULL,1,NULL),(59,80,180,185,1661455287729,1721742202607,1,184),(60,0,0,268,1661463144247,NULL,1,NULL),(61,0,0,269,1664460839582,NULL,1,NULL),(62,69,162,270,1664879094992,1672265549005,1,184),(63,0,0,271,1665057393925,NULL,1,NULL),(64,0,0,272,1665057480257,NULL,1,NULL),(65,0,0,296,1665488233875,NULL,1,NULL),(66,42,174,297,1665516504823,1666124523500,1,NULL),(67,178,78,299,1666016552577,1670532862192,1,NULL),(68,125,178,300,1666429918017,1666430005472,1,NULL),(69,0,0,304,1670533863903,NULL,1,NULL),(70,0,0,307,1671291159334,NULL,1,NULL),(71,0,0,308,1671300180560,NULL,1,NULL),(72,94,180,309,1671377647424,1671377688755,1,NULL),(73,0,0,310,1671387512247,NULL,1,NULL),(74,0,0,311,1672829389029,NULL,1,NULL),(75,75,160,258,1674821910256,NULL,1,184),(76,0,0,313,1684745745150,NULL,1,NULL),(77,0,0,314,1685632965169,NULL,1,NULL),(78,53,168,315,1685722587967,1686064992996,1,184),(79,0,0,316,1685910642964,NULL,1,NULL),(80,0,0,317,1686655835075,NULL,1,NULL),(81,0,0,319,1703021560538,NULL,1,NULL),(82,0,0,320,1703022765511,NULL,1,NULL),(83,0,0,322,1710703242018,NULL,1,NULL),(84,0,0,323,1722614225972,NULL,1,NULL),(85,68,170,326,1723206273873,NULL,1,325),(86,68,170,326,1723206300080,NULL,1,325),(87,68,170,326,1723206308391,NULL,1,325),(88,68,170,326,1723206356156,NULL,1,325),(89,68,170,326,1723206374634,NULL,1,325),(90,68,170,326,1723206396770,NULL,1,325),(91,68,170,326,1723206439150,NULL,1,325),(92,68,170,326,1723206453778,NULL,1,325),(93,68,170,326,1723206536248,NULL,1,325),(94,68,170,326,1723206614431,NULL,1,325),(95,68,170,326,1723206633541,NULL,1,325),(96,68,170,326,1723206740950,NULL,1,325),(97,68,170,326,1723207907474,1723987519542,1,325),(98,89,194,212,1723227109302,NULL,1,184);
/*!40000 ALTER TABLE `patient` ENABLE KEYS */;
UNLOCK TABLES;

--
-- Table structure for table `patient_has_device`
--

DROP TABLE IF EXISTS `patient_has_device`;
/*!40101 SET @saved_cs_client     = @@character_set_client */;
/*!40101 SET character_set_client = utf8 */;
CREATE TABLE `patient_has_device` (
  `patient_id` int(10) unsigned NOT NULL AUTO_INCREMENT,
  `device_id` int(11) NOT NULL,
  `created_at` bigint(20) DEFAULT NULL,
  `updated_at` bigint(20) DEFAULT NULL,
  `status` int(11) DEFAULT '1',
  PRIMARY KEY (`patient_id`,`device_id`) USING BTREE,
  KEY `fk_patient_has_device_device1_idx` (`device_id`) USING BTREE,
  KEY `fk_patient_has_device_patient1_idx` (`patient_id`) USING BTREE,
  CONSTRAINT `fk_patient_has_device_device1` FOREIGN KEY (`device_id`) REFERENCES `device` (`id`),
  CONSTRAINT `fk_patient_has_device_patient1` FOREIGN KEY (`patient_id`) REFERENCES `patient` (`id`)
) ENGINE=InnoDB DEFAULT CHARSET=utf8 ROW_FORMAT=COMPACT;
/*!40101 SET character_set_client = @saved_cs_client */;

--
-- Dumping data for table `patient_has_device`
--

LOCK TABLES `patient_has_device` WRITE;
/*!40000 ALTER TABLE `patient_has_device` DISABLE KEYS */;
/*!40000 ALTER TABLE `patient_has_device` ENABLE KEYS */;
UNLOCK TABLES;

--
-- Table structure for table `product`
--

DROP TABLE IF EXISTS `product`;
/*!40101 SET @saved_cs_client     = @@character_set_client */;
/*!40101 SET character_set_client = utf8 */;
CREATE TABLE `product` (
  `id` int(11) NOT NULL AUTO_INCREMENT,
  `name` varchar(100) DEFAULT NULL,
  `image` varchar(100) DEFAULT NULL,
  `visibility` int(11) DEFAULT '1',
  `operability` varchar(100) DEFAULT NULL,
  `ref` varchar(100) DEFAULT NULL,
  `ean` varchar(100) DEFAULT NULL,
  `number_serie` int(11) DEFAULT NULL,
  `type` varchar(100) DEFAULT NULL,
  `summary` varchar(100) DEFAULT NULL,
  `type_product` varchar(100) DEFAULT NULL,
  `category_id` int(11) DEFAULT NULL,
  `unit` varchar(100) DEFAULT NULL,
  `obs` text,
  `created_at` bigint(20) DEFAULT NULL,
  `updated_at` bigint(20) DEFAULT NULL,
  `status` int(11) DEFAULT NULL,
  PRIMARY KEY (`id`) USING BTREE,
  KEY `product_FK` (`category_id`) USING BTREE,
  CONSTRAINT `product_FK` FOREIGN KEY (`category_id`) REFERENCES `category_device` (`id`)
) ENGINE=InnoDB DEFAULT CHARSET=utf8 ROW_FORMAT=COMPACT;
/*!40101 SET character_set_client = @saved_cs_client */;

--
-- Dumping data for table `product`
--

LOCK TABLES `product` WRITE;
/*!40000 ALTER TABLE `product` DISABLE KEYS */;
/*!40000 ALTER TABLE `product` ENABLE KEYS */;
UNLOCK TABLES;

--
-- Table structure for table `profission`
--

DROP TABLE IF EXISTS `profission`;
/*!40101 SET @saved_cs_client     = @@character_set_client */;
/*!40101 SET character_set_client = utf8 */;
CREATE TABLE `profission` (
  `id` int(11) NOT NULL AUTO_INCREMENT,
  `name` varchar(45) DEFAULT NULL,
  `level` int(11) DEFAULT NULL,
  `created_at` bigint(20) DEFAULT NULL,
  `updated_at` bigint(20) DEFAULT NULL,
  `status` int(11) DEFAULT '1',
  PRIMARY KEY (`id`) USING BTREE
) ENGINE=InnoDB AUTO_INCREMENT=10 DEFAULT CHARSET=utf8 ROW_FORMAT=COMPACT;
/*!40101 SET character_set_client = @saved_cs_client */;

--
-- Dumping data for table `profission`
--

LOCK TABLES `profission` WRITE;
/*!40000 ALTER TABLE `profission` DISABLE KEYS */;
INSERT INTO `profission` VALUES (1,'Administrador',1,1630937796950,NULL,1),(2,'Administrativo',2,1630937796950,NULL,1),(3,'Auxiliar',3,1630937796950,NULL,1),(4,'Comercial',4,1630937796950,NULL,1),(5,'Médico',5,1630937796950,NULL,1),(6,'Recursos Humanos',6,1630937796950,NULL,1),(7,'Enfermeiro',7,1630937796950,NULL,1),(8,'Estagiário',8,1630937796950,NULL,1),(9,'Outro',9,1630937796950,NULL,1);
/*!40000 ALTER TABLE `profission` ENABLE KEYS */;
UNLOCK TABLES;

--
-- Table structure for table `ranges`
--

DROP TABLE IF EXISTS `ranges`;
/*!40101 SET @saved_cs_client     = @@character_set_client */;
/*!40101 SET character_set_client = utf8 */;
CREATE TABLE `ranges` (
  `id` int(11) NOT NULL AUTO_INCREMENT,
  `qualifier` varchar(150) DEFAULT NULL,
  `color` varchar(15) DEFAULT NULL,
  `name` varchar(45) DEFAULT NULL,
  `parameter` varchar(100) DEFAULT NULL,
  `qualifiers` varchar(100) DEFAULT NULL,
  `range` varchar(100) DEFAULT NULL,
  `updated_at` bigint(20) DEFAULT NULL,
  `created_at` bigint(20) DEFAULT NULL,
  `status` int(11) DEFAULT '1',
  `category_device_id` int(11) NOT NULL,
  PRIMARY KEY (`id`,`category_device_id`) USING BTREE,
  UNIQUE KEY `id_UNIQUE` (`id`) USING BTREE,
  UNIQUE KEY `created_at_UNIQUE` (`created_at`) USING BTREE,
  KEY `fk_ranges_category_device1_idx` (`category_device_id`) USING BTREE,
  CONSTRAINT `fk_ranges_category_device1` FOREIGN KEY (`category_device_id`) REFERENCES `category_device` (`id`)
) ENGINE=InnoDB DEFAULT CHARSET=utf8 ROW_FORMAT=COMPACT;
/*!40101 SET character_set_client = @saved_cs_client */;

--
-- Dumping data for table `ranges`
--

LOCK TABLES `ranges` WRITE;
/*!40000 ALTER TABLE `ranges` DISABLE KEYS */;
/*!40000 ALTER TABLE `ranges` ENABLE KEYS */;
UNLOCK TABLES;

--
-- Table structure for table `readings`
--

DROP TABLE IF EXISTS `readings`;
/*!40101 SET @saved_cs_client     = @@character_set_client */;
/*!40101 SET character_set_client = utf8 */;
CREATE TABLE `readings` (
  `id` int(11) NOT NULL AUTO_INCREMENT,
  `Id_client` int(11) DEFAULT NULL,
  `Id_device` int(11) DEFAULT NULL,
  `device_category` varchar(45) DEFAULT NULL,
  `mac_address` varchar(45) DEFAULT NULL,
  `reading` text,
  `created_at` date DEFAULT NULL,
  `updated_at` date DEFAULT NULL,
  `status` int(11) DEFAULT '1',
  PRIMARY KEY (`id`) USING BTREE
) ENGINE=InnoDB DEFAULT CHARSET=utf8 ROW_FORMAT=COMPACT;
/*!40101 SET character_set_client = @saved_cs_client */;

--
-- Dumping data for table `readings`
--

LOCK TABLES `readings` WRITE;
/*!40000 ALTER TABLE `readings` DISABLE KEYS */;
/*!40000 ALTER TABLE `readings` ENABLE KEYS */;
UNLOCK TABLES;

--
-- Table structure for table `reminder`
--

DROP TABLE IF EXISTS `reminder`;
/*!40101 SET @saved_cs_client     = @@character_set_client */;
/*!40101 SET character_set_client = utf8 */;
CREATE TABLE `reminder` (
  `id` int(11) NOT NULL AUTO_INCREMENT,
  `title` varchar(45) DEFAULT NULL,
  `location` varchar(45) DEFAULT NULL,
  `start` bigint(20) DEFAULT NULL,
  `end` bigint(20) DEFAULT NULL,
  `all_day` int(11) DEFAULT NULL,
  `repeat` int(11) DEFAULT NULL,
  `description` text,
  `patient_id` int(10) unsigned NOT NULL,
  `user_id` int(11) NOT NULL,
  `entity_id` int(11) DEFAULT NULL,
  `created_at` bigint(20) DEFAULT NULL,
  `updated_at` bigint(20) DEFAULT NULL,
  `status` int(11) DEFAULT '1',
  `RecurrenceRule` varchar(100) DEFAULT NULL,
  `finnish` tinyint(4) DEFAULT '0',
  PRIMARY KEY (`id`) USING BTREE,
  KEY `fk_reminder_patient1_idx` (`patient_id`) USING BTREE,
  KEY `fk_reminder_user1_idx` (`user_id`) USING BTREE,
  CONSTRAINT `fk_reminder_patient1` FOREIGN KEY (`patient_id`) REFERENCES `patient` (`id`),
  CONSTRAINT `fk_reminder_user1` FOREIGN KEY (`user_id`) REFERENCES `user` (`id`)
) ENGINE=InnoDB AUTO_INCREMENT=17 DEFAULT CHARSET=utf8 ROW_FORMAT=COMPACT;
/*!40101 SET character_set_client = @saved_cs_client */;

--
-- Dumping data for table `reminder`
--

LOCK TABLES `reminder` WRITE;
/*!40000 ALTER TABLE `reminder` DISABLE KEYS */;
INSERT INTO `reminder` VALUES (2,'Lembrete pes ',NULL,1672941600000,1673375400000,0,NULL,NULL,59,184,48,1672831464133,1672831464133,1,NULL,0),(3,'tomar medicaçao',NULL,1684710000000,1684796400000,1,NULL,NULL,59,184,48,1684756128070,NULL,1,NULL,0),(4,'Consulta',NULL,1687161600000,1687237200000,0,NULL,NULL,78,184,48,1687184816704,1687184816704,1,NULL,0),(5,'Teste ao sistema SINO Lembrete ',NULL,1687989600000,1687991400000,0,NULL,'Te',59,184,48,1687981786049,NULL,1,NULL,0),(6,'jjjj',NULL,1687827600000,1687914000000,1,NULL,NULL,56,182,46,1688078506707,NULL,1,NULL,0),(7,'Teste Lembrete',NULL,1688137200000,1688139000000,0,NULL,'Lembrete Teste',59,184,48,1688129106676,NULL,1,NULL,0),(8,'Lembrete TESTE 2',NULL,1688151600000,1688153400000,0,NULL,'Lembrete Teste 2',59,184,48,1688147621048,NULL,1,NULL,0),(9,'Add title',NULL,1688338800000,1688425200000,1,NULL,NULL,78,184,48,1688394101715,NULL,1,NULL,0),(10,'Add title',NULL,1697727600000,1697729400000,0,NULL,NULL,78,184,48,1697715359903,1697715359903,1,NULL,0),(11,'Add title',NULL,1697702400000,1697704200000,0,NULL,NULL,78,184,48,1697711628834,NULL,1,NULL,0),(12,'Tomar medicação',NULL,1697756400000,1697842800000,1,NULL,NULL,78,184,48,1697716158545,NULL,1,NULL,0),(13,'Tomar medicação',NULL,1697821200000,1697823000000,0,NULL,NULL,78,184,48,1697716207115,NULL,1,NULL,0),(14,'Add title',NULL,1709289000000,1709290800000,0,NULL,'https://forms.gle/dbykeaZ1ypsYmvTT7\n',59,184,48,1709289609919,NULL,1,NULL,0),(15,'Fisioterapia de mao',NULL,1721552400000,1721554200000,0,NULL,'Teste com 24h de marcação separada',59,184,48,1721511798342,NULL,1,NULL,0),(16,'Teste do Pe ','Alges',1721512800000,1721514600000,0,NULL,'Apoio ao cliente ',59,184,48,1721511834729,NULL,1,NULL,0);
/*!40000 ALTER TABLE `reminder` ENABLE KEYS */;
UNLOCK TABLES;

--
-- Table structure for table `responsable_has_patient`
--

DROP TABLE IF EXISTS `responsable_has_patient`;
/*!40101 SET @saved_cs_client     = @@character_set_client */;
/*!40101 SET character_set_client = utf8 */;
CREATE TABLE `responsable_has_patient` (
  `id` int(11) NOT NULL AUTO_INCREMENT,
  `pin` int(10) unsigned NOT NULL,
  `email` varchar(45) NOT NULL,
  `patient_id` int(10) unsigned NOT NULL,
  `responsable_id` int(11) NOT NULL,
  `pin_hash` varchar(255) NOT NULL,
  `status` int(11) DEFAULT '1',
  `created_at` bigint(20) NOT NULL,
  `updated_at` bigint(20) DEFAULT NULL,
  PRIMARY KEY (`id`) USING BTREE,
  KEY `patient_idx` (`patient_id`) USING BTREE,
  KEY `user_idx` (`responsable_id`) USING BTREE,
  CONSTRAINT `patient` FOREIGN KEY (`patient_id`) REFERENCES `patient` (`id`)
) ENGINE=InnoDB AUTO_INCREMENT=46 DEFAULT CHARSET=utf8 ROW_FORMAT=COMPACT;
/*!40101 SET character_set_client = @saved_cs_client */;

--
-- Dumping data for table `responsable_has_patient`
--

LOCK TABLES `responsable_has_patient` WRITE;
/*!40000 ALTER TABLE `responsable_has_patient` DISABLE KEYS */;
INSERT INTO `responsable_has_patient` VALUES (37,1234,'9117673@kapa.com',56,302,'$2b$10$KFzC6s1fb21pIrdyRG.6Veu#OBalFIN.yrWGVHSyVqVJdP9SZaKpS',-1,1669897656084,NULL),(38,123456,'9117673@gmail.com',56,212,'$2b$10$6zPd#JKbGUqJojAprs6AAe0zkinEJs#3i#tv9aVaNsgcmwj4#RHPe',1,1669897903557,NULL),(39,170133,'5117673@gmail.com',56,303,'$2b$10$mwI193V6yEPz6B.VU#OgqO4#DG#ACMcpfbuS9T#O5yFkmZfQGk.6O',-1,1670238759756,NULL),(40,1234567890,'9117673@gmail.com',56,212,'$2b$10$BlvGKuWm7#7XUYpVm6LB4.icER04TJwe50KwRxzmjFnhFmujs.7EO',1,1671231315311,NULL),(41,1234567890,'9117673@gmail.com',56,212,'$2b$10$GXFgcyj23gjofABcqZ3a7unI532AjuXoNWBdz2Ckt#vu.tuAPK5kW',1,1671231857396,NULL),(42,1234567890,'9117673@gmail.com',56,212,'$2b$10$zaPm0I#d#0FHQzU0CPj4SenczwbUiDHOCJZPR8gmGZV24#WYUtrDO',1,1671232230388,NULL),(43,1234,'9117673@gmail.com',56,212,'$2b$10$64vo5SqGz2kLb1Fod8KUw.KCj2RoI2QTpPIdSSfHMh20e4FjgX#He',1,1671387069813,NULL),(44,1234,'9117673@gmail.com',56,212,'$2b$10$V5th9T.LmkJpdORpS3wglO966DpesUX8dmH3vGnF#TDViLjxB7ex.',1,1671387362803,NULL),(45,1234,'anafilipalusitano@gmail.com',78,318,'$2b$10$dcuxajAmoIFIURr7FtrtP.RFOcWRA3XC5eiwzbTNMdOS3XdMQH1Ly',1,1698064556870,NULL);
/*!40000 ALTER TABLE `responsable_has_patient` ENABLE KEYS */;
UNLOCK TABLES;

--
-- Table structure for table `roles`
--

DROP TABLE IF EXISTS `roles`;
/*!40101 SET @saved_cs_client     = @@character_set_client */;
/*!40101 SET character_set_client = utf8 */;
CREATE TABLE `roles` (
  `id` int(11) NOT NULL AUTO_INCREMENT,
  `created_at` bigint(20) DEFAULT NULL,
  `updated_at` bigint(20) DEFAULT NULL,
  `status` int(11) DEFAULT '1',
  `url` varchar(45) DEFAULT NULL,
  `roles_id` int(11) DEFAULT NULL,
  PRIMARY KEY (`id`) USING BTREE,
  KEY `fk_roles_roles1_idx` (`roles_id`) USING BTREE,
  CONSTRAINT `fk_roles_roles1` FOREIGN KEY (`roles_id`) REFERENCES `roles` (`id`)
) ENGINE=InnoDB DEFAULT CHARSET=utf8 ROW_FORMAT=COMPACT;
/*!40101 SET character_set_client = @saved_cs_client */;

--
-- Dumping data for table `roles`
--

LOCK TABLES `roles` WRITE;
/*!40000 ALTER TABLE `roles` DISABLE KEYS */;
/*!40000 ALTER TABLE `roles` ENABLE KEYS */;
UNLOCK TABLES;

--
-- Table structure for table `scales`
--

DROP TABLE IF EXISTS `scales`;
/*!40101 SET @saved_cs_client     = @@character_set_client */;
/*!40101 SET character_set_client = utf8 */;
CREATE TABLE `scales` (
  `id` int(11) NOT NULL AUTO_INCREMENT,
  `name` varchar(255) NOT NULL,
  `status` int(11) DEFAULT '1',
  `user_id` int(11) NOT NULL,
  `createdAt` datetime NOT NULL,
  `updatedAt` datetime DEFAULT NULL,
  `deletedAt` datetime DEFAULT NULL,
  PRIMARY KEY (`id`),
  KEY `user_id` (`user_id`),
  CONSTRAINT `scales_ibfk_1` FOREIGN KEY (`user_id`) REFERENCES `user` (`id`)
) ENGINE=InnoDB AUTO_INCREMENT=3 DEFAULT CHARSET=utf8;
/*!40101 SET character_set_client = @saved_cs_client */;

--
-- Dumping data for table `scales`
--

LOCK TABLES `scales` WRITE;
/*!40000 ALTER TABLE `scales` DISABLE KEYS */;
INSERT INTO `scales` VALUES (1,'Standard',1,5,'2023-05-15 21:49:16',NULL,NULL),(2,'Personalizada',1,184,'2023-06-24 15:43:32','2023-06-24 15:43:32',NULL);
/*!40000 ALTER TABLE `scales` ENABLE KEYS */;
UNLOCK TABLES;

--
-- Table structure for table `status_measurement`
--

DROP TABLE IF EXISTS `status_measurement`;
/*!40101 SET @saved_cs_client     = @@character_set_client */;
/*!40101 SET character_set_client = utf8 */;
CREATE TABLE `status_measurement` (
  `id` int(11) NOT NULL AUTO_INCREMENT,
  `range_year` varchar(45) DEFAULT NULL,
  `type` varchar(45) DEFAULT NULL,
  `range_value` varchar(45) DEFAULT NULL,
  `color` varchar(45) DEFAULT NULL,
  `range_height` varchar(45) DEFAULT NULL,
  `name` varchar(45) DEFAULT NULL,
  `is_sendentary` int(11) DEFAULT NULL,
  `created_at` datetime DEFAULT NULL,
  `updated_at` datetime DEFAULT NULL,
  `status` int(11) DEFAULT '1',
  PRIMARY KEY (`id`) USING BTREE
) ENGINE=InnoDB AUTO_INCREMENT=41 DEFAULT CHARSET=utf8 ROW_FORMAT=COMPACT;
/*!40101 SET character_set_client = @saved_cs_client */;

--
-- Dumping data for table `status_measurement`
--

LOCK TABLES `status_measurement` WRITE;
/*!40000 ALTER TABLE `status_measurement` DISABLE KEYS */;
/*!40000 ALTER TABLE `status_measurement` ENABLE KEYS */;
UNLOCK TABLES;

--
-- Table structure for table `supplier`
--

DROP TABLE IF EXISTS `supplier`;
/*!40101 SET @saved_cs_client     = @@character_set_client */;
/*!40101 SET character_set_client = utf8 */;
CREATE TABLE `supplier` (
  `contact_id` int(11) DEFAULT NULL,
  `id` int(11) NOT NULL AUTO_INCREMENT,
  `name` varchar(100) DEFAULT NULL,
  `nif` varchar(15) DEFAULT NULL,
  `code` varchar(45) DEFAULT NULL,
  `email` varchar(45) DEFAULT NULL,
  `address_id` int(11) NOT NULL,
  `obs` text,
  `created_at` bigint(20) DEFAULT NULL,
  `updated_at` bigint(20) DEFAULT NULL,
  `status` int(11) DEFAULT '1',
  PRIMARY KEY (`id`,`address_id`) USING BTREE,
  KEY `fk_supplier_address1_idx` (`address_id`) USING BTREE,
  KEY `supplier_FK` (`contact_id`) USING BTREE,
  CONSTRAINT `supplier_FK` FOREIGN KEY (`contact_id`) REFERENCES `contact` (`id`)
) ENGINE=InnoDB AUTO_INCREMENT=2 DEFAULT CHARSET=utf8 ROW_FORMAT=COMPACT;
/*!40101 SET character_set_client = @saved_cs_client */;

--
-- Dumping data for table `supplier`
--

LOCK TABLES `supplier` WRITE;
/*!40000 ALTER TABLE `supplier` DISABLE KEYS */;
/*!40000 ALTER TABLE `supplier` ENABLE KEYS */;
UNLOCK TABLES;

--
-- Table structure for table `user`
--

DROP TABLE IF EXISTS `user`;
/*!40101 SET @saved_cs_client     = @@character_set_client */;
/*!40101 SET character_set_client = utf8 */;
CREATE TABLE `user` (
  `id` int(11) NOT NULL AUTO_INCREMENT,
  `first_name` varchar(245) DEFAULT NULL,
  `last_name` varchar(245) DEFAULT NULL,
  `email` varchar(50) NOT NULL,
  `password` varchar(255) DEFAULT NULL,
  `password_reset_token` varchar(255) DEFAULT NULL,
  `born_date` varchar(45) DEFAULT NULL,
  `gg_userid` varchar(45) DEFAULT NULL,
  `fb_userid` varchar(45) DEFAULT NULL,
  `ap_userid` varchar(45) DEFAULT NULL,
  `nif` varchar(15) DEFAULT NULL,
  `status` int(11) DEFAULT '1',
  `code` varchar(255) DEFAULT NULL,
  `gender` varchar(45) DEFAULT NULL,
  `profissional_certificate` varchar(100) DEFAULT NULL,
  `profission_id` int(11) DEFAULT NULL,
  `contact_id` int(11) DEFAULT NULL,
  `address_id` int(11) DEFAULT NULL,
  `entity_id` int(11) DEFAULT NULL,
  `created_at` bigint(20) DEFAULT NULL,
  `updated_at` bigint(20) DEFAULT NULL,
  `image` text,
  PRIMARY KEY (`id`) USING BTREE,
  UNIQUE KEY `id_UNIQUE` (`id`) USING BTREE,
  UNIQUE KEY `email_UNIQUE` (`email`) USING BTREE,
  KEY `fk_user_entity1_idx` (`entity_id`) USING BTREE,
  KEY `fk_user_profission1_idx` (`profission_id`) USING BTREE,
  KEY `user_FK_1` (`contact_id`) USING BTREE,
  CONSTRAINT `fk_user_entity1` FOREIGN KEY (`entity_id`) REFERENCES `entity` (`id`),
  CONSTRAINT `fk_user_profission1` FOREIGN KEY (`profission_id`) REFERENCES `profission` (`id`),
  CONSTRAINT `user_FK_1` FOREIGN KEY (`contact_id`) REFERENCES `contact` (`id`)
) ENGINE=InnoDB AUTO_INCREMENT=328 DEFAULT CHARSET=utf8 ROW_FORMAT=COMPACT;
/*!40101 SET character_set_client = @saved_cs_client */;

--
-- Dumping data for table `user`
--

LOCK TABLES `user` WRITE;
/*!40000 ALTER TABLE `user` DISABLE KEYS */;
INSERT INTO `user` VALUES (5,'Rui','Carvalho','rui.carvalho@bclose.pt','$2b$08$Gm9uU2d7lIVbTdqDSOIiiO8vAwWvd2KxtZZFB055bMQZ2j6bUqI.e','bHHjJKcLFKWqKCD','1990-03-13',NULL,NULL,NULL,'210477130',1,'$2b$08$p.DwVoTQvBlkWVUHZsVyKebKcv6aPcIonCqwDja89DALQg7gWqX.a','Masculino',NULL,1,1,1,1,1628776371375,1632050216432,'http://bhealthpro.bclose.pt/bclose.pt/api/uploads/files/1632050215228_Screen Shot 2021-09-19 at 10.16.39.png'),(180,'Ivandro ','Ribeiro ','ivandroribeiro@bonako.com','$2b$08$//9npYbOgmLiRDQkb0ReIebai35J3OH/UamvZAKYnhaPy3wpzAypa',NULL,'03/04/1984',NULL,NULL,NULL,'210477130',1,'XxaTb2sx','M','',1,104,101,46,1632229270442,1632229650267,'http://bhealthpro.bclose.pt/bclose.pt/api/uploads/files/1632229645223_Tatiana_Kruz.png'),(181,'sdssd','assa','cnv64714@yuoia.com','$2b$08$7AE3620G1Fv9SmGk894AA.aedLv072/.KqklV7giM1GUK.IiklH7W','LUutPzlBEwK6VRr','22/09/2021',NULL,NULL,NULL,'210477130',1,'TvWhFTQM','M',NULL,NULL,162,161,NULL,1632229292146,1632741462103,NULL),(182,'Ivandro Médico ','CV','ivandrodebarros@gmail.com','$2b$08$XhD/wuWXHuCmsCcecLDWLue1J3XgrAwUIO7Z4GuiJQpNIZkIjzPPW',NULL,'07/14/1999',NULL,NULL,NULL,'210477130',1,'lUkF1kqm','M','',5,105,102,46,1632229789498,1633020729082,'http://bhealthpro.bclose.pt/bclose.pt/api/uploads/files/1633020728615_5d9704d04880fprofile.jpg'),(183,'Master Bclose CV','Teste','bhealth@bclose.pt','$2b$08$gr/mO.6OHIUkV1yC7IvH3u46JiD1Un5.E3Ps/EMuZvV4dQMRlmyf.','piCMLjWVx8v6LvF','09/01/2021',NULL,NULL,NULL,'210477130',1,'pkP8GfLJ','M','25142141256',1,107,104,47,1632232371790,1632750932898,'http://bhealthpro.bclose.pt/bclose.pt/api/uploads/files/1632750932798_Logo-Bclose-2-e1449230128909.png'),(184,'Francisca ','Santos ','comunicacao@bclose.pt','$2b$08$TibsqxXwQE7tkgBzdjiWO.Mg5qw.qni02.Lm3xHNcmNh6of8DV4d.',NULL,'09/05/2021',NULL,NULL,NULL,'210477130',1,'5pWKLLbd','F','3623547',5,109,106,48,1632232523517,1632477120487,NULL),(185,'Rui','Carvalho','rui.carvalho@hectacom.pt','$2b$08$jKBxMGtVwrZnsBqeb7I/re15IrFiK9UigKxyzoDGOUXK2528J6J..','rzfTh1oydb9oL9l','2/6/1974','116276568633849026024',NULL,NULL,'210477130',1,'uKXTeeCN','F',NULL,NULL,183,182,NULL,1632232853842,1721742202526,'user_1721742202500.jpg'),(186,'Cuidador',NULL,'rui.carvalho@madeirainvestment.org','$2b$08$FoyDlTtj2h8mmly68DoA/eGa3lhyCfwX3VLiSpapaz3FEoGDoIppW',NULL,NULL,NULL,NULL,NULL,NULL,1,'uBKZQF3j',NULL,NULL,5,NULL,NULL,49,1632234627687,NULL,NULL),(187,'Susy ','Castro ','suy@test.com',NULL,NULL,'09/06/2021',NULL,NULL,NULL,'210477130',-1,'rFwhaBYz','M','3232',1,112,109,50,1632236511594,NULL,NULL),(188,'Cuidador',NULL,'datika6235@secbuf.com','$2b$08$Bw3mqyYpm40Iw3Wv.g8TJuKuaGL.MHYEU3Bn.4nWjRCFAFa/EAKKC',NULL,NULL,NULL,NULL,NULL,NULL,1,'TYHRh1Gy',NULL,NULL,5,NULL,NULL,51,1632240892814,NULL,NULL),(192,'Teste2','3','fbc71431@yuoia.com','$2b$08$lrN.isjX/BdP/LH7gQ0XaebSYAHTXHtjjU4TglanbJK6Ga/3A.2ti',NULL,'14/09/2021',NULL,NULL,NULL,'210477130',1,'HUF8RMTn','M','',5,116,113,48,1632248816753,1632261966516,NULL),(194,'dssddd','sasdds','aaw92819@yuoia.com','$2b$08$wne/5XadDmc5MqE9B50paOCaQo2mI3lIbOKeu29nKoUMvwcWAFFxW',NULL,'15/09/2021',NULL,NULL,NULL,'210477130',1,'jmAwO6Sq','M','',1,119,116,52,1632249739898,NULL,NULL),(196,'asaasas','saasas','ass05467@yuoia.com',NULL,NULL,'29/09/2021',NULL,NULL,NULL,'210477130',-1,'f1we85Pw','M','',5,122,119,53,1632249948146,NULL,NULL),(198,'sasasa','4545','yur16763@yuoia.com',NULL,NULL,'08/09/2021',NULL,NULL,NULL,'210477130',-1,'Z7r5OnZU','M','',5,124,121,52,1632250321150,NULL,NULL),(199,'roverto','okokko','ro@gmail.com','$2b$08$4Gu4WZVMwZd5tvgS1giYg.4n34rxWF7h8i8wJavChqfm.Bcbedd1i',NULL,'15/09/2021',NULL,NULL,NULL,'210477130',1,'uJc1B8TT','M',NULL,NULL,126,123,NULL,1632312175521,1632319193904,NULL),(200,'Cuidador','okok','xomoce4756@tinilalo.com','$2b$08$wdSL5oMJ1zZnBS9K6xK9X.UXDd6adspjW3PLrYr4SN4OoTlb5M0RK',NULL,'21/09/2021',NULL,NULL,NULL,'210477130',1,'QikgnNhr','M',NULL,5,NULL,124,54,1632312250014,1632325704798,NULL),(201,'Cuidador',NULL,'cojike2579@timevod.com',NULL,NULL,NULL,NULL,NULL,NULL,NULL,1,'dC7d8kf6',NULL,NULL,5,NULL,NULL,55,1632330072946,NULL,NULL),(202,'Muska Boss','Boss','poconi1771@timevod.com','$2b$08$Uxs2L.9Oxl377nwY6VELsu1FQ3D7MD2/PUWlLftmzsv9PxyIC6UAi',NULL,'11/25/2021',NULL,NULL,NULL,'210477130',1,'hUupdEd2','M','',1,127,125,56,1632359854497,NULL,NULL),(203,'medico Muska','queiros','cicey56497@vefblogg.com','$2b$08$aEdzRuF3f8AckcwkKx8QjOwvYwi.h7Cxkbj53vGmHKUYXym3fAmMO',NULL,'09/21/2021',NULL,NULL,NULL,'210477130',1,'SVufL291','M','',5,128,126,56,1632361089394,1632495891597,NULL),(204,'Cuidador',NULL,'pafosi4319@soulsuns.com',NULL,NULL,NULL,NULL,NULL,NULL,NULL,1,'3W9CQREU',NULL,NULL,5,NULL,NULL,57,1632405021794,NULL,NULL),(205,'Cuidador',NULL,'fipira1601@secbuf.com',NULL,NULL,NULL,NULL,NULL,NULL,NULL,1,'7Xi6qV5V',NULL,NULL,5,NULL,NULL,58,1632405182376,NULL,NULL),(206,'dslds','ksmkmsa','dvh10930@yuoia.com',NULL,'gb2LlCsmoTIXRr4','08/09/2021',NULL,NULL,NULL,'210477130',-1,'1KD61Ffd','F',NULL,NULL,132,130,NULL,1632408148105,1632411772953,NULL),(207,'Teste','20','vlh80390@yuoia.com',NULL,'KfsIs5GHP3ya8Wy','01/09/2021',NULL,NULL,NULL,'210477130',-1,'sA6ZVaTZ','M',NULL,NULL,133,131,NULL,1632408458676,NULL,NULL),(208,'Cuidador',NULL,'nawin97323@timevod.com','$2b$08$wdSL5oMJ1zZnBS9K6xK9X.UXDd6adspjW3PLrYr4SN4OoTlb5M0RK','otdsNt8HIinXWid',NULL,NULL,NULL,NULL,NULL,1,'hdqMenn9',NULL,NULL,5,NULL,NULL,59,1632411884203,NULL,NULL),(209,'teste','casas','qio51246@yuoia.com','$2b$08$wdSL5oMJ1zZnBS9K6xK9X.UXDd6adspjW3PLrYr4SN4OoTlb5M0RK','CHmLZcesLUTn3od','22/09/2021',NULL,NULL,NULL,'210477130',1,'leRPMSqx','M','',1,134,132,1,1632411940281,NULL,NULL),(210,'Teste','ok','ftc63177@yuoia.com','$2b$08$LwDs8XAozhl7xEMpMsYF/OKhzfqIKNOD3kzhFw.k6.8c0OeivnsLW','Oopc91eafuqWwxP','21/09/2021',NULL,NULL,NULL,'210477130',1,'HZU00gC8','M','',1,135,133,1,1632413073237,NULL,NULL),(211,'Cuidador','ok','rre19924@yuoia.com','$2b$08$PN.F09C8xx/et/08U3bimemMtPm3fU4dQCiCemmg4UOIZhHfjZuim','wB5uAXyX7BrdMn8','09/22/2021',NULL,NULL,NULL,'210477130',1,'0ifSr9PA','M',NULL,5,NULL,134,60,1632413541218,1632413687855,NULL),(212,'Alberto','Ribeiro','9117673@gmail.com','$2b$08$dHkGC.VWuw823mtqBHp/D.rKt6H1Yc6/0IRg04kADmB8NbkCwa0IW','nRVkplIHhMjrHsM','01/08/1886','123456789',NULL,NULL,'117013315',1,'8k69EC8k','M',NULL,NULL,208,207,64,1632413567883,1723227109289,''),(214,'Alberto','Santos','foroh77729@secbuf.com','$2b$08$1T174aAIgPw3VEPgbgPmvO8juewqf74LlX9E3IafvE60Jbv05IEwy','aSQqerEyeiC1v0y',NULL,NULL,NULL,NULL,NULL,1,'nouZVa3N',NULL,NULL,NULL,NULL,NULL,NULL,1632429066873,NULL,NULL),(223,'MAtias ','baerrato ','cicey56497@vefblogg.co',NULL,'q8V8hYLft5efmaI','07/09/2021',NULL,NULL,NULL,'210477130',-1,'hwoVfCoy','M','',1,146,145,56,1632493005701,NULL,NULL),(226,'Teste','Teste','yinace6531@timevod.com','$2b$08$Dr7MoUxoaVRFfzUPKSNIvOpg3ADgu70ZbXrlXJiyV.vQ5k/FKswIi','0GafSlmZJybaEKF','28/09/2021',NULL,NULL,NULL,'210477130',1,'25p09VVr','M','213',1,149,148,62,1632495138880,NULL,NULL),(228,'Roberto','Centeio','foroh77729@secbuf2.com','$2b$08$vNxbkd.3p9FB8lryUG7usOJw8x9fPgU4hhLqQXUIH6g521tZxG4oG','wigIIBHY4PsLKaR','1990/03/13',NULL,NULL,NULL,'12355678976',1,'o9t66gnh','M',NULL,NULL,NULL,NULL,NULL,1632565333196,1632745721032,'base64'),(230,'Pedro','Lima','bhealth@bclose.p',NULL,'VSnik9MaWMtok3T','21/09/2021',NULL,NULL,NULL,'210477130',-1,'WOzfDqL7','M','',1,152,151,62,1632574776164,NULL,NULL),(232,'Ivandro','Ribeiro ','sikavix868@tinilalo.com','$2b$08$4kHirc0Vm.rE/xPZEwXkNO.YU.gc/lh0hzFb7YJ9oiVGXLQ/5TxBW','JD6z8AGf3DuF4Qy','22/09/2021',NULL,NULL,NULL,'210477130',0,'uiTThCSm','M','',1,154,153,1,1632575404865,NULL,NULL),(235,'Ivandro ','Ribeiro ','sikavix868@tinilalo.co',NULL,'0hxe0nLO4Q0BpLL','16/09/2021',NULL,NULL,NULL,'210477130',-1,'jm7DIPwu','M','',5,157,156,61,1632576083497,NULL,NULL),(236,'Alberto','k2','Albertok212345@bclose.pt','$2b$08$10w4HtvjrxP5.BQiWMNcb.hPrXWoLNpS6x3OsYPkZyS0VusTCupu6','6X6XfGpUnmjvRoq',NULL,NULL,NULL,NULL,NULL,-1,'bycB0cnG',NULL,NULL,NULL,NULL,NULL,NULL,1632590489647,NULL,NULL),(238,'dds','aa','lfq91884@yuoia.com',NULL,'3HzUH3JTlQdeIta','28/09/2021',NULL,NULL,NULL,'210477130',-1,'7rY5lvxR','M','',1,159,158,66,1632604453777,NULL,NULL),(240,'ko','sa','xuc26380@yuoia.com',NULL,'wJQMiLRgbR9SADH','16/09/2021',NULL,NULL,NULL,'210477130',-1,'eo4n8t4I','M','',1,161,160,68,1632605215703,NULL,NULL),(248,'Bruno','Castanheira','bhealth@blose.pt',NULL,'14rswlSIxiO1yoQ','24/05/1996',NULL,NULL,NULL,'123456789',0,'WgA4hRjW','M','',1,169,168,47,1632744797712,1632745117046,NULL),(249,'Roberto Carlos','Barros','robertocenteio7@gmail.com',NULL,'g4sHufhnRFSRrzo','08/09/2021','103561176705950144566',NULL,NULL,'210477130',1,'NPsM8bsv','M',NULL,NULL,170,169,NULL,1632745289060,1632747301458,NULL),(256,'Teste','cdsds','cnv64714@yuoia.com1',NULL,'cIvL4JWeCNSuAPD','29/09/2021',NULL,NULL,NULL,'210477130',-1,'9bSPAbyP','M','',1,178,177,67,1632760718554,NULL,NULL),(257,'sds','sdds','cnv64714@yuoia.com2',NULL,'9QWeXZpBbwRMSal','16/09/2021',NULL,NULL,NULL,'210477130',-1,'dNJblSgY','M','',7,179,178,61,1632760811618,NULL,NULL),(258,'Ana','','isacarneiro@gmail.com','$2b$08$UPx4ZYAdSQVkycSHuDjIteNTK/vPSef07S9KdTmDluncEEuxTnJS.','TMZndPYGTDAZZnL','1/5/1976','108328766872784789780',NULL,NULL,'211309095',1,'PdEGRPkb','F',NULL,NULL,185,184,NULL,1632934828789,1681825992129,'user_1681825992092.jpg'),(259,'Joao','','Joao1212@bclose.pt','$2b$08$3t7CzhauNkt6TEsXZF91s.Tyy8W6M3onX1QUrYMQz8Lw52KzDngdy','c59QlirVHBBdhVh',NULL,NULL,NULL,NULL,NULL,-1,'ssbCvjvt',NULL,NULL,NULL,NULL,NULL,NULL,1634742685118,NULL,NULL),(261,'k4','','k41234@bclose.pt','$2b$08$PHADO55Kl/MtiI40S68jo.z5tYsYK0T.//2xJtr0u.oNEv4goyr8W','aTvNcl33rUgyi3H',NULL,NULL,NULL,NULL,NULL,-1,'Ps2yHAU2',NULL,NULL,NULL,NULL,NULL,NULL,1634743962857,NULL,NULL),(262,'Maitê','','maite.daluz11@gmail.com','$2b$08$opdZhSSCbChQUdFSow8ixu3vLkoCYm30V8QO.7jhpUAHVOydbH0cK','nnvj5naqsMff0cb',NULL,NULL,NULL,NULL,NULL,-1,'SijsSlyE',NULL,NULL,NULL,NULL,NULL,NULL,1634936646856,NULL,NULL),(263,'ijijijij','ijij','sadssd@asas.com',NULL,'rOWcBvRLt0Yn0Cd','09/08/2022',NULL,NULL,NULL,'123456789',-1,'KJawFHWp','M',NULL,NULL,180,179,NULL,1659441423746,NULL,NULL),(264,'Joaquina Monteiro','','monteirojoaquina22@gmail.com',NULL,'aw9NlIv17dua7c9',NULL,'110001621672178401776',NULL,NULL,NULL,1,'TsU3XCUX',NULL,NULL,NULL,NULL,NULL,NULL,1659789676844,NULL,NULL),(265,'Kelly Tavares','','sandrakelly511@gmail.com',NULL,'4AbgqtlnnZQ6dsy',NULL,'113682767776632645820',NULL,NULL,NULL,1,'7jPRH1Xs',NULL,NULL,NULL,NULL,NULL,NULL,1660235702608,NULL,NULL),(266,'Perfeqt ','Portugal','portugal@perfeqt.co','$2b$08$vUPCGqGF2uJQLrG1xAw4i.d5jlWzWIjXfnezrMqCAv4YFHZdWmRCq','4QgJrHNxCBZQgSl','02/08/2022',NULL,NULL,NULL,'210477130',-1,'pHImJlWK','M',NULL,NULL,182,181,NULL,1661354937492,1661355921411,NULL),(267,'tech.bonako','','tech.bonako@bclose.pt','$2b$08$vgd6wEHgGuIRz.op3Vj86.7s2/PN7iLh6QrmoO1CiZr.7q3cDHOIy','Brgp6PshGjxjgq7',NULL,NULL,NULL,NULL,NULL,1,'WKYHEWyE',NULL,NULL,NULL,NULL,NULL,NULL,1661428555059,NULL,NULL),(268,'temp','user','rekok24889@vpsrec.com','$2b$08$xTPA7mL/pMaDX6mC69YZ/O4swtyg2ajelgKMNjCh7ArdOK2OTK0QO','9BrqeD1CfpplcaV',NULL,NULL,NULL,NULL,NULL,1,'NAO7gVMO',NULL,NULL,NULL,NULL,NULL,NULL,1661463144242,NULL,NULL),(269,'user','','luis.descontel@gmail.com','$2b$08$Jw6HD9Kivd0hJ.A/BzwcVuRnLDWq35so0AJ7Tn7xNSxMoUUbffzO.','jKGkqCQPGNm9ptx',NULL,NULL,NULL,NULL,NULL,-1,'BnpxN0yA',NULL,NULL,NULL,NULL,NULL,NULL,1664460839509,NULL,NULL),(270,'maria','','maria.carvalho@bclose.pt','$2b$08$FB6SkPxOLKnGuQrRBXNzX.q/IcwO.jutH09ZEZPUvmyPPlbabgKc6','jj2lVIVe1haeTMs','16/12/1971','109351860665040821029',NULL,NULL,'203584120',1,'BAaH7ifg','F',NULL,NULL,184,183,NULL,1664879094984,1672265548994,''),(271,'gg','','gg4578@bclose.pt','$2b$08$PpolXIvfgNQSsIxHzO4HO.Ycjv6JuHwuZCgrqK2YCbljuPAIBusCO','sv7eWIXhth44lyb',NULL,NULL,NULL,NULL,NULL,-1,'z3YclNt6',NULL,NULL,NULL,NULL,NULL,NULL,1665057393919,NULL,NULL),(272,'comunicacao@bclose.pt','','comunicacao@bclose.pt123456@bclose.pt','$2b$08$E026akXvw.VcnPIpz8NY7eR0AJnkA/TwGtD4nYDza/R77G/dO4J2S','KVmCxxPrPCyEzfE',NULL,NULL,NULL,NULL,NULL,-1,'C3drHtEb',NULL,NULL,NULL,NULL,NULL,NULL,1665057480251,NULL,NULL),(296,'tech','','tech@bclose.pt','$2b$08$VOLW7fAO9ms.awo0ubxJ..k0l7i41zQfCuhl8V8I30qmmwmFdFAUO','kzjgXVwAj9DaxSm',NULL,NULL,NULL,NULL,NULL,-1,'HVUuXjzO',NULL,NULL,NULL,NULL,NULL,NULL,1665488233870,NULL,NULL),(297,'Susana','','susana_palma@me.com','$2b$08$bLPVeukGrHYt4vPNi83kLufSEPTZKb5how94yE1BjOvjzlKoTcaAy','efYIYW2ETE23l08','7/12/1982',NULL,NULL,NULL,NULL,1,'SrLWC2u3','F',NULL,NULL,NULL,NULL,NULL,1665516504816,1666124523487,'user_1666124523484.jpg'),(299,'Admilson','','recer31799@imdutex.com','$2b$08$aF7pRTiosbJ4vk2iArViNOKJaqwW.ZkduhOM/hdO6w53jhzATC41K','7IuVGha0uQzABV8','19/1/1970',NULL,NULL,NULL,NULL,1,'FjZ0OGN6','M',NULL,NULL,NULL,NULL,NULL,1666016552561,1670532862180,'user_1670532862171.jpg'),(300,'Miguel','Barreira','m.barreira@gmail.com','$2b$08$bLXpbRO1RPupbMO604ICh.NI5h94xqHNMg9xuBB9m2f38IPJkpnRS','10ippR5QOf9SjbQ','4/10/1966',NULL,NULL,NULL,NULL,1,'Umc5rGjV','M',NULL,NULL,NULL,NULL,NULL,1666429917942,1666430005455,''),(302,'Cuidador',NULL,'9117673@kapa.com',NULL,'LQmJG8qNCygKhD0',NULL,NULL,NULL,NULL,NULL,1,'LzQKt8oC',NULL,NULL,5,NULL,NULL,70,1669897656066,NULL,NULL),(303,'Cuidador',NULL,'5117673@gmail.com',NULL,'vI5b8uKHv0fox4N',NULL,NULL,NULL,NULL,NULL,1,'nGU2RnyN',NULL,NULL,5,NULL,NULL,71,1670238759739,NULL,NULL),(304,'tatata','','tatata82828@bclose.pt','$2b$08$7MTq/SBqgq4w35rveUdV/e7UQaXXoPA3gaQ2//VR55Ps4SLqkWqqq','pKAiqsKgKmwsRkj',NULL,NULL,NULL,NULL,NULL,-1,'MSfjQazA',NULL,NULL,NULL,NULL,NULL,NULL,1670533863896,NULL,NULL),(306,'Cuidador',NULL,'maria.carvalho@bxlose.pt',NULL,'2kTO4XVhi7QzZis',NULL,NULL,NULL,NULL,NULL,1,'ZQaFeJO8',NULL,NULL,5,NULL,NULL,72,1671036114759,NULL,NULL),(307,'djhx','','bd@gmail.com','$2b$08$ckqqst042A4s90qYOVsAi.5eieC3y2ENxCEqwZjEdj8ZGjBBthyOm','00B97DUJ2yxEa6V',NULL,NULL,NULL,NULL,NULL,-1,'ZXrapI8A',NULL,NULL,NULL,NULL,NULL,NULL,1671291159318,NULL,NULL),(308,'jshhs','','gdn@outlook.com','$2b$08$uF8idVEg0UlqZjz5xWyvpeqnH3xKkv7WbJk6Ha2fQFnMcZTlB/CDi','e1qrtCAVapxjYxE',NULL,NULL,NULL,NULL,NULL,-1,'nEpUgHDr',NULL,NULL,NULL,NULL,NULL,NULL,1671300180545,NULL,NULL),(309,'jshsh','','hgs@hd.com','$2b$08$DSxTsjGDNmSveiOiCWYQBuVF.RbTz5mbxHQNtwQJmqd6x63xg8uMy','C1nw92Ee7uh8Csn','null',NULL,NULL,NULL,NULL,1,'2t4mTZVK','F',NULL,NULL,NULL,NULL,NULL,1671377647408,1671377688740,''),(310,'hd','','bdb@jd.com','$2b$08$7JFqcO88zVVGjMxnAg/4YuDUxQLM5zQwBzJlD3viJGUIpMiZm8e6S','ZcNK6PKGomTAF5t',NULL,NULL,NULL,NULL,NULL,-1,'I9Ousyyz',NULL,NULL,NULL,NULL,NULL,NULL,1671387512240,NULL,NULL),(311,'Tiago','Correia','tiago.correia@bclose.pt','$2b$08$8bUpnmkiKy1ZStXB/MkUZecKdqNtw2khOLIa30jKlD.iZZJaHHvf.','6v1wJZq0J0ikAUe','23/4/2000',NULL,NULL,NULL,NULL,1,'wjyDLq79','M',NULL,NULL,NULL,NULL,NULL,1672829389014,1672832297943,''),(313,'Filipa','Meireles','filipa.meirele@bclose.pt','$2b$08$wdSL5oMJ1zZnBS9K6xK9X.UXDd6adspjW3PLrYr4SN4OoTlb5M0RK','luShAEnEgY4liyv',NULL,NULL,NULL,NULL,NULL,1,'VfjuW3nW',NULL,NULL,NULL,NULL,NULL,NULL,1684745745134,NULL,NULL),(314,'alberto','','911767323@gmail.com','$2b$08$YNi2z.AjcfHTmNtTnkZKDeertKQJ0oU/ZNs8wX6zRh07QZy3zZ8Ei','imcBoNj2CZV7pSb',NULL,NULL,NULL,NULL,NULL,-1,'dFFpdFV1',NULL,NULL,NULL,NULL,NULL,NULL,1685632965159,NULL,NULL),(315,'Filipa','Meireles','filipa.meireles@bclose.pt','$2b$08$AFsVASIC31BT5WXNXzX4fu6v1n8dxGT9SEm4GQYwVLCSqpBV800tm','IH6gkrv31Bnc3oK','05/06/1975',NULL,NULL,NULL,'213018578',1,'SJHYPY4N','F',NULL,NULL,190,189,NULL,1685722587954,1686064992985,NULL),(316,'k2','','k2@gmail.com','$2b$08$XOM5I5Lsd4MwJ88M7PyZzu0WrAo10ou1rg1bcldwWBW1DdC/V/BcC','i0qzeJo704QEgJH',NULL,NULL,NULL,NULL,NULL,-1,'xgNnsvFh',NULL,NULL,NULL,NULL,NULL,NULL,1685910642949,NULL,NULL),(317,'Sousa','M','sousa-mg@sapo.pt','$2b$08$wajZZfhnPlz40W2PBle0/ehvdCJlcYHan//I2k3dgk5qqs7Ky99Oe','AYflv0qAK3gurzQ',NULL,NULL,NULL,NULL,NULL,1,'qt3Viqtm',NULL,NULL,NULL,NULL,NULL,NULL,1686655835000,NULL,NULL),(318,'Ana ','Meireles ','anafilipalusitano@gmail.com','$2b$08$9S/8lB2rs3JlQBd.EO2B6uMgRPYLwvN55XtydHGosDxFrAiDujpbm','7aKDZMBla23zYuL','30/10/1988',NULL,NULL,NULL,'213018578',1,'KTVsTOHS','F',NULL,5,NULL,190,73,1698064556846,1698064822982,NULL),(319,'Pedro','Mata','pmpmata@gmail.com','$2b$08$F08lFpIoD6Lig1G6/k.Q6u.xyisrqt7k/odtVVpU4VPkWM9I1VW32','qZZm7Qpnk5Y0J9F',NULL,NULL,NULL,NULL,NULL,1,'28mpipvw',NULL,NULL,NULL,NULL,NULL,NULL,1703021560466,NULL,NULL),(320,'Marisa','Correia','marisa.correia.76@gmail.com','$2b$08$hju.01U7OGhXfVS1I/sbS.Eb4M8EAlHxp6GLOEvXA6jtdizx9kScG','aSdPpf7Aa0omMdQ','null',NULL,NULL,NULL,NULL,1,'pWM3u1s6','F',NULL,NULL,NULL,NULL,NULL,1703022765504,1703022847909,''),(322,'Susana','','Susana.miranda11752@gmail.com','$2b$08$RQgRLMNYGg9d0HPgLcJxduxCfocgSFvp83u9s9wHok3Y81l1YE8eW','nXd2Zqe38sGsKLJ',NULL,NULL,NULL,NULL,NULL,1,'kFkYPxxu',NULL,NULL,NULL,NULL,NULL,NULL,1710703241999,NULL,NULL),(323,'tinu','','tinu5nr@gmail.com','$2b$08$lkIHay.Jm154OV6zwE5WBOwm7fRUnnqyLPeRYq8K5FPGHksIw1aya','eRTSggOwOwWADFW',NULL,NULL,NULL,NULL,NULL,1,'0njuK7kP',NULL,NULL,NULL,NULL,NULL,NULL,1722614225887,NULL,NULL),(324,'Rui ',' Carvalho','strongeffortcorporation@gmail.com','$2b$08$GCxyvnIqnSd.EDtvge58Re4ylQ6T08jxuXdW5ms/krZhuAT2HeHqG','Hh1TkP5W8N2fmFw','02/06/1974',NULL,NULL,NULL,'210477130',1,'kBj2SnKI','M','',1,192,192,74,1723054658237,NULL,NULL),(325,'Susana','Terenas','Susan.art@hotmail.com','$2b$08$5hsNsdn2xkea8TgPCMhR5eh5gLpgghGn/NuQa9LS8ZiWUidZrB8Ou','DBUL5qcPCTH9YTp','26/02/1974',NULL,NULL,NULL,'202814092',1,'qaQA1RNq','F','',5,193,193,74,1723068967710,1723205998318,NULL),(326,'Martim','Miranda','martim.terenas@gmail.com','$2b$08$niOcBGxW2C8VUzJqhFztye56lyMMhAr55mj4ama9zScLbQMzkj5YS','71JSvZ75Ptz89zE','11/07/2000',NULL,NULL,NULL,'245464379',1,'M26haMYn','M',NULL,NULL,207,206,NULL,1723207907449,1723987519527,NULL),(327,'Martim','Miranda','marim.terenas@gmail.com',NULL,'LPKZ3FskiMyWI1J','11/07/2000',NULL,NULL,NULL,'245464379',-1,'M26haMYn','M',NULL,NULL,207,206,NULL,1723207907449,1723207981791,NULL);
/*!40000 ALTER TABLE `user` ENABLE KEYS */;
UNLOCK TABLES;

--
-- Table structure for table `user_has_departaments`
--

DROP TABLE IF EXISTS `user_has_departaments`;
/*!40101 SET @saved_cs_client     = @@character_set_client */;
/*!40101 SET character_set_client = utf8 */;
CREATE TABLE `user_has_departaments` (
  `user_id` int(11) NOT NULL,
  `departaments_id` int(11) NOT NULL,
  `created_at` bigint(20) DEFAULT NULL,
  `updated_at` bigint(20) DEFAULT NULL,
  `status` int(11) DEFAULT '1',
  PRIMARY KEY (`user_id`,`departaments_id`) USING BTREE,
  KEY `fk_user_has_departaments_departaments1_idx` (`departaments_id`) USING BTREE,
  KEY `fk_user_has_departaments_user1_idx` (`user_id`) USING BTREE,
  CONSTRAINT `fk_user_has_departaments_departaments1` FOREIGN KEY (`departaments_id`) REFERENCES `departaments` (`id`),
  CONSTRAINT `fk_user_has_departaments_user1` FOREIGN KEY (`user_id`) REFERENCES `user` (`id`)
) ENGINE=InnoDB DEFAULT CHARSET=utf8 ROW_FORMAT=COMPACT;
/*!40101 SET character_set_client = @saved_cs_client */;

--
-- Dumping data for table `user_has_departaments`
--

LOCK TABLES `user_has_departaments` WRITE;
/*!40000 ALTER TABLE `user_has_departaments` DISABLE KEYS */;
INSERT INTO `user_has_departaments` VALUES (180,37,1632229270454,NULL,1),(182,37,1632229789512,NULL,1),(183,38,1632232371804,NULL,1),(184,39,1632232523529,1632477120501,1),(187,41,1632236511607,NULL,1),(192,39,1632248816767,1632261966529,1),(194,42,1632249739912,NULL,1),(196,43,1632249948157,NULL,1),(198,42,1632250321159,NULL,1),(199,43,1632250321159,NULL,1),(200,44,1632325704825,1632325704821,1),(202,45,1632359854510,NULL,1),(203,46,1632361089406,1632495891607,1),(208,49,1632411884213,NULL,1),(209,48,1632411940295,NULL,1),(210,48,1632413073259,NULL,1),(211,50,1632413541226,1632413687871,1),(212,55,1632590600113,NULL,1),(223,46,1632493005714,NULL,1),(226,53,1632495138892,NULL,1),(230,53,1632574776177,NULL,1),(232,48,1632575404880,NULL,1),(235,51,1632576083507,NULL,1),(238,57,1632604453788,NULL,1),(240,59,1632605215713,NULL,1),(248,38,1632744797726,1632745117058,1),(256,58,1632760718575,NULL,1),(257,51,1632760811633,NULL,1),(302,61,1669897656074,NULL,1),(303,62,1670238759749,NULL,1),(306,63,1671036114766,NULL,1),(318,64,1698064556858,1698064822992,1),(324,65,1723054658250,NULL,1),(325,66,1723068967732,1723205998335,1);
/*!40000 ALTER TABLE `user_has_departaments` ENABLE KEYS */;
UNLOCK TABLES;

--
-- Table structure for table `user_has_devices`
--

DROP TABLE IF EXISTS `user_has_devices`;
/*!40101 SET @saved_cs_client     = @@character_set_client */;
/*!40101 SET character_set_client = utf8 */;
CREATE TABLE `user_has_devices` (
  `id` int(11) NOT NULL AUTO_INCREMENT,
  `user_id` int(11) NOT NULL,
  `name_device` varchar(255) DEFAULT NULL,
  `identification_device` varchar(255) DEFAULT NULL,
  `status` int(11) DEFAULT '1',
  `deletedAt` datetime DEFAULT NULL,
  `createdAt` datetime NOT NULL,
  `updatedAt` datetime DEFAULT NULL,
  PRIMARY KEY (`id`),
  KEY `user_id` (`user_id`),
  CONSTRAINT `user_has_devices_ibfk_1` FOREIGN KEY (`user_id`) REFERENCES `user` (`id`)
) ENGINE=InnoDB DEFAULT CHARSET=utf8;
/*!40101 SET character_set_client = @saved_cs_client */;

--
-- Dumping data for table `user_has_devices`
--

LOCK TABLES `user_has_devices` WRITE;
/*!40000 ALTER TABLE `user_has_devices` DISABLE KEYS */;
/*!40000 ALTER TABLE `user_has_devices` ENABLE KEYS */;
UNLOCK TABLES;
/*!40103 SET TIME_ZONE=@OLD_TIME_ZONE */;

/*!40101 SET SQL_MODE=@OLD_SQL_MODE */;
/*!40014 SET FOREIGN_KEY_CHECKS=@OLD_FOREIGN_KEY_CHECKS */;
/*!40014 SET UNIQUE_CHECKS=@OLD_UNIQUE_CHECKS */;
/*!40101 SET CHARACTER_SET_CLIENT=@OLD_CHARACTER_SET_CLIENT */;
/*!40101 SET CHARACTER_SET_RESULTS=@OLD_CHARACTER_SET_RESULTS */;
/*!40101 SET COLLATION_CONNECTION=@OLD_COLLATION_CONNECTION */;
/*!40111 SET SQL_NOTES=@OLD_SQL_NOTES */;

-- Dump completed on 2024-12-08 10:36:51
