-- MySQL dump 10.13  Distrib 5.6.51, for Linux (x86_64)
--
-- Host: localhost    Database: bhealthdev
-- ------------------------------------------------------
-- Server version	5.6.51

/*!40101 SET @OLD_CHARACTER_SET_CLIENT=@@CHARACTER_SET_CLIENT */;
/*!40101 SET @OLD_CHARACTER_SET_RESULTS=@@CHARACTER_SET_RESULTS */;
/*!40101 SET @OLD_COLLATION_CONNECTION=@@COLLATION_CONNECTION */;
/*!40101 SET NAMES utf8 */;
/*!40103 SET @OLD_TIME_ZONE=@@TIME_ZONE */;
/*!40103 SET TIME_ZONE='+00:00' */;
/*!40014 SET @OLD_UNIQUE_CHECKS=@@UNIQUE_CHECKS, UNIQUE_CHECKS=0 */;
/*!40014 SET @OLD_FOREIGN_KEY_CHECKS=@@FOREIGN_KEY_CHECKS, FOREIGN_KEY_CHECKS=0 */;
/*!40101 SET @OLD_SQL_MODE=@@SQL_MODE, SQL_MODE='NO_AUTO_VALUE_ON_ZERO' */;
/*!40111 SET @OLD_SQL_NOTES=@@SQL_NOTES, SQL_NOTES=0 */;

--
-- Table structure for table `SequelizeMeta`
--

DROP TABLE IF EXISTS `SequelizeMeta`;
/*!40101 SET @saved_cs_client     = @@character_set_client */;
/*!40101 SET character_set_client = utf8 */;
CREATE TABLE `SequelizeMeta` (
  `name` varchar(255) COLLATE utf8_unicode_ci NOT NULL,
  PRIMARY KEY (`name`),
  UNIQUE KEY `name` (`name`)
) ENGINE=InnoDB DEFAULT CHARSET=utf8 COLLATE=utf8_unicode_ci;
/*!40101 SET character_set_client = @saved_cs_client */;

--
-- Dumping data for table `SequelizeMeta`
--

LOCK TABLES `SequelizeMeta` WRITE;
/*!40000 ALTER TABLE `SequelizeMeta` DISABLE KEYS */;
INSERT INTO `SequelizeMeta` VALUES ('20230504235101-create-scale.js'),('20230505002949-create-nanometer.js'),('20230505003353-create-nanometer-pantient.js'),('20230513223232-create-user-has-device.js'),('20230514231501-create-anotions.js');
/*!40000 ALTER TABLE `SequelizeMeta` ENABLE KEYS */;
UNLOCK TABLES;

--
-- Table structure for table `address`
--

DROP TABLE IF EXISTS `address`;
/*!40101 SET @saved_cs_client     = @@character_set_client */;
/*!40101 SET character_set_client = utf8 */;
CREATE TABLE `address` (
  `id` int(11) NOT NULL AUTO_INCREMENT,
  `object_id` int(11) DEFAULT NULL,
  `type_id` varchar(45) DEFAULT NULL,
  `address` varchar(45) NOT NULL,
  `postal_code` varchar(10) DEFAULT NULL,
  `country_id` int(11) NOT NULL,
  `locality` varchar(100) DEFAULT NULL,
  `number_lote` varchar(45) DEFAULT NULL,
  `floor_side` varchar(45) DEFAULT NULL,
  `county` varchar(100) DEFAULT NULL,
  `district` varchar(100) DEFAULT NULL,
  `created_at` bigint(20) DEFAULT NULL,
  `updated_at` bigint(20) DEFAULT NULL,
  `status` int(11) DEFAULT '1',
  PRIMARY KEY (`id`) USING BTREE,
  UNIQUE KEY `id_UNIQUE` (`id`) USING BTREE,
  KEY `fk_address_country_idx` (`country_id`) USING BTREE,
  CONSTRAINT `fk_address_country` FOREIGN KEY (`country_id`) REFERENCES `country` (`id`) ON DELETE CASCADE ON UPDATE CASCADE
) ENGINE=InnoDB AUTO_INCREMENT=180 DEFAULT CHARSET=utf8 ROW_FORMAT=COMPACT;
/*!40101 SET character_set_client = @saved_cs_client */;

--
-- Dumping data for table `address`
--

LOCK TABLES `address` WRITE;
/*!40000 ALTER TABLE `address` DISABLE KEYS */;
INSERT INTO `address` VALUES (1,NULL,NULL,'Lisboa','2454-545',351,'1','10','1',NULL,NULL,NULL,1632224299847,1),(100,NULL,NULL,'Av. Transversal 4','1234-214',39,'1','2','1',NULL,NULL,1632229053149,NULL,1),(101,NULL,NULL,'1234','1234-239',351,'1','12','2',NULL,'',1632229270447,NULL,1),(102,NULL,NULL,'123124132','1231-241',351,'1','12','1',NULL,'',1632229789504,NULL,1),(103,NULL,NULL,'Rui Joaquin Medeiros','4454-545',351,'1','12','1',NULL,'',1632230425899,1632413976359,1),(104,NULL,NULL,'Rua General ','9000-090',351,'1','10','2',NULL,'',1632232371797,NULL,1),(105,NULL,NULL,'','9000-090',351,'1','10','2','','',1632232446376,NULL,1),(106,NULL,NULL,'Rua Almeida Negreiros','9000-090',351,'1','22','20',NULL,'',1632232523522,1632477120487,1),(107,NULL,NULL,'Rua general Botelho ','9000-060',351,'1','2','10',NULL,'',1632233158884,1632479682482,1),(108,NULL,NULL,'','9000-090',351,'2','12','2','','',1632236290603,NULL,1),(109,NULL,NULL,'Joao Balboca','9000-060',351,'1','1','2',NULL,'',1632236511599,NULL,1),(110,NULL,NULL,'plpl','4545-454',351,'1','10','',NULL,'',1632248205512,NULL,1),(111,NULL,NULL,'plpl','4545-454',351,'1','10','',NULL,'',1632248534546,NULL,1),(112,NULL,NULL,'Ponta d agua','2112-445',351,'1','10','',NULL,'',1632248802669,NULL,1),(113,NULL,NULL,'Ponta d agua','2112-445',351,'1','10','',NULL,'',1632248816757,1632261966516,1),(114,NULL,NULL,'ssdsds','6565-656',351,'1','10',NULL,NULL,NULL,1632249667944,1632250246814,1),(115,NULL,NULL,'dsdsds','4554-545',351,'1','10','',NULL,'',1632249728206,NULL,1),(116,NULL,NULL,'dsdsds','4554-545',351,'1','10','',NULL,'',1632249739903,NULL,1),(117,NULL,NULL,'','4545-454',351,'1','10','','','',1632249849769,1632249857276,1),(118,NULL,NULL,'sasasasa','4454-545',351,'1','445','',NULL,'',1632249935055,NULL,1),(119,NULL,NULL,'sasasasa','4454-545',351,'1','445','',NULL,'',1632249948151,NULL,1),(120,NULL,NULL,'sdsdd','5565-656',351,'1','11','',NULL,'',1632250303791,NULL,1),(121,NULL,NULL,'sdsdd','5565-656',351,'1','11','',NULL,'',1632250321154,NULL,1),(122,NULL,NULL,'Miraflores','1495-123',351,'1','10','R/C',NULL,NULL,1632308045579,1632743299431,1),(123,NULL,NULL,'okokok','4545-454',351,'1','12121','',NULL,'',1632319193900,NULL,1),(124,NULL,NULL,'ksddsk','7787-878',351,'1','10',NULL,NULL,NULL,1632325704798,1632325704798,1),(125,NULL,NULL,'Av. Aqui perto ','1245-124',351,'1','12','1',NULL,'',1632359854502,NULL,1),(126,NULL,NULL,'12312412','1231-231',351,'1','wasfa','eeesad',NULL,'',1632361089400,1632495891597,1),(127,NULL,NULL,'wass','4545-454',351,'1','10','',NULL,'',1632407966589,NULL,1),(128,NULL,NULL,'wass','4545-454',351,'1','10','',NULL,'',1632407973112,NULL,1),(129,NULL,NULL,'wass','4545-454',351,'1','10','',NULL,'',1632408058118,NULL,1),(130,NULL,NULL,'wass','4545-454',351,'1','10','',NULL,'',1632408148094,1632411772947,1),(131,NULL,NULL,'Teste','4545-454',351,'2','10','',NULL,'',1632408458664,NULL,1),(132,NULL,NULL,'dsdds','6454-545',351,'1','10','',NULL,'',1632411940287,NULL,1),(133,NULL,NULL,'sdssdsd','4545-454',351,'1','10','',NULL,'',1632413073250,NULL,1),(134,NULL,NULL,'casa','4545-454',351,'1','10',NULL,NULL,NULL,1632413687856,1632413687856,1),(135,NULL,NULL,'koko','9898-989',351,'2','10','',NULL,'',1632420570373,1633003436697,1),(136,NULL,NULL,'','3434-141',351,'1','23','1','','',1632425871759,NULL,1),(137,NULL,NULL,'Av. Guerra junqueiro','9000-123',351,'1','10','1',NULL,'',1632476685697,NULL,1),(138,NULL,NULL,'Av. Guerra junqueiro','9000-123',351,'1','10','1',NULL,'',1632476750546,NULL,1),(139,NULL,NULL,'Av. Guerra junqueiro','9000-123',351,'1','10','1',NULL,'',1632476751952,NULL,1),(140,NULL,NULL,'Av. Guerra junqueiro','1000-120',351,'1','10','1',NULL,'',1632476794855,NULL,1),(141,NULL,NULL,'Av. Guerra junqueiro','1000-120',351,'1','10','1',NULL,'',1632476795972,NULL,1),(142,NULL,NULL,'','0902-102',1,'1','3','3','','',1632476881688,NULL,1),(143,NULL,NULL,'Rua General Ferreira','1495-135',351,'1','21','2',NULL,'',1632476994442,NULL,1),(144,NULL,NULL,'qweqwe','1234-563',351,'1','qwe','',NULL,'',1632492988926,NULL,1),(145,NULL,NULL,'qweqwe','1234-563',351,'1','12312','',NULL,'',1632493005707,NULL,1),(146,NULL,NULL,'Rua angola','9000-060',351,'1','1','2',NULL,'',1632494971335,NULL,1),(147,NULL,NULL,'tsqw1','1234-567',351,'1','12','3',NULL,'',1632495118250,NULL,1),(148,NULL,NULL,'tsqw1','1234-567',351,'1','12','3',NULL,'',1632495138884,NULL,1),(149,NULL,NULL,'Rjajs','9000-090',351,'1','1','1',NULL,'',1632495426486,NULL,1),(150,NULL,NULL,'Rjajs','9000-900',351,'1','1','1',NULL,'',1632574768543,NULL,1),(151,NULL,NULL,'Rjajs','9000-900',351,'1','1','1',NULL,'',1632574776171,NULL,1),(152,NULL,NULL,'Rjajs','9000-900',351,'1','1','1',NULL,'',1632575361116,NULL,1),(153,NULL,NULL,'Rjajs','9000-900',351,'1','1','1',NULL,'',1632575404871,NULL,1),(154,NULL,NULL,'Rjajs','9000-900',351,'1','1','1',NULL,'',1632576066283,NULL,1),(155,NULL,NULL,'Rjajs','9000-900',351,'1','1','1',NULL,'',1632576070408,NULL,1),(156,NULL,NULL,'Rjajs','9000-900',351,'1','1','1',NULL,'',1632576083502,NULL,1),(157,NULL,NULL,'casa','4545-454',351,'1','1','',NULL,'',1632604434452,NULL,1),(158,NULL,NULL,'casa','4545-454',351,'1','1','',NULL,'',1632604453782,NULL,1),(159,NULL,NULL,'ok','6545-454',351,'1','10','',NULL,'',1632605196205,NULL,1),(160,NULL,NULL,'ok','6545-454',351,'1','10','',NULL,'',1632605215708,NULL,1),(161,NULL,NULL,'sasa','4545-454',351,'1','10','',NULL,'',1632741462098,NULL,1),(162,NULL,NULL,'Rua Mouzinho de Albuquerque','2730-127',351,'1','21','',NULL,'',1632744588893,NULL,1),(163,NULL,NULL,'Rua Mouzinho de Albuquerque','2730-127',351,'1','21','',NULL,'',1632744651791,NULL,1),(164,NULL,NULL,'Rua Mouzinho de Albuquerque','2730-127',351,'1','21','',NULL,'',1632744748110,NULL,1),(165,NULL,NULL,'Rua Mouzinho de Albuquerque','2730-127',351,'1','21','',NULL,'',1632744770640,NULL,1),(166,NULL,NULL,'Rua Mouzinho de Albuquerque','2730-127',351,'1','21','',NULL,'',1632744780456,NULL,1),(167,NULL,NULL,'Rua Mouzinho de Albuquerque','2730-127',351,'1','21','',NULL,'',1632744786406,NULL,1),(168,NULL,NULL,'Rua Mouzinho de Albuquerque','2730-127',351,'1','21','',NULL,'',1632744797718,1632745117046,1),(169,NULL,NULL,'csas','7878-787',351,'1','10','',NULL,'',1632747301453,NULL,1),(170,NULL,NULL,'Rua Mouzinho de Albuquerque','2730-127',351,'1','21',NULL,NULL,NULL,1632749943624,NULL,1),(171,NULL,NULL,'Rua Mouzinho de Albuquerque','2730-127',351,'1','21','',NULL,'',1632750276632,NULL,1),(172,NULL,NULL,'Rua Mouzinho de Albuquerque','2730-127',351,'1','21','',NULL,'',1632750301870,NULL,1),(173,NULL,NULL,'Rua Mouzinho de Albuquerque','2730-127',351,'1','21','',NULL,'',1632750334151,NULL,1),(174,NULL,NULL,'Rua Mouzinho de Albuquerque','2730-127',351,'1','21','',NULL,'',1632750346561,NULL,1),(175,NULL,NULL,'Rua Mouzinho de Albuquerque','2730-127',351,'1','21','',NULL,'',1632750378284,NULL,1),(176,NULL,NULL,'Rua Mouzinho de Albuquerque','2730-127',351,'1','21','',NULL,'',1632750383648,NULL,1),(177,NULL,NULL,'dssdds','5656-565',351,'1','10','',NULL,'',1632760718567,NULL,1),(178,NULL,NULL,'okoko','4545-454',351,'1','10','',NULL,'',1632760811626,NULL,1),(179,NULL,NULL,'dsdsd','7601-074',351,'1','11','',NULL,'',1659441423734,NULL,1);
/*!40000 ALTER TABLE `address` ENABLE KEYS */;
UNLOCK TABLES;

--
-- Table structure for table `admission`
--

DROP TABLE IF EXISTS `admission`;
/*!40101 SET @saved_cs_client     = @@character_set_client */;
/*!40101 SET character_set_client = utf8 */;
CREATE TABLE `admission` (
  `id` int(11) NOT NULL AUTO_INCREMENT,
  `entryDate` bigint(20) DEFAULT NULL,
  `entryNumber` int(11) DEFAULT NULL,
  `exitForecast` varchar(45) DEFAULT NULL,
  `medicalSpecialty` varchar(45) DEFAULT NULL,
  `responsable_id` int(11) DEFAULT NULL,
  `observations` text,
  `patient_id` int(10) unsigned NOT NULL,
  `user_id` int(11) NOT NULL,
  `outDate` bigint(20) DEFAULT NULL,
  `entity_id` int(11) DEFAULT NULL,
  `created_at` bigint(20) DEFAULT NULL,
  `updated_at` bigint(20) DEFAULT NULL,
  `status` int(11) DEFAULT '1',
  PRIMARY KEY (`id`) USING BTREE,
  KEY `fk_admission_patient1_idx` (`patient_id`) USING BTREE,
  KEY `fk_admission_user1_idx` (`user_id`) USING BTREE,
  CONSTRAINT `fk_admission_patient1` FOREIGN KEY (`patient_id`) REFERENCES `patient` (`id`) ON DELETE CASCADE,
  CONSTRAINT `fk_admission_user1` FOREIGN KEY (`user_id`) REFERENCES `user` (`id`) ON DELETE CASCADE
) ENGINE=InnoDB AUTO_INCREMENT=89 DEFAULT CHARSET=utf8 ROW_FORMAT=COMPACT;
/*!40101 SET character_set_client = @saved_cs_client */;

--
-- Dumping data for table `admission`
--

LOCK TABLES `admission` WRITE;
/*!40000 ALTER TABLE `admission` DISABLE KEYS */;
INSERT INTO `admission` VALUES (58,1659916800000,1,'',NULL,182,'',38,182,NULL,46,1632230425920,NULL,0),(59,1617926400000,1,'',NULL,182,'',38,182,NULL,46,1632230526038,NULL,0),(60,1610150400000,1,'',NULL,182,'',38,182,NULL,46,1632230673607,NULL,0),(61,1641686400000,1,'',NULL,182,'',38,182,NULL,46,1632231722396,NULL,0),(62,1620518400000,12,'',NULL,184,'Teste ',39,184,1610150400000,48,1632233158904,NULL,0),(63,NULL,NULL,NULL,NULL,186,NULL,39,186,NULL,49,1632234627691,NULL,1),(64,1631577600000,1,'',NULL,182,'',38,182,NULL,46,1632239705085,1632404382428,0),(65,NULL,NULL,NULL,NULL,188,NULL,38,188,NULL,51,1632240892820,NULL,1),(66,1632009600000,1,'',NULL,192,'',38,192,-9223372036854775808,48,1632250445997,1632261936958,0),(67,1632182400000,1,NULL,NULL,200,NULL,40,200,-9223372036854775808,54,1632312250018,1632319193920,1),(68,1625788800000,1,'',NULL,203,'',38,203,NULL,56,1632363082735,NULL,1),(69,1632182400000,1,'',NULL,182,'',38,182,NULL,46,1632401386963,NULL,0),(70,1632873600000,1,'',NULL,182,'',38,182,NULL,46,1632401778126,NULL,0),(71,NULL,NULL,NULL,NULL,204,NULL,38,204,NULL,57,1632405044063,NULL,1),(72,NULL,NULL,NULL,NULL,205,NULL,38,205,NULL,58,1632405218194,NULL,1),(73,1632268800000,1,'',NULL,182,'',38,182,NULL,46,1632405250466,NULL,0),(74,1632787200000,1,'',NULL,182,'',38,182,NULL,46,1632405328771,NULL,0),(75,1631577600000,1,'',NULL,182,'',38,182,NULL,46,1632407184742,1632407735597,0),(76,1632182400000,1,'',NULL,182,'',38,182,NULL,46,1632407660331,NULL,0),(77,1632182400000,1,'',NULL,182,'',41,182,NULL,46,1632408148125,NULL,0),(78,1631059200000,1,'',NULL,182,'',42,182,NULL,46,1632408458700,NULL,0),(79,1631145600000,1,'',NULL,182,'',41,182,NULL,46,1632411772976,NULL,0),(80,NULL,NULL,NULL,NULL,208,NULL,38,208,NULL,59,1632411884216,NULL,1),(81,1641686400000,1,NULL,NULL,211,NULL,38,211,-9223372036854775808,60,1632413541230,1632413729940,1),(82,NULL,NULL,NULL,NULL,182,NULL,38,182,NULL,46,1632413805588,NULL,0),(83,1632787200000,1,NULL,NULL,182,NULL,38,182,NULL,46,1632413913792,1632413976386,1),(84,1632182400000,1,'',NULL,182,'',43,182,NULL,46,1632420570398,NULL,1),(85,1630540800000,21213131,'',NULL,184,'',39,184,NULL,48,1632479682507,NULL,1),(86,NULL,NULL,NULL,NULL,212,NULL,45,212,NULL,64,1632590600126,NULL,1),(87,1632960000000,12311212,'',NULL,184,'',43,184,NULL,48,1633003436723,NULL,1),(88,1660694400000,4,'',NULL,182,'',53,182,NULL,46,1659441423782,NULL,1);
/*!40000 ALTER TABLE `admission` ENABLE KEYS */;
UNLOCK TABLES;

--
-- Table structure for table `anotions`
--

DROP TABLE IF EXISTS `anotions`;
/*!40101 SET @saved_cs_client     = @@character_set_client */;
/*!40101 SET character_set_client = utf8 */;
CREATE TABLE `anotions` (
  `id` int(11) NOT NULL AUTO_INCREMENT,
  `message` text,
  `user_id` int(11) NOT NULL,
  `patient_id` int(10) unsigned DEFAULT NULL,
  `status` int(11) DEFAULT '1',
  `daletedAt` datetime DEFAULT NULL,
  `createdAt` datetime NOT NULL,
  `updatedAt` datetime DEFAULT NULL,
  PRIMARY KEY (`id`),
  KEY `user_id` (`user_id`),
  KEY `patient_id` (`patient_id`),
  CONSTRAINT `anotions_ibfk_1` FOREIGN KEY (`user_id`) REFERENCES `user` (`id`),
  CONSTRAINT `anotions_ibfk_2` FOREIGN KEY (`patient_id`) REFERENCES `patient` (`id`)
) ENGINE=InnoDB AUTO_INCREMENT=2 DEFAULT CHARSET=utf8;
/*!40101 SET character_set_client = @saved_cs_client */;

--
-- Dumping data for table `anotions`
--

LOCK TABLES `anotions` WRITE;
/*!40000 ALTER TABLE `anotions` DISABLE KEYS */;
INSERT INTO `anotions` VALUES (1,'Teste',182,43,1,NULL,'2023-05-31 12:33:36','2023-05-31 12:33:39');
/*!40000 ALTER TABLE `anotions` ENABLE KEYS */;
UNLOCK TABLES;

--
-- Table structure for table `appointment`
--

DROP TABLE IF EXISTS `appointment`;
/*!40101 SET @saved_cs_client     = @@character_set_client */;
/*!40101 SET character_set_client = utf8 */;
CREATE TABLE `appointment` (
  `id` int(11) NOT NULL AUTO_INCREMENT,
  `title` varchar(45) DEFAULT NULL,
  `location` varchar(45) DEFAULT NULL,
  `start` bigint(20) DEFAULT NULL,
  `end` bigint(20) DEFAULT NULL,
  `all_day` int(11) DEFAULT NULL,
  `repeat` int(11) DEFAULT NULL,
  `description` text,
  `entity_id` int(11) DEFAULT NULL,
  `user_id` int(11) NOT NULL,
  `patient_id` int(10) unsigned NOT NULL,
  `priority` int(11) DEFAULT '0',
  `type` varchar(45) NOT NULL DEFAULT 'OUTROS' COMMENT 'REMEDIO-LEMBRETE-CONSULTA-OUTROS',
  `conference` int(11) DEFAULT NULL,
  `recurrence_rule` varchar(100) DEFAULT NULL,
  `finnish` tinyint(4) DEFAULT '0',
  `room` varchar(100) DEFAULT NULL,
  `created_at` bigint(20) DEFAULT NULL,
  `updated_at` bigint(20) DEFAULT NULL,
  `status` int(11) DEFAULT NULL,
  `attachment` varchar(500) DEFAULT NULL,
  PRIMARY KEY (`id`) USING BTREE,
  KEY `fk_appointment_user1_idx` (`user_id`) USING BTREE,
  KEY `fk_appointment_patient1_idx` (`patient_id`) USING BTREE,
  CONSTRAINT `fk_appointment_patient1` FOREIGN KEY (`patient_id`) REFERENCES `patient` (`id`) ON DELETE CASCADE,
  CONSTRAINT `fk_appointment_user1` FOREIGN KEY (`user_id`) REFERENCES `user` (`id`) ON DELETE CASCADE
) ENGINE=InnoDB AUTO_INCREMENT=183 DEFAULT CHARSET=utf8 ROW_FORMAT=COMPACT;
/*!40101 SET character_set_client = @saved_cs_client */;

--
-- Dumping data for table `appointment`
--

LOCK TABLES `appointment` WRITE;
/*!40000 ALTER TABLE `appointment` DISABLE KEYS */;
INSERT INTO `appointment` VALUES (169,'test',NULL,1632963600000,1633050000000,1,NULL,NULL,46,182,43,0,'appointment',0,NULL,0,'',1633028617557,NULL,0,NULL),(170,'okoko',NULL,1632963600000,1633050000000,1,NULL,NULL,46,182,43,0,'appointment',0,NULL,0,'',1633028640032,NULL,0,NULL),(171,'kook',NULL,1632963600000,1633050000000,1,NULL,NULL,46,182,43,0,'appointment',0,NULL,0,'',1633028895211,NULL,0,NULL),(172,'hshdhs',NULL,1633025939120,1633025939120,NULL,0,NULL,NULL,212,43,0,'Medicamento',0,NULL,0,NULL,1633029547075,NULL,1,NULL),(173,'CONsulta Oftalmologia',NULL,1633096800000,1633098600000,0,NULL,'ALOOOOOO',48,184,39,0,'appointment',1,NULL,0,'CONsulta_Oftalmologia_1',1633095402320,NULL,1,NULL),(174,'okok',NULL,1635382800000,1635469200000,1,NULL,NULL,46,182,43,0,'appointment',0,NULL,0,'',1633095751948,NULL,0,NULL),(175,'ok',NULL,1633568400000,1633654800000,1,NULL,NULL,46,182,43,0,'appointment',0,NULL,0,'',1633095914921,NULL,1,NULL),(176,'ok',NULL,1634691600000,1634778000000,1,NULL,NULL,46,182,43,0,'appointment',0,NULL,0,'',1633096237327,NULL,0,NULL),(177,'teste',NULL,1635987600000,1636074000000,1,NULL,NULL,46,182,43,0,'appointment',0,NULL,0,'',1633096264593,NULL,0,NULL),(178,'okokok',NULL,1635901200000,1635987600000,1,NULL,NULL,46,182,43,0,'appointment',0,NULL,0,'',1633096279790,NULL,1,NULL),(179,'ok',NULL,1635037200000,1635123600000,1,NULL,NULL,46,182,43,0,'appointment',0,NULL,0,'',1633096308100,NULL,0,NULL),(180,'tomar medicamentos',NULL,1634933088655,1634933088652,NULL,0,NULL,NULL,262,52,0,'Medicamento',0,NULL,0,NULL,1634936699863,NULL,1,NULL),(181,'okoko',NULL,1660698000000,1660784400000,1,NULL,'ijijij',46,182,53,0,'appointment',1,NULL,0,'okoko_1',1659441449362,NULL,1,NULL),(182,'Consulta Pediatria','Teleconsulta',1672403639000,1672403690000,0,NULL,'Traga os exames ',48,184,43,0,'appointment',1,NULL,0,'Consulta_Pediatria_174',1660825699459,NULL,1,'https://google.com');
/*!40000 ALTER TABLE `appointment` ENABLE KEYS */;
UNLOCK TABLES;

--
-- Table structure for table `bank`
--

DROP TABLE IF EXISTS `bank`;
/*!40101 SET @saved_cs_client     = @@character_set_client */;
/*!40101 SET character_set_client = utf8 */;
CREATE TABLE `bank` (
  `id` int(11) NOT NULL AUTO_INCREMENT,
  `name` varchar(45) DEFAULT NULL,
  `iban` varchar(100) DEFAULT NULL,
  `created_at` date DEFAULT NULL,
  `updated_at` date DEFAULT NULL,
  `status` int(11) DEFAULT '1',
  `entity_id` int(11) NOT NULL,
  PRIMARY KEY (`id`) USING BTREE,
  UNIQUE KEY `id_UNIQUE` (`id`) USING BTREE,
  KEY `fk_bank_entity1_idx` (`entity_id`) USING BTREE,
  CONSTRAINT `fk_bank_entity1` FOREIGN KEY (`entity_id`) REFERENCES `entity` (`id`)
) ENGINE=InnoDB AUTO_INCREMENT=4 DEFAULT CHARSET=utf8 ROW_FORMAT=COMPACT;
/*!40101 SET character_set_client = @saved_cs_client */;

--
-- Dumping data for table `bank`
--

LOCK TABLES `bank` WRITE;
/*!40000 ALTER TABLE `bank` DISABLE KEYS */;
INSERT INTO `bank` VALUES (3,'sdssd','wa45 4545 4545 45454545454 54','2021-09-21',NULL,1,53);
/*!40000 ALTER TABLE `bank` ENABLE KEYS */;
UNLOCK TABLES;

--
-- Table structure for table `billing_supplier`
--

DROP TABLE IF EXISTS `billing_supplier`;
/*!40101 SET @saved_cs_client     = @@character_set_client */;
/*!40101 SET character_set_client = utf8 */;
CREATE TABLE `billing_supplier` (
  `id` int(11) NOT NULL AUTO_INCREMENT,
  `lang` varchar(45) DEFAULT NULL,
  `expiration_date` varchar(100) DEFAULT NULL,
  `global_discount` double DEFAULT NULL,
  `credit_limit` double DEFAULT NULL,
  `copys_number` varchar(100) DEFAULT NULL,
  `payment_methods` varchar(100) DEFAULT NULL,
  `expedition_method` varchar(100) DEFAULT NULL,
  `observations` text,
  `supplier_id` int(11) DEFAULT NULL,
  `created_at` bigint(20) DEFAULT NULL,
  `updated_at` bigint(20) DEFAULT NULL,
  `status` int(11) DEFAULT '1',
  PRIMARY KEY (`id`) USING BTREE
) ENGINE=InnoDB DEFAULT CHARSET=utf8 ROW_FORMAT=COMPACT;
/*!40101 SET character_set_client = @saved_cs_client */;

--
-- Dumping data for table `billing_supplier`
--

LOCK TABLES `billing_supplier` WRITE;
/*!40000 ALTER TABLE `billing_supplier` DISABLE KEYS */;
/*!40000 ALTER TABLE `billing_supplier` ENABLE KEYS */;
UNLOCK TABLES;

--
-- Table structure for table `category_device`
--

DROP TABLE IF EXISTS `category_device`;
/*!40101 SET @saved_cs_client     = @@character_set_client */;
/*!40101 SET character_set_client = utf8 */;
CREATE TABLE `category_device` (
  `id` int(11) NOT NULL AUTO_INCREMENT,
  `name` varchar(45) DEFAULT NULL,
  `category_id` int(11) DEFAULT NULL,
  `created_at` bigint(20) DEFAULT NULL,
  `updated_at` bigint(20) DEFAULT NULL,
  `status` int(11) DEFAULT '1',
  PRIMARY KEY (`id`) USING BTREE
) ENGINE=InnoDB AUTO_INCREMENT=2 DEFAULT CHARSET=utf8 ROW_FORMAT=COMPACT;
/*!40101 SET character_set_client = @saved_cs_client */;

--
-- Dumping data for table `category_device`
--

LOCK TABLES `category_device` WRITE;
/*!40000 ALTER TABLE `category_device` DISABLE KEYS */;
INSERT INTO `category_device` VALUES (1,'Termometro',NULL,1631034869130,NULL,1);
/*!40000 ALTER TABLE `category_device` ENABLE KEYS */;
UNLOCK TABLES;

--
-- Table structure for table `chat`
--

DROP TABLE IF EXISTS `chat`;
/*!40101 SET @saved_cs_client     = @@character_set_client */;
/*!40101 SET character_set_client = utf8 */;
CREATE TABLE `chat` (
  `id` int(11) NOT NULL AUTO_INCREMENT,
  `message` text,
  `annex` varchar(455) DEFAULT NULL,
  `patient_id` int(10) unsigned NOT NULL,
  `user_id` int(11) NOT NULL,
  `sendByPatient` int(11) DEFAULT '0',
  `type` varchar(100) DEFAULT NULL,
  `status` int(11) DEFAULT '1',
  `created_at` bigint(20) DEFAULT NULL,
  `updated_at` bigint(20) DEFAULT NULL,
  `sender` int(11) NOT NULL,
  `seen` tinyint(4) DEFAULT '0',
  `admission_id` int(11) DEFAULT NULL,
  PRIMARY KEY (`id`) USING BTREE,
  KEY `fk_chat_patient1_idx` (`patient_id`) USING BTREE,
  KEY `fk_chat_user1_idx` (`user_id`) USING BTREE,
  CONSTRAINT `fk_chat_patient1` FOREIGN KEY (`patient_id`) REFERENCES `patient` (`id`),
  CONSTRAINT `fk_user` FOREIGN KEY (`user_id`) REFERENCES `user` (`id`)
) ENGINE=InnoDB AUTO_INCREMENT=100 DEFAULT CHARSET=utf8 ROW_FORMAT=COMPACT;
/*!40101 SET character_set_client = @saved_cs_client */;

--
-- Dumping data for table `chat`
--

LOCK TABLES `chat` WRITE;
/*!40000 ALTER TABLE `chat` DISABLE KEYS */;
INSERT INTO `chat` VALUES (74,'Bom dia, acabei de fazer um teste contigo... vê se tens um apontamento para amanha na tua agenda',NULL,38,182,0,'writing',1,1632230749032,NULL,182,0,NULL),(75,'ok.....\n','',38,182,1,'writing',1,1632231121886,NULL,38,0,NULL),(76,'certo ','',38,182,1,'writing',1,1632231289478,NULL,38,0,NULL),(77,'',NULL,38,182,0,'writing',1,1632231303397,NULL,182,0,NULL),(78,'Bom dia dra Francisca ','',39,184,1,'writing',1,1632234255005,NULL,39,0,NULL),(79,'Bom dia tudo ok \n',NULL,39,184,0,'writing',1,1632234280099,NULL,184,0,NULL),(80,'kok',NULL,40,200,0,'writing',1,1632319208168,NULL,200,0,NULL),(81,'bai deta','',38,203,1,'writing',1,1632363400631,NULL,38,0,NULL),(82,'boas \n','',43,182,1,'writing',1,1632420721099,NULL,43,0,NULL),(83,'Rt','',39,184,1,'writing',1,1632421403808,NULL,39,0,NULL),(84,'Bom dia Francisca ','',39,184,1,'writing',1,1632479231294,NULL,39,0,NULL),(85,'rftgftg',NULL,39,184,0,'writing',1,1632479256933,NULL,184,0,NULL),(86,'jdjdjdjdjsus','',43,182,1,'writing',1,1632748168312,NULL,43,0,NULL),(87,'kookkok',NULL,38,182,0,'writing',1,1632761996652,NULL,182,0,83),(88,'',NULL,38,182,0,'writing',1,1632761997162,NULL,182,0,83),(89,'casas',NULL,38,182,0,'writing',1,1632762004299,NULL,182,0,83),(90,'okok',NULL,43,182,0,'writing',1,1632762433184,NULL,182,0,84),(91,'okok',NULL,38,182,1,'writing',1,1632765127038,NULL,181,0,84),(92,'tttt',NULL,38,182,1,'writing',1,1632765133052,NULL,181,0,84),(93,'kooko',NULL,38,182,1,'writing',1,1632766051512,NULL,181,0,84),(94,'teste',NULL,38,182,1,'writing',1,1632766160879,NULL,181,0,84),(95,'bom dia','',43,182,1,'writing',1,1634937416238,NULL,43,0,84),(96,'okook',NULL,53,182,0,'writing',1,1659441475828,NULL,182,0,NULL),(97,'ago tranquilo',NULL,43,182,0,'writing',1,1659479675774,NULL,182,0,NULL),(98,'boas pessoal ','',43,182,1,'writing',1,1659479948702,NULL,43,0,NULL),(99,'thht','',43,182,1,'writing',1,1659635586719,NULL,43,0,NULL);
/*!40000 ALTER TABLE `chat` ENABLE KEYS */;
UNLOCK TABLES;

--
-- Table structure for table `city`
--

DROP TABLE IF EXISTS `city`;
/*!40101 SET @saved_cs_client     = @@character_set_client */;
/*!40101 SET character_set_client = utf8 */;
CREATE TABLE `city` (
  `id` int(11) NOT NULL AUTO_INCREMENT,
  `name` varchar(45) NOT NULL,
  `country_id` int(11) NOT NULL,
  `created_at` bigint(20) DEFAULT NULL,
  `updated_at` bigint(20) DEFAULT NULL,
  `status` int(11) DEFAULT '1',
  PRIMARY KEY (`id`) USING BTREE,
  KEY `country_idx` (`country_id`) USING BTREE
) ENGINE=InnoDB AUTO_INCREMENT=3 DEFAULT CHARSET=utf8 ROW_FORMAT=COMPACT;
/*!40101 SET character_set_client = @saved_cs_client */;

--
-- Dumping data for table `city`
--

LOCK TABLES `city` WRITE;
/*!40000 ALTER TABLE `city` DISABLE KEYS */;
INSERT INTO `city` VALUES (1,'Lisboa',351,1630688725586,NULL,1),(2,'Porto',351,1630688725586,NULL,1);
/*!40000 ALTER TABLE `city` ENABLE KEYS */;
UNLOCK TABLES;

--
-- Table structure for table `contact`
--

DROP TABLE IF EXISTS `contact`;
/*!40101 SET @saved_cs_client     = @@character_set_client */;
/*!40101 SET character_set_client = utf8 */;
CREATE TABLE `contact` (
  `id` int(11) NOT NULL AUTO_INCREMENT,
  `email` varchar(100) DEFAULT NULL,
  `number_phone` int(11) DEFAULT NULL,
  `number_mobile` int(11) DEFAULT NULL,
  `fax` bigint(20) DEFAULT NULL,
  `created_at` bigint(20) DEFAULT NULL,
  `updated_at` bigint(20) DEFAULT NULL,
  `status` int(11) DEFAULT '1',
  `site` varchar(145) DEFAULT NULL,
  PRIMARY KEY (`id`) USING BTREE,
  UNIQUE KEY `contact_id_IDX` (`id`) USING BTREE
) ENGINE=InnoDB AUTO_INCREMENT=181 DEFAULT CHARSET=utf8 ROW_FORMAT=COMPACT;
/*!40101 SET character_set_client = @saved_cs_client */;

--
-- Dumping data for table `contact`
--

LOCK TABLES `contact` WRITE;
/*!40000 ALTER TABLE `contact` DISABLE KEYS */;
INSERT INTO `contact` VALUES (1,'',NULL,9800700,NULL,NULL,1632224299840,1,''),(103,'info@bonako.com',NULL,NULL,NULL,1632229053145,NULL,1,NULL),(104,'ivandroribeiro@bonako.com',NULL,NULL,NULL,1632229270444,NULL,1,NULL),(105,'ivandrodebarros@gmail.com',NULL,NULL,NULL,1632229789500,NULL,1,NULL),(106,NULL,NULL,NULL,NULL,1632230425896,1632413976351,1,NULL),(107,'bhealth@bclose.pt',NULL,NULL,NULL,1632232371792,NULL,1,NULL),(108,'geral@bclose.pt',NULL,NULL,NULL,1632232446381,NULL,1,NULL),(109,'comunicacao@bclose.pt',NULL,NULL,NULL,1632232523519,1632477120492,1,NULL),(110,NULL,NULL,969852003,NULL,1632233158881,1632479682475,1,NULL),(111,'Geral@larteixeira.com',NULL,NULL,NULL,1632236290613,NULL,1,NULL),(112,'suy@test.com',NULL,NULL,NULL,1632236511595,NULL,1,NULL),(113,'rui.carvalho@bclose.pt',NULL,NULL,NULL,1632248205500,NULL,1,NULL),(114,'rui.carvalho@bclose.pt',NULL,NULL,NULL,1632248534542,NULL,1,NULL),(115,'rui.carvalho@bclose.pt',NULL,NULL,NULL,1632248802665,NULL,1,NULL),(116,'fbc71431@yuoia.com',NULL,NULL,NULL,1632248816754,1632261966520,1,NULL),(117,'sddsdsd@sassa.com',NULL,NULL,NULL,1632249667941,1632250246809,1,NULL),(118,'fbc71431@yuoia.com',NULL,NULL,NULL,1632249728202,NULL,1,NULL),(119,'aaw92819@yuoia.com',NULL,NULL,NULL,1632249739900,NULL,1,NULL),(120,'dsdssd@saas.com',NULL,NULL,NULL,1632249849772,1632249857271,1,NULL),(121,'aaw92819@yuoia.com',NULL,NULL,NULL,1632249935052,NULL,1,NULL),(122,'ass05467@yuoia.com',NULL,NULL,NULL,1632249948148,NULL,1,NULL),(123,'aaw92819@yuoia.com',NULL,NULL,NULL,1632250303787,NULL,1,NULL),(124,'yur16763@yuoia.com',NULL,NULL,NULL,1632250321151,NULL,1,NULL),(125,'bhealth@bclose.pt',NULL,NULL,NULL,1632308045567,1632743299425,1,'https://www.bclose.pt/pt/'),(126,NULL,NULL,NULL,NULL,1632319193890,NULL,1,NULL),(127,'poconi1771@timevod.com',NULL,NULL,NULL,1632359854499,NULL,1,NULL),(128,'cicey56497@vefblogg.com',NULL,NULL,NULL,1632361089396,1632495891600,1,NULL),(129,NULL,NULL,NULL,NULL,1632407966584,NULL,1,NULL),(130,NULL,NULL,NULL,NULL,1632407973109,NULL,1,NULL),(131,NULL,NULL,NULL,NULL,1632408058114,NULL,1,NULL),(132,NULL,NULL,NULL,NULL,1632408148083,1632411772939,1,NULL),(133,NULL,NULL,NULL,NULL,1632408458652,NULL,1,NULL),(134,'zfe10931@yuoia.com',NULL,NULL,NULL,1632411940283,NULL,1,NULL),(135,'ftc63177@yuoia.com',NULL,NULL,NULL,1632413073239,NULL,1,NULL),(136,NULL,NULL,NULL,NULL,1632420570368,1633003436692,1,NULL),(137,'sucs@sucs.com',NULL,NULL,NULL,1632425871766,NULL,1,NULL),(138,'bhealth@bclose.pt',NULL,NULL,NULL,1632476685692,NULL,1,NULL),(139,'bhealth@bclose.pt',NULL,NULL,NULL,1632476750543,NULL,1,NULL),(140,'bhealth@bclose.pt',NULL,NULL,NULL,1632476751948,NULL,1,NULL),(141,'bhealth@bclose.pt',NULL,NULL,NULL,1632476794852,NULL,1,NULL),(142,'bhealth@bclose.pt',NULL,NULL,NULL,1632476795969,NULL,1,NULL),(143,'geral@canada.pt',NULL,NULL,NULL,1632476881692,NULL,1,NULL),(144,'bhealth@bclose.pt',NULL,NULL,NULL,1632476994439,NULL,1,NULL),(145,'cicey56497@vefblogg.com',NULL,NULL,NULL,1632492988921,NULL,1,NULL),(146,'cicey56497@vefblogg.co',NULL,NULL,NULL,1632493005703,NULL,1,NULL),(147,'bhealth@bclose.pt',NULL,NULL,NULL,1632494971328,NULL,1,NULL),(148,'poconi1771@timevod.com',NULL,NULL,NULL,1632495118245,NULL,1,NULL),(149,'yinace6531@timevod.com',NULL,NULL,NULL,1632495138881,NULL,1,NULL),(150,'bhealth@bclose.pt',NULL,NULL,NULL,1632495426482,NULL,1,NULL),(151,'bhealth@bclose.pt',NULL,NULL,NULL,1632574768532,NULL,1,NULL),(152,'bhealth@bclose.p',NULL,NULL,NULL,1632574776167,NULL,1,NULL),(153,'ivandrodebarros@gmail.com',NULL,NULL,NULL,1632575361111,NULL,1,NULL),(154,'sikavix868@tinilalo.com',NULL,NULL,NULL,1632575404868,NULL,1,NULL),(155,'sikavix868@tinilalo.com',NULL,NULL,NULL,1632576066279,NULL,1,NULL),(156,'sikavix868@tinilalo.com',NULL,NULL,NULL,1632576070405,NULL,1,NULL),(157,'sikavix868@tinilalo.co',NULL,NULL,NULL,1632576083498,NULL,1,NULL),(158,'rui.carvalho@bclose.pt',NULL,NULL,NULL,1632604434447,NULL,1,NULL),(159,'lfq91884@yuoia.com',NULL,NULL,NULL,1632604453779,NULL,1,NULL),(160,'rui.carvalho@bclose.pt',NULL,NULL,NULL,1632605196201,NULL,1,NULL),(161,'xuc26380@yuoia.com',NULL,NULL,NULL,1632605215705,NULL,1,NULL),(162,NULL,NULL,NULL,NULL,1632741462087,NULL,1,NULL),(163,'bhealth@bclose.pt',NULL,NULL,NULL,1632744588881,NULL,1,NULL),(164,'bhealth@bclose.pt',NULL,NULL,NULL,1632744651784,NULL,1,NULL),(165,'bhealth@bclose.p',NULL,NULL,NULL,1632744748106,NULL,1,NULL),(166,'bhealth@bclose.p',NULL,NULL,NULL,1632744770636,NULL,1,NULL),(167,'bhealth@bclose.pt',NULL,NULL,NULL,1632744780452,NULL,1,NULL),(168,'bhealth@bclose.p',NULL,NULL,NULL,1632744786403,NULL,1,NULL),(169,'bhealth@blose.pt',NULL,NULL,NULL,1632744797714,1632745117051,1,NULL),(170,NULL,NULL,NULL,NULL,1632747301442,NULL,1,NULL),(171,'bhealth@bclose.pt',NULL,NULL,NULL,1632749943620,NULL,1,NULL),(172,'bhealth@bclose.pt',NULL,NULL,NULL,1632750276618,NULL,1,NULL),(173,'bhealth@bclose.pt',NULL,NULL,NULL,1632750301864,NULL,1,NULL),(174,'bhealth@bclose.p',NULL,NULL,NULL,1632750334148,NULL,1,NULL),(175,'bhealth@bclose.pt',NULL,NULL,NULL,1632750346556,NULL,1,NULL),(176,'bhealth@bclose.pt',NULL,NULL,NULL,1632750378279,NULL,1,NULL),(177,'bhealth@bclose.pt',NULL,NULL,NULL,1632750383644,NULL,1,NULL),(178,'cnv64714@yuoia.com1',NULL,NULL,NULL,1632760718556,NULL,1,NULL),(179,'cnv64714@yuoia.com2',NULL,NULL,NULL,1632760811622,NULL,1,NULL),(180,NULL,NULL,NULL,NULL,1659441423718,NULL,1,NULL);
/*!40000 ALTER TABLE `contact` ENABLE KEYS */;
UNLOCK TABLES;

--
-- Table structure for table `country`
--

DROP TABLE IF EXISTS `country`;
/*!40101 SET @saved_cs_client     = @@character_set_client */;
/*!40101 SET character_set_client = utf8 */;
CREATE TABLE `country` (
  `id` int(11) NOT NULL AUTO_INCREMENT,
  `name` varchar(100) DEFAULT NULL,
  `iso` varchar(45) DEFAULT NULL,
  `indicative` int(11) DEFAULT NULL,
  `iso3` varchar(100) DEFAULT NULL,
  `nicename` varchar(100) DEFAULT NULL,
  `numcode` int(11) DEFAULT NULL,
  `created_at` bigint(20) DEFAULT NULL,
  `status` int(11) DEFAULT '1',
  PRIMARY KEY (`id`) USING BTREE,
  UNIQUE KEY `id_UNIQUE` (`id`) USING BTREE
) ENGINE=InnoDB AUTO_INCREMENT=352 DEFAULT CHARSET=utf8 ROW_FORMAT=COMPACT;
/*!40101 SET character_set_client = @saved_cs_client */;

--
-- Dumping data for table `country`
--

LOCK TABLES `country` WRITE;
/*!40000 ALTER TABLE `country` DISABLE KEYS */;
INSERT INTO `country` VALUES (1,'AFGHANISTAN','AF',93,'AFG','Afghanistan',4,1630688725586,1),(2,'ALBANIA','AL',355,'ALB','Albania',8,1630688725586,1),(3,'ALGERIA','DZ',213,'DZA','Algeria',12,1630688725586,1),(4,'AMERICAN SAMOA','AS',1684,'ASM','American Samoa',16,1630688725586,1),(5,'ANDORRA','AD',376,'AND','Andorra',20,1630688725586,1),(6,'ANGOLA','AO',244,'AGO','Angola',24,1630688725586,1),(7,'ANGUILLA','AI',1264,'AIA','Anguilla',660,1630688725586,1),(8,'ANTARCTICA','AQ',0,NULL,'Antarctica',NULL,1630688725586,1),(9,'ANTIGUA AND BARBUDA','AG',1268,'ATG','Antigua and Barbuda',28,1630688725586,1),(10,'ARGENTINA','AR',54,'ARG','Argentina',32,1630688725586,1),(11,'ARMENIA','AM',374,'ARM','Armenia',51,1630688725586,1),(12,'ARUBA','AW',297,'ABW','Aruba',533,1630688725586,1),(13,'AUSTRALIA','AU',61,'AUS','Australia',36,1630688725586,1),(14,'AUSTRIA','AT',43,'AUT','Austria',40,1630688725586,1),(15,'AZERBAIJAN','AZ',994,'AZE','Azerbaijan',31,1630688725586,1),(16,'BAHAMAS','BS',1242,'BHS','Bahamas',44,1630688725586,1),(17,'BAHRAIN','BH',973,'BHR','Bahrain',48,1630688725586,1),(18,'BANGLADESH','BD',880,'BGD','Bangladesh',50,1630688725586,1),(19,'BARBADOS','BB',1246,'BRB','Barbados',52,1630688725586,1),(20,'BELARUS','BY',375,'BLR','Belarus',112,1630688725586,1),(21,'BELGIUM','BE',32,'BEL','Belgium',56,1630688725586,1),(22,'BELIZE','BZ',501,'BLZ','Belize',84,1630688725586,1),(23,'BENIN','BJ',229,'BEN','Benin',204,1630688725586,1),(24,'BERMUDA','BM',1441,'BMU','Bermuda',60,1630688725586,1),(25,'BHUTAN','BT',975,'BTN','Bhutan',64,1630688725586,1),(26,'BOLIVIA','BO',591,'BOL','Bolivia',68,1630688725586,1),(27,'BOSNIA AND HERZEGOVINA','BA',387,'BIH','Bosnia and Herzegovina',70,1630688725586,1),(28,'BOTSWANA','BW',267,'BWA','Botswana',72,1630688725586,1),(29,'BOUVET ISLAND','BV',0,NULL,'Bouvet Island',NULL,1630688725586,1),(30,'BRAZIL','BR',55,'BRA','Brazil',76,1630688725586,1),(31,'BRITISH INDIAN OCEAN TERRITORY','IO',246,NULL,'British Indian Ocean Territory',NULL,1630688725586,1),(32,'BRUNEI DARUSSALAM','BN',673,'BRN','Brunei Darussalam',96,1630688725586,1),(33,'BULGARIA','BG',359,'BGR','Bulgaria',100,1630688725586,1),(34,'BURKINA FASO','BF',226,'BFA','Burkina Faso',854,1630688725586,1),(35,'BURUNDI','BI',257,'BDI','Burundi',108,1630688725586,1),(36,'CAMBODIA','KH',855,'KHM','Cambodia',116,1630688725586,1),(37,'CAMEROON','CM',237,'CMR','Cameroon',120,1630688725586,1),(38,'CANADA','CA',1,'CAN','Canada',124,1630688725586,1),(39,'CAPE VERDE','CV',238,'CPV','Cape Verde',132,1630688725586,1),(40,'CAYMAN ISLANDS','KY',1345,'CYM','Cayman Islands',136,1630688725586,1),(41,'CENTRAL AFRICAN REPUBLIC','CF',236,'CAF','Central African Republic',140,1630688725586,1),(42,'CHAD','TD',235,'TCD','Chad',148,1630688725586,1),(43,'CHILE','CL',56,'CHL','Chile',152,1630688725586,1),(44,'CHINA','CN',86,'CHN','China',156,1630688725586,1),(45,'CHRISTMAS ISLAND','CX',61,NULL,'Christmas Island',NULL,1630688725586,1),(46,'COCOS (KEELING) ISLANDS','CC',672,NULL,'Cocos (Keeling) Islands',NULL,1630688725586,1),(47,'COLOMBIA','CO',57,'COL','Colombia',170,1630688725586,1),(48,'COMOROS','KM',269,'COM','Comoros',174,1630688725586,1),(49,'CONGO','CG',242,'COG','Congo',178,1630688725586,1),(50,'CONGO, THE DEMOCRATIC REPUBLIC OF THE','CD',242,'COD','Congo, the Democratic Republic of the',180,1630688725586,1),(51,'COOK ISLANDS','CK',682,'COK','Cook Islands',184,1630688725586,1),(52,'COSTA RICA','CR',506,'CRI','Costa Rica',188,1630688725586,1),(53,'COTE D\'IVOIRE','CI',225,'CIV','Cote D\'Ivoire',384,1630688725586,1),(54,'CROATIA','HR',385,'HRV','Croatia',191,1630688725586,1),(55,'CUBA','CU',53,'CUB','Cuba',192,1630688725586,1),(56,'CYPRUS','CY',357,'CYP','Cyprus',196,1630688725586,1),(57,'CZECH REPUBLIC','CZ',420,'CZE','Czech Republic',203,1630688725586,1),(58,'DENMARK','DK',45,'DNK','Denmark',208,1630688725586,1),(59,'DJIBOUTI','DJ',253,'DJI','Djibouti',262,1630688725586,1),(60,'DOMINICA','DM',1767,'DMA','Dominica',212,1630688725586,1),(61,'DOMINICAN REPUBLIC','DO',1809,'DOM','Dominican Republic',214,1630688725586,1),(62,'ECUADOR','EC',593,'ECU','Ecuador',218,1630688725586,1),(63,'EGYPT','EG',20,'EGY','Egypt',818,1630688725586,1),(64,'EL SALVADOR','SV',503,'SLV','El Salvador',222,1630688725586,1),(65,'EQUATORIAL GUINEA','GQ',240,'GNQ','Equatorial Guinea',226,1630688725586,1),(66,'ERITREA','ER',291,'ERI','Eritrea',232,1630688725586,1),(67,'ESTONIA','EE',372,'EST','Estonia',233,1630688725586,1),(68,'ETHIOPIA','ET',251,'ETH','Ethiopia',231,1630688725586,1),(69,'FALKLAND ISLANDS (MALVINAS)','FK',500,'FLK','Falkland Islands (Malvinas)',238,1630688725586,1),(70,'FAROE ISLANDS','FO',298,'FRO','Faroe Islands',234,1630688725586,1),(71,'FIJI','FJ',679,'FJI','Fiji',242,1630688725586,1),(72,'FINLAND','FI',358,'FIN','Finland',246,1630688725586,1),(73,'FRANCE','FR',33,'FRA','France',250,1630688725586,1),(74,'FRENCH GUIANA','GF',594,'GUF','French Guiana',254,1630688725586,1),(75,'FRENCH POLYNESIA','PF',689,'PYF','French Polynesia',258,1630688725586,1),(76,'FRENCH SOUTHERN TERRITORIES','TF',0,NULL,'French Southern Territories',NULL,1630688725586,1),(77,'GABON','GA',241,'GAB','Gabon',266,1630688725586,1),(78,'GAMBIA','GM',220,'GMB','Gambia',270,1630688725586,1),(79,'GEORGIA','GE',995,'GEO','Georgia',268,1630688725586,1),(80,'GERMANY','DE',49,'DEU','Germany',276,1630688725586,1),(81,'GHANA','GH',233,'GHA','Ghana',288,1630688725586,1),(82,'GIBRALTAR','GI',350,'GIB','Gibraltar',292,1630688725586,1),(83,'GREECE','GR',30,'GRC','Greece',300,1630688725586,1),(84,'GREENLAND','GL',299,'GRL','Greenland',304,1630688725586,1),(85,'GRENADA','GD',1473,'GRD','Grenada',308,1630688725586,1),(86,'GUADELOUPE','GP',590,'GLP','Guadeloupe',312,1630688725586,1),(87,'GUAM','GU',1671,'GUM','Guam',316,1630688725586,1),(88,'GUATEMALA','GT',502,'GTM','Guatemala',320,1630688725586,1),(89,'GUINEA','GN',224,'GIN','Guinea',324,1630688725586,1),(90,'GUINEA-BISSAU','GW',245,'GNB','Guinea-Bissau',624,1630688725586,1),(91,'GUYANA','GY',592,'GUY','Guyana',328,1630688725586,1),(92,'HAITI','HT',509,'HTI','Haiti',332,1630688725586,1),(93,'HEARD ISLAND AND MCDONALD ISLANDS','HM',0,NULL,'Heard Island and Mcdonald Islands',NULL,1630688725586,1),(94,'HOLY SEE (VATICAN CITY STATE)','VA',39,'VAT','Holy See (Vatican City State)',336,1630688725586,1),(95,'HONDURAS','HN',504,'HND','Honduras',340,1630688725586,1),(96,'HONG KONG','HK',852,'HKG','Hong Kong',344,1630688725586,1),(97,'HUNGARY','HU',36,'HUN','Hungary',348,1630688725586,1),(98,'ICELAND','IS',354,'ISL','Iceland',352,1630688725586,1),(99,'INDIA','IN',91,'IND','India',356,1630688725586,1),(100,'INDONESIA','ID',62,'IDN','Indonesia',360,1630688725586,1),(101,'IRAN, ISLAMIC REPUBLIC OF','IR',98,'IRN','Iran, Islamic Republic of',364,1630688725586,1),(102,'IRAQ','IQ',964,'IRQ','Iraq',368,1630688725586,1),(103,'IRELAND','IE',353,'IRL','Ireland',372,1630688725586,1),(104,'ISRAEL','IL',972,'ISR','Israel',376,1630688725586,1),(105,'ITALY','IT',39,'ITA','Italy',380,1630688725586,1),(106,'JAMAICA','JM',1876,'JAM','Jamaica',388,1630688725586,1),(107,'JAPAN','JP',81,'JPN','Japan',392,1630688725586,1),(108,'JORDAN','JO',962,'JOR','Jordan',400,1630688725586,1),(109,'KAZAKHSTAN','KZ',7,'KAZ','Kazakhstan',398,1630688725586,1),(110,'KENYA','KE',254,'KEN','Kenya',404,1630688725586,1),(111,'KIRIBATI','KI',686,'KIR','Kiribati',296,1630688725586,1),(112,'KOREA, DEMOCRATIC PEOPLE\'S REPUBLIC OF','KP',850,'PRK','Korea, Democratic People\'s Republic of',408,1630688725586,1),(113,'KOREA, REPUBLIC OF','KR',82,'KOR','Korea, Republic of',410,1630688725586,1),(114,'KUWAIT','KW',965,'KWT','Kuwait',414,1630688725586,1),(115,'KYRGYZSTAN','KG',996,'KGZ','Kyrgyzstan',417,1630688725586,1),(116,'LAO PEOPLE\'S DEMOCRATIC REPUBLIC','LA',856,'LAO','Lao People\'s Democratic Republic',418,1630688725586,1),(117,'LATVIA','LV',371,'LVA','Latvia',428,1630688725586,1),(118,'LEBANON','LB',961,'LBN','Lebanon',422,1630688725586,1),(119,'LESOTHO','LS',266,'LSO','Lesotho',426,1630688725586,1),(120,'LIBERIA','LR',231,'LBR','Liberia',430,1630688725586,1),(121,'LIBYAN ARAB JAMAHIRIYA','LY',218,'LBY','Libyan Arab Jamahiriya',434,1630688725586,1),(122,'LIECHTENSTEIN','LI',423,'LIE','Liechtenstein',438,1630688725586,1),(123,'LITHUANIA','LT',370,'LTU','Lithuania',440,1630688725586,1),(124,'LUXEMBOURG','LU',352,'LUX','Luxembourg',442,1630688725586,1),(125,'MACAO','MO',853,'MAC','Macao',446,1630688725586,1),(126,'MACEDONIA, THE FORMER YUGOSLAV REPUBLIC OF','MK',389,'MKD','Macedonia, the Former Yugoslav Republic of',807,1630688725586,1),(127,'MADAGASCAR','MG',261,'MDG','Madagascar',450,1630688725586,1),(128,'MALAWI','MW',265,'MWI','Malawi',454,1630688725586,1),(129,'MALAYSIA','MY',60,'MYS','Malaysia',458,1630688725586,1),(130,'MALDIVES','MV',960,'MDV','Maldives',462,1630688725586,1),(131,'MALI','ML',223,'MLI','Mali',466,1630688725586,1),(132,'MALTA','MT',356,'MLT','Malta',470,1630688725586,1),(133,'MARSHALL ISLANDS','MH',692,'MHL','Marshall Islands',584,1630688725586,1),(134,'MARTINIQUE','MQ',596,'MTQ','Martinique',474,1630688725586,1),(135,'MAURITANIA','MR',222,'MRT','Mauritania',478,1630688725586,1),(136,'MAURITIUS','MU',230,'MUS','Mauritius',480,1630688725586,1),(137,'MAYOTTE','YT',269,NULL,'Mayotte',NULL,1630688725586,1),(138,'MEXICO','MX',52,'MEX','Mexico',484,1630688725586,1),(139,'MICRONESIA, FEDERATED STATES OF','FM',691,'FSM','Micronesia, Federated States of',583,1630688725586,1),(140,'MOLDOVA, REPUBLIC OF','MD',373,'MDA','Moldova, Republic of',498,1630688725586,1),(141,'MONACO','MC',377,'MCO','Monaco',492,1630688725586,1),(142,'MONGOLIA','MN',976,'MNG','Mongolia',496,1630688725586,1),(143,'MONTSERRAT','MS',1664,'MSR','Montserrat',500,1630688725586,1),(144,'MOROCCO','MA',212,'MAR','Morocco',504,1630688725586,1),(145,'MOZAMBIQUE','MZ',258,'MOZ','Mozambique',508,1630688725586,1),(146,'MYANMAR','MM',95,'MMR','Myanmar',104,1630688725586,1),(147,'NAMIBIA','NA',264,'NAM','Namibia',516,1630688725586,1),(148,'NAURU','NR',674,'NRU','Nauru',520,1630688725586,1),(149,'NEPAL','NP',977,'NPL','Nepal',524,1630688725586,1),(150,'NETHERLANDS','NL',31,'NLD','Netherlands',528,1630688725586,1),(151,'NETHERLANDS ANTILLES','AN',599,'ANT','Netherlands Antilles',530,1630688725586,1),(152,'NEW CALEDONIA','NC',687,'NCL','New Caledonia',540,1630688725586,1),(153,'NEW ZEALAND','NZ',64,'NZL','New Zealand',554,1630688725586,1),(154,'NICARAGUA','NI',505,'NIC','Nicaragua',558,1630688725586,1),(155,'NIGER','NE',227,'NER','Niger',562,1630688725586,1),(156,'NIGERIA','NG',234,'NGA','Nigeria',566,1630688725586,1),(157,'NIUE','NU',683,'NIU','Niue',570,1630688725586,1),(158,'NORFOLK ISLAND','NF',672,'NFK','Norfolk Island',574,1630688725586,1),(159,'NORTHERN MARIANA ISLANDS','MP',1670,'MNP','Northern Mariana Islands',580,1630688725586,1),(160,'NORWAY','NO',47,'NOR','Norway',578,1630688725586,1),(161,'OMAN','OM',968,'OMN','Oman',512,1630688725586,1),(162,'PAKISTAN','PK',92,'PAK','Pakistan',586,1630688725586,1),(163,'PALAU','PW',680,'PLW','Palau',585,1630688725586,1),(164,'PALESTINIAN TERRITORY, OCCUPIED','PS',970,NULL,'Palestinian Territory, Occupied',NULL,1630688725586,1),(165,'PANAMA','PA',507,'PAN','Panama',591,1630688725586,1),(166,'PAPUA NEW GUINEA','PG',675,'PNG','Papua New Guinea',598,1630688725586,1),(167,'PARAGUAY','PY',595,'PRY','Paraguay',600,1630688725586,1),(168,'PERU','PE',51,'PER','Peru',604,1630688725586,1),(169,'PHILIPPINES','PH',63,'PHL','Philippines',608,1630688725586,1),(170,'PITCAIRN','PN',0,'PCN','Pitcairn',612,1630688725586,1),(171,'POLAND','PL',48,'POL','Poland',616,1630688725586,1),(173,'PUERTO RICO','PR',1787,'PRI','Puerto Rico',630,1630688725586,1),(174,'QATAR','QA',974,'QAT','Qatar',634,1630688725586,1),(175,'REUNION','RE',262,'REU','Reunion',638,1630688725586,1),(176,'ROMANIA','RO',40,'ROM','Romania',642,1630688725586,1),(177,'RUSSIAN FEDERATION','RU',70,'RUS','Russian Federation',643,1630688725586,1),(178,'RWANDA','RW',250,'RWA','Rwanda',646,1630688725586,1),(179,'SAINT HELENA','SH',290,'SHN','Saint Helena',654,1630688725586,1),(180,'SAINT KITTS AND NEVIS','KN',1869,'KNA','Saint Kitts and Nevis',659,1630688725586,1),(181,'SAINT LUCIA','LC',1758,'LCA','Saint Lucia',662,1630688725586,1),(182,'SAINT PIERRE AND MIQUELON','PM',508,'SPM','Saint Pierre and Miquelon',666,1630688725586,1),(183,'SAINT VINCENT AND THE GRENADINES','VC',1784,'VCT','Saint Vincent and the Grenadines',670,1630688725586,1),(184,'SAMOA','WS',684,'WSM','Samoa',882,1630688725586,1),(185,'SAN MARINO','SM',378,'SMR','San Marino',674,1630688725586,1),(186,'SAO TOME AND PRINCIPE','ST',239,'STP','Sao Tome and Principe',678,1630688725586,1),(187,'SAUDI ARABIA','SA',966,'SAU','Saudi Arabia',682,1630688725586,1),(188,'SENEGAL','SN',221,'SEN','Senegal',686,1630688725586,1),(189,'SERBIA AND MONTENEGRO','CS',381,NULL,'Serbia and Montenegro',NULL,1630688725586,1),(190,'SEYCHELLES','SC',248,'SYC','Seychelles',690,1630688725586,1),(191,'SIERRA LEONE','SL',232,'SLE','Sierra Leone',694,1630688725586,1),(192,'SINGAPORE','SG',65,'SGP','Singapore',702,1630688725586,1),(193,'SLOVAKIA','SK',421,'SVK','Slovakia',703,1630688725586,1),(194,'SLOVENIA','SI',386,'SVN','Slovenia',705,1630688725586,1),(195,'SOLOMON ISLANDS','SB',677,'SLB','Solomon Islands',90,1630688725586,1),(196,'SOMALIA','SO',252,'SOM','Somalia',706,1630688725586,1),(197,'SOUTH AFRICA','ZA',27,'ZAF','South Africa',710,1630688725586,1),(198,'SOUTH GEORGIA AND THE SOUTH SANDWICH ISLANDS','GS',0,NULL,'South Georgia and the South Sandwich Islands',NULL,1630688725586,1),(199,'SPAIN','ES',34,'ESP','Spain',724,1630688725586,1),(200,'SRI LANKA','LK',94,'LKA','Sri Lanka',144,1630688725586,1),(201,'SUDAN','SD',249,'SDN','Sudan',736,1630688725586,1),(202,'SURINAME','SR',597,'SUR','Suriname',740,1630688725586,1),(203,'SVALBARD AND JAN MAYEN','SJ',47,'SJM','Svalbard and Jan Mayen',744,1630688725586,1),(204,'SWAZILAND','SZ',268,'SWZ','Swaziland',748,1630688725586,1),(205,'SWEDEN','SE',46,'SWE','Sweden',752,1630688725586,1),(206,'SWITZERLAND','CH',41,'CHE','Switzerland',756,1630688725586,1),(207,'SYRIAN ARAB REPUBLIC','SY',963,'SYR','Syrian Arab Republic',760,1630688725586,1),(208,'TAIWAN, PROVINCE OF CHINA','TW',886,'TWN','Taiwan, Province of China',158,1630688725586,1),(209,'TAJIKISTAN','TJ',992,'TJK','Tajikistan',762,1630688725586,1),(210,'TANZANIA, UNITED REPUBLIC OF','TZ',255,'TZA','Tanzania, United Republic of',834,1630688725586,1),(211,'THAILAND','TH',66,'THA','Thailand',764,1630688725586,1),(212,'TIMOR-LESTE','TL',670,NULL,'Timor-Leste',NULL,1630688725586,1),(213,'TOGO','TG',228,'TGO','Togo',768,1630688725586,1),(214,'TOKELAU','TK',690,'TKL','Tokelau',772,1630688725586,1),(215,'TONGA','TO',676,'TON','Tonga',776,1630688725586,1),(216,'TRINIDAD AND TOBAGO','TT',1868,'TTO','Trinidad and Tobago',780,1630688725586,1),(217,'TUNISIA','TN',216,'TUN','Tunisia',788,1630688725586,1),(218,'TURKEY','TR',90,'TUR','Turkey',792,1630688725586,1),(219,'TURKMENISTAN','TM',7370,'TKM','Turkmenistan',795,1630688725586,1),(220,'TURKS AND CAICOS ISLANDS','TC',1649,'TCA','Turks and Caicos Islands',796,1630688725586,1),(221,'TUVALU','TV',688,'TUV','Tuvalu',798,1630688725586,1),(222,'UGANDA','UG',256,'UGA','Uganda',800,1630688725586,1),(223,'UKRAINE','UA',380,'UKR','Ukraine',804,1630688725586,1),(224,'UNITED ARAB EMIRATES','AE',971,'ARE','United Arab Emirates',784,1630688725586,1),(225,'UNITED KINGDOM','GB',44,'GBR','United Kingdom',826,1630688725586,1),(226,'UNITED STATES','US',1,'USA','United States',840,1630688725586,1),(227,'UNITED STATES MINOR OUTLYING ISLANDS','UM',1,NULL,'United States Minor Outlying Islands',NULL,1630688725586,1),(228,'URUGUAY','UY',598,'URY','Uruguay',858,1630688725586,1),(229,'UZBEKISTAN','UZ',998,'UZB','Uzbekistan',860,1630688725586,1),(230,'VANUATU','VU',678,'VUT','Vanuatu',548,1630688725586,1),(231,'VENEZUELA','VE',58,'VEN','Venezuela',862,1630688725586,1),(232,'VIET NAM','VN',84,'VNM','Viet Nam',704,1630688725586,1),(233,'VIRGIN ISLANDS, BRITISH','VG',1284,'VGB','Virgin Islands, British',92,1630688725586,1),(234,'VIRGIN ISLANDS, U.S.','VI',1340,'VIR','Virgin Islands, U.s.',850,1630688725586,1),(235,'WALLIS AND FUTUNA','WF',681,'WLF','Wallis and Futuna',876,1630688725586,1),(236,'WESTERN SAHARA','EH',212,'ESH','Western Sahara',732,1630688725586,1),(237,'YEMEN','YE',967,'YEM','Yemen',887,1630688725586,1),(238,'ZAMBIA','ZM',260,'ZMB','Zambia',894,1630688725586,1),(239,'ZIMBABWE','ZW',263,'ZWE','Zimbabwe',716,1630688725586,1),(351,'Portugal','pt',351,NULL,NULL,NULL,1630688725586,1);
/*!40000 ALTER TABLE `country` ENABLE KEYS */;
UNLOCK TABLES;

--
-- Table structure for table `data_clinic`
--

DROP TABLE IF EXISTS `data_clinic`;
/*!40101 SET @saved_cs_client     = @@character_set_client */;
/*!40101 SET character_set_client = utf8 */;
CREATE TABLE `data_clinic` (
  `id` int(11) NOT NULL AUTO_INCREMENT,
  `frequency_measurements` int(11) DEFAULT NULL,
  `departament_id` int(11) DEFAULT NULL,
  `type_scale` text,
  `vip` int(11) DEFAULT '0',
  `created_at` bigint(20) DEFAULT NULL,
  `updated_at` bigint(20) DEFAULT NULL,
  `status` int(11) DEFAULT '1',
  `admission_id` int(11) NOT NULL,
  PRIMARY KEY (`id`) USING BTREE,
  KEY `data_clinic_FK` (`departament_id`) USING BTREE,
  KEY `admission_idx` (`admission_id`) USING BTREE,
  CONSTRAINT `admission` FOREIGN KEY (`admission_id`) REFERENCES `admission` (`id`) ON DELETE CASCADE ON UPDATE CASCADE,
  CONSTRAINT `data_clinic_FK` FOREIGN KEY (`departament_id`) REFERENCES `departaments` (`id`) ON DELETE CASCADE ON UPDATE CASCADE
) ENGINE=InnoDB AUTO_INCREMENT=58 DEFAULT CHARSET=utf8 ROW_FORMAT=COMPACT;
/*!40101 SET character_set_client = @saved_cs_client */;

--
-- Dumping data for table `data_clinic`
--

LOCK TABLES `data_clinic` WRITE;
/*!40000 ALTER TABLE `data_clinic` DISABLE KEYS */;
INSERT INTO `data_clinic` VALUES (34,NULL,NULL,NULL,NULL,1632230425923,NULL,1,58),(35,NULL,NULL,NULL,NULL,1632230526042,NULL,1,59),(36,NULL,NULL,NULL,NULL,1632230673610,NULL,1,60),(37,NULL,NULL,NULL,NULL,1632231722399,NULL,1,61),(38,NULL,NULL,NULL,NULL,1632233158908,NULL,1,62),(39,NULL,NULL,NULL,NULL,1632239705092,1632404382433,1,64),(40,NULL,NULL,NULL,NULL,1632250446000,1632261936963,1,66),(41,NULL,NULL,'',NULL,1632319193925,NULL,1,67),(42,NULL,NULL,NULL,NULL,1632363082738,NULL,1,68),(43,NULL,NULL,NULL,NULL,1632401386969,NULL,1,69),(44,NULL,NULL,NULL,NULL,1632401778130,NULL,1,70),(45,NULL,NULL,NULL,NULL,1632405250470,NULL,1,73),(46,NULL,NULL,NULL,NULL,1632405328774,NULL,1,74),(47,NULL,NULL,NULL,NULL,1632407184748,1632407735604,1,75),(48,NULL,NULL,NULL,NULL,1632407660339,NULL,1,76),(49,NULL,NULL,NULL,NULL,1632408148129,NULL,1,77),(50,NULL,NULL,NULL,NULL,1632408458704,NULL,1,78),(51,NULL,NULL,NULL,NULL,1632411772979,NULL,1,79),(52,NULL,NULL,'',NULL,1632413729946,NULL,1,81),(53,NULL,NULL,'',NULL,1632413976393,NULL,1,83),(54,NULL,NULL,NULL,NULL,1632420570401,NULL,1,84),(55,NULL,NULL,NULL,NULL,1632479682512,NULL,1,85),(56,NULL,NULL,NULL,NULL,1633003436726,NULL,1,87),(57,NULL,NULL,NULL,NULL,1659441423786,NULL,1,88);
/*!40000 ALTER TABLE `data_clinic` ENABLE KEYS */;
UNLOCK TABLES;

--
-- Table structure for table `departaments`
--

DROP TABLE IF EXISTS `departaments`;
/*!40101 SET @saved_cs_client     = @@character_set_client */;
/*!40101 SET character_set_client = utf8 */;
CREATE TABLE `departaments` (
  `id` int(11) NOT NULL AUTO_INCREMENT,
  `name` varchar(45) DEFAULT NULL,
  `created_at` bigint(20) DEFAULT NULL,
  `updated_at` bigint(20) DEFAULT NULL,
  `status` int(11) DEFAULT '1',
  `entity_id` int(11) NOT NULL,
  `visibility` tinyint(4) DEFAULT '1',
  PRIMARY KEY (`id`) USING BTREE,
  UNIQUE KEY `id_UNIQUE` (`id`) USING BTREE,
  KEY `fk_departaments_entity1_idx` (`entity_id`) USING BTREE,
  CONSTRAINT `fk_departaments_entity1` FOREIGN KEY (`entity_id`) REFERENCES `entity` (`id`)
) ENGINE=InnoDB AUTO_INCREMENT=61 DEFAULT CHARSET=utf8 ROW_FORMAT=COMPACT;
/*!40101 SET character_set_client = @saved_cs_client */;

--
-- Dumping data for table `departaments`
--

LOCK TABLES `departaments` WRITE;
/*!40000 ALTER TABLE `departaments` DISABLE KEYS */;
INSERT INTO `departaments` VALUES (37,'default',1632228965196,NULL,1,46,1),(38,'default',1632232262671,NULL,1,47,1),(39,'Clinica Geral',1632232446388,1632232584863,1,48,1),(40,'Oncologia',1632232573669,NULL,1,48,1),(41,'default',1632236290620,NULL,1,50,1),(42,'default',1632248954629,NULL,1,52,1),(43,'default1',1632249849779,1632249870430,1,53,1),(44,'default',1632249849779,NULL,1,54,1),(45,'Base',1632359077391,1632360754489,1,56,1),(46,'Medical ',1632360767028,NULL,1,56,1),(47,'Oncologia',1632360774432,NULL,1,56,1),(48,'dafault',1632411879428,NULL,1,1,1),(49,'Default',1632411884207,NULL,1,59,1),(50,'Default',1632413541222,NULL,1,60,1),(51,'default',1632425871774,NULL,1,61,1),(52,'Armamento',1632430240251,NULL,1,56,1),(53,'default',1632476349872,NULL,1,62,1),(54,'Geral',1632476881700,1632476926350,1,63,1),(55,'Default',1632590600109,NULL,1,64,1),(56,'default',1632603756052,NULL,1,65,1),(57,'default',1632603899773,NULL,1,66,1),(58,'default',1632604992176,NULL,1,67,1),(59,'default',1632605119643,NULL,1,68,1),(60,'default',1632749797955,NULL,1,69,1);
/*!40000 ALTER TABLE `departaments` ENABLE KEYS */;
UNLOCK TABLES;

--
-- Table structure for table `department_roles`
--

DROP TABLE IF EXISTS `department_roles`;
/*!40101 SET @saved_cs_client     = @@character_set_client */;
/*!40101 SET character_set_client = utf8 */;
CREATE TABLE `department_roles` (
  `id` int(11) NOT NULL AUTO_INCREMENT,
  `read` int(11) DEFAULT '1',
  `write` int(11) DEFAULT '1',
  `created_at` bigint(20) DEFAULT NULL,
  `updated_at` bigint(20) DEFAULT NULL,
  `status` int(11) DEFAULT '1',
  `roles_id` int(11) NOT NULL,
  `departaments_id` int(11) NOT NULL,
  PRIMARY KEY (`id`) USING BTREE,
  KEY `fk_table1_roles1_idx` (`roles_id`) USING BTREE,
  KEY `fk_table1_departaments1_idx` (`departaments_id`) USING BTREE,
  CONSTRAINT `fk_table1_departaments1` FOREIGN KEY (`departaments_id`) REFERENCES `departaments` (`id`),
  CONSTRAINT `fk_table1_roles1` FOREIGN KEY (`roles_id`) REFERENCES `roles` (`id`)
) ENGINE=InnoDB DEFAULT CHARSET=utf8 ROW_FORMAT=COMPACT;
/*!40101 SET character_set_client = @saved_cs_client */;

--
-- Dumping data for table `department_roles`
--

LOCK TABLES `department_roles` WRITE;
/*!40000 ALTER TABLE `department_roles` DISABLE KEYS */;
/*!40000 ALTER TABLE `department_roles` ENABLE KEYS */;
UNLOCK TABLES;

--
-- Table structure for table `device`
--

DROP TABLE IF EXISTS `device`;
/*!40101 SET @saved_cs_client     = @@character_set_client */;
/*!40101 SET character_set_client = utf8 */;
CREATE TABLE `device` (
  `id` int(11) NOT NULL AUTO_INCREMENT,
  `ble_characteristic` varchar(45) DEFAULT NULL,
  `ble_name` varchar(45) DEFAULT NULL,
  `ble_service` varchar(45) DEFAULT NULL,
  `name` varchar(45) NOT NULL,
  `mac_address` varchar(45) NOT NULL,
  `supplier_id` int(11) NOT NULL,
  `created_at` bigint(20) DEFAULT NULL,
  `updated_at` bigint(20) DEFAULT NULL,
  `status` int(11) DEFAULT '1',
  `package_id` int(11) NOT NULL,
  `category_device_id` int(11) NOT NULL,
  PRIMARY KEY (`id`,`category_device_id`) USING BTREE,
  UNIQUE KEY `id_UNIQUE` (`id`) USING BTREE,
  KEY `fk_device_supplier1_idx` (`supplier_id`) USING BTREE,
  KEY `fk_device_package1_idx` (`package_id`) USING BTREE,
  KEY `fk_device_category_device1_idx` (`category_device_id`) USING BTREE,
  CONSTRAINT `fk_device_category_device1` FOREIGN KEY (`category_device_id`) REFERENCES `category_device` (`id`),
  CONSTRAINT `fk_device_package1` FOREIGN KEY (`package_id`) REFERENCES `package` (`id`),
  CONSTRAINT `fk_device_supplier1` FOREIGN KEY (`supplier_id`) REFERENCES `supplier` (`id`)
) ENGINE=InnoDB AUTO_INCREMENT=5 DEFAULT CHARSET=utf8 ROW_FORMAT=COMPACT;
/*!40101 SET character_set_client = @saved_cs_client */;

--
-- Dumping data for table `device`
--

LOCK TABLES `device` WRITE;
/*!40000 ALTER TABLE `device` DISABLE KEYS */;
INSERT INTO `device` VALUES (2,'12334567','term_dg','1234567','Termometro Digital','12:12:12:12',1,1631035286515,NULL,1,1,1),(3,'','','','','',1,1631035319679,NULL,1,1,1),(4,'','','','','',1,1631035322950,NULL,1,1,1);
/*!40000 ALTER TABLE `device` ENABLE KEYS */;
UNLOCK TABLES;

--
-- Table structure for table `emergency_contact`
--

DROP TABLE IF EXISTS `emergency_contact`;
/*!40101 SET @saved_cs_client     = @@character_set_client */;
/*!40101 SET character_set_client = utf8 */;
CREATE TABLE `emergency_contact` (
  `id` int(11) NOT NULL AUTO_INCREMENT,
  `user_id` int(11) NOT NULL,
  `name1` varchar(45) NOT NULL,
  `image1` text,
  `address1` varchar(45) DEFAULT NULL,
  `phone_number1` varchar(45) NOT NULL,
  `name2` varchar(45) DEFAULT NULL,
  `image2` text,
  `address2` varchar(45) DEFAULT NULL,
  `phone_number2` varchar(45) DEFAULT NULL,
  `status` int(11) DEFAULT '1',
  `created_at` bigint(20) DEFAULT NULL,
  `updated_at` bigint(20) DEFAULT NULL,
  `type` varchar(45) DEFAULT 'WEB' COMMENT 'WEB / MOBILE',
  PRIMARY KEY (`id`) USING BTREE,
  KEY `user_id_idx` (`user_id`) USING BTREE,
  CONSTRAINT `userid` FOREIGN KEY (`user_id`) REFERENCES `user` (`id`) ON DELETE CASCADE
) ENGINE=InnoDB AUTO_INCREMENT=44 DEFAULT CHARSET=utf8 ROW_FORMAT=COMPACT;
/*!40101 SET character_set_client = @saved_cs_client */;

--
-- Dumping data for table `emergency_contact`
--

LOCK TABLES `emergency_contact` WRITE;
/*!40000 ALTER TABLE `emergency_contact` DISABLE KEYS */;
INSERT INTO `emergency_contact` VALUES (16,181,'Marido ','/9j/4AAQSkZJRgABAQAAAQABAAD/2wCEAA4ODg4PDhASEhAXGBYYFyEfHBwfITIkJyQnJDJNMDgwMDgwTURSQz5DUkR6X1VVX3qMdnB2jKqYmKrWy9b///8BDg4ODg8OEBISEBcYFhgXIR8cHB8hMiQnJCckMk0wODAwODBNRFJDPkNSRHpfVVVfeox2cHaMqpiYqtbL1v/////CABEIA8ACHAMBIgACEQEDEQH/xAAvAAEBAQEBAQAAAAAAAAAAAAAAAQIDBAUBAQEBAQEAAAAAAAAAAAAAAAABAgME/9oADAMBAAIQAxAAAAL5gAAAAAAAAAAAAAAAAAAAAAAAAAAAAAAAAAAAAAAAAAAAAAAAAAAAAAAAAAAAAAAAAAAAAAAAAAAAAAAAAAAAAAAAAAAAAAAAAAAAAAAAAAAAAAAAAAAAAAAAAAAAAAAAAAAAAAAAAAAAAAAAAAAAAAAAAAAAAAAAAAAAAAAAAAAAAAAAAAAAAAAAAAAAAAAAAAAAAAAAAAAAAAAAAAAAAAAAAAAAAAAAAAAAAAAAAAAAAAAAAAAAAAAAAAAAAAAAAAAAAAAAAAAAAAAAAAAAAAAAAAAAAAAAAAAAAAAAAAAAAAAAAANBEoiiKIolAoioigoiiKIoiiKIpYoiiKIoiiKIoiiKIoiiTUIoiiKJKIogPtO6uDsOLsOLtTg7jg7jg7jg7Di7w4uw4uw4uw4uw4uw4uw4uw4uw4u44O44O8OLsOLuODsOLpMsOyuLurg7jg7jg7jg7jg7jg7jg7jg7gDz6406c9ZOrMO05i74068+NPb4vZ5TtngPQzwPVOOzpcZOm+Hc8uUPVMZLvGyb5YPZw6eY7zGjV58zozg9HbzeguLnLg3OW+vTl16ZDcAAAAAAAAoJNDF0MzYijzdtjOegc+gznoMtDM2JNDOgy0MNjGqMXQc+gijF0OetDF0MToTlj0M6zosCgAAAAAAAPA8xy9LzD0vMPS8w9Tyj1PKPU8w9M8+V9GfNhr2PEX2vFD3TxF9rxI9rxD23wq9zw6PY81j0TiOzhD0PLg9rxK9t8I9zwj3PCPc8I9zxE9rxD2vEPa8Q9rxD2vEPa8Q9rxD2vEPQHIAAABZQBnWTGN4bgaSwCUAbMdO2jGtSICKICKOfL0Q87ryoALAKAIAAAAAAA9AvIAACgAAZ1kxjeG4GksAlS9iehsw64iZsIogAEsEomdDhnvyrIpRAAgAAAAAAD0C8gAAKAABnWTGN4bgmksoajXeaNb55jpjIqFtgoBSTQyozNQmdDhnvxolsACAAAAAAAPQLyAAAoAAGdZMY3huCaSynox0hc0IKC2WAWgqUoJLCSwgJnUOM686CwAIAAAAAA9AvIgqRdMjTBduY6OY6TAvPUmstFy10NQBoysKUWWUoi5KUWWECSyoADPPrDiLAoiKlAAAAAOuaSaxVrryIsAAAAAAHTFLci7xu51NZkhlduRrrJmXvz6cjYCZNs0SwgAIsOeOvKgQAAAAAADpASi749CTWQAAKCAAKUlVO3ps35M8unOXONZdc41J0iSa9HK4l1KsiwdMd09HP2eZfJCUVYRHHtyqESpQAAAAADYAGdQ1FIAABAAEN3Oh056ufo45teW43mdOPn9HmnYkmrvHZdcPRyisS56TmOnTjT2cuENb5dJaGksRjWaypJNSooiwCAAANgASjO8aABAQsQqADes6oROnby+ti3xetrj5+3FUu5qdtWM56DzY6ZsyAAg11x0lWVZLEznWQLEoiygAEokqCU2AADINQECAAAd+GzcsKmyOhOGutXhn0ZMejMjUzVtslnm9eU8k7Z05tQm71JUgFkuUmdjCywKAASwASwojQAEQRDSKACAAoU2zqNXNN757NSYGMQ1eQ7642XtOXNfVvxdTrcjctMrCSwAksTWNcyUqKSAAASwSwWU2CAzLBClgoAQFAax0GpYWUusUctcy20zN6OV7yXleujzz0xc564Lvl0EuRLACSxI1kk1mgQACLBKJLCazToCTUM5sEsqgoKEiwBZ057LpIoFlM41onTPRMaF1JZZvGiyokpePTMrpAAksJYTeNQwqyLCKIsAICSwllOssEsMSwSyllFlKESwBZvI6wgQtkLYLJg2wOl5l6XkjtrhT0TGlvHtyN3OglJLDNEEBbIBKIsIsICSwiWu0qJLDEsoABZSpRLABLDWufQIjeaJLEjVJbpcOheTrThO8jl0DeLVAIEsFzEtECgIsIsEsICSwzZa7yyJLDEsoABYKAABAbxooi3NARYLcl1rnZel502zpSiSwubkqBBKVBKAAAksEsICSwzZa9E1mMxDMsoAAABYKgAWU0iLYSlJqhdFjVly1TLUlkojWKzJQQJU0LAAAEsAJLCAksM2WvVnWY551gSygAAAAAAANJYqUtzU6MVd3Gl1cI3cU0ylsQY1kEpmwmos0lQAAAACSwgJLKzYPXmyOeN4IKAAAAAAAAWaAFiKgusF6XlTo5o63mXpM5LcjWZQoZ3zsmsk6MaKg0gqCoEsICSwyK9MiM51kyKAAAAAAAAazos1kSwCAWUBCoNXNLLRSBRy6c6JUA0g1c0qCoAIQSwyDsgkuSCgAAAACiLAgoOucdjmIgAoCBQgUULVignLryolSpRYLc6FBYKUznpkzN5MtCoGbKAAAFIoUAJLCAFK1g7c51jkAAFFJpozpDTMNpYLFnPplOdNRYKIAAAAAAAWKSlSiN1MbkNY2M2aIsIsEowolU1Go56sN8u3MiUq7Ma3Fwgs1o53eS3OoZ0XNkTCrMrBc0oAAAAAAI3zKuybDoxTWaOeO2CAlgsoyspnUibzo1Og53VGOuDiUmoOmuI3gKhag1rmN5hAAEoysLc0oApKIqIADpz0q6zqJLAoXMOmUBCxSKIBNQzQ6a5aNTVM6mjhNZCWggAKAAAAAASjKyLrFKsABSASjRow1k3hszrOiY3grOwELABNVcW0y2MTUJvA7TFJjUMlECiigIEqwAAAAEqM2DdzQsE3o5a0GdYre89Ixjtk42xKESxYzRrNKEFWzWSbxpd7zok0MNZMZ1kAk3gSgCgACoAAAAACTWY1caNFIg1NwxaN7wN4kSAgKmjld4JoKpJRbEFml3qUZ3kXOjlnWSQNZmzFKAWWIoi0y3kgAAoAADNQ2liyhrI3GjIRLCLABrNN8u2VxFSpUgCxWs7OoUQxbkzjWA1km+fQksAFloB3wlXkOvO9TzuvOoEAAAZ0Jc6i2DTOhrI1LERCoCqmpqOjRfM3zS2VIsAVvGjskUlHLXMlmxjWBrNNSjGpSUpZ3Vx12l8zrhL03lalXny66Tzt5uYACoM25NpYIOl59AxULowoVTLZSQxjfM6JUAAazTrM6XWOnAzAu4M5ollNAk1koN759WuXfn1ViU3mw3jXMs3k4wYAlKSiTUjO8aLKCKtzU1YjWd5VrGjVmwCce/E5b56TQAEsN9uHZefO5Gs9Ri5IADQLnUIQoOnXzVU7ZMQBs6cunFQZAAAAmemC2UiwKZtzpXTnRntzV040675dScu3M883zOl59ESgU3q5XjKNW5MywAWUoKU5rBQFJqxes4+s8vo9PjOIQAADXTeGtueF7TeTy2GNSiqTNEoW9OWlmPRyM7509F59Djx9fmOe8U6xpM6lO/LryXlZsuN4IACUKBrOibwWT0ecvo5bVNFzjrkxjryZaz6jNxtqS6PNN4Z6a4D0Zx61x5fRyOU1lnVzo0hKBKRZVvTjtc478iduGj0+frg8wNdeHStW2Tpz7c146zsvPfMJQEFFlVc6Bk9/ztZX0c+nNrt5u/BHo8/VLjWl4erybTXXBdTJZz3U5LGb6PNpd9OWl5Z1Gc2DbCujmOjnZNsF6TA6uQtzTpeQy0rNo6OaO+eUOl5DeZDTI0yNXA2wN3kO05K2yO05F7c8jVwNsDTJNMl0yNMjUhKgqFqEsAABYKgqCoNIKgqCoKgsQqAAAgqCoAAFgqCoKgqCoKgqCoKgqCoKgqCBQAAAAAAAAAAAAAAAAAAAAAAAAAAAAAAAAAAAAAAAAAAAAAAAAAAAAAAAAAAAAAAAAAAAAAAAAAAAAAAAAAAAAAAAAAAAAAAAAAAAAAAAAAAAAAAAAAAAAAAAAAAAAAAAAAAAAAAAAAAAAAAAAAAAAAAAAAAAAAAAAAAAAAAAAAAAAAAAAAAAAAAAAAAAAAAAAAAAAAAAAAAAAAAAAAAAAAAAAAAAAAAAAAAAAAAAAAAAAAAAAAAAAAAAAAAAAAAAAAAAAAAAAAAAAAAAAAAAAAAAAAAAAAAAAAAAAAAAAAAAAAAAAP/8QAAv/aAAwDAQACAAMAAAAh888888888888888888888888888888888888888888888888888888888888888888888888888888888888888888888888888888888888888888888888888888888888888888888888888888888888888888888888888888888888888888888888888888888888888888888888888888888888888888888888888888888888888888888888888888888888888888888888888888888888888888MZxxxtB2+CCCDDDCCOe+++++uOKW+iCeyuAMMIAAAIEMMMMMMMcww08w852wgAAAAAAAM4AAwYQUUwYsE04gUwYYIgN0kMMMMMMMMMMccsssccssccMc8s8cMss8tMuMMMMMMMMMxxxxNNDQw9FQyygAGQ42wkMMMBBBBBBBBBBAEM8pDBB9VCCC0yrxtjeW+99BDDDDDDDDBBU8ABDFt9V+So+OxtJFZLY8hBDDDDDDDDDDV8ABDX9/BD7zz+nFJRpRZcJBDDDDDDDDDD88ABDXp/Vr9tVDzVdB9ppvaBBDDDDDDDDL0x484xeubff9ReqlRDLppB7LBPLDDDDD6um26yy2uOGmxm39uxxVBtBBlICDDDDDDDe+q2uKACCC6iEWZYRe8mH8R4tUGLDDDDDD+6Sy++iey2KsVMk2AenPCej8xADVNFLDDD+qTqyG2WCyEtJAJW6ttDDPyoB6DT19NRbL+qD6a66CCm6ej2Xns2Dc8INAFjHNJBV9VX+qXv88+qBRWeMR7/AFhjMHPOAAWws/7y1/ww6+wZVPbACSory5iohzHIBJAFYVLyw9+/7y831VVAdQLTws2J6yq28vCAPLX4R+5y6/01gx1efCVQJe5j0Fh1It3IKCII5iTUZ5643W6/QRaCFAFWTihwyxrLyWGPOE5zQddV66/T+/bfbUcKXRahrz46tzGJOAOUxfKQVV666ai/fffcZTfeXg959U2RitCOs0ccIVCXa46S11ffffffffQmn3uLcfoojApMdfffaf6xbez/AH2kEEEEHXlHLaI38aTTpSXfv0f8+Otf0uv32kEEEEEHl1WuKIZ5E0Ptl/NcMc+u9fsOPX2kEEUEU1Eku8EHz65cd0Fsu8++9PdfNf333k0k0kn3mkP8sIqakXe6+EH/AD3/AP8A/wD/AIUEOTUWRNSeYQ68204DKYV2q1z773//AOv/APH3Se+WGuz1T3LnHLjjDQgAPvvTPDPJRz//APYwsholusvw753+6yQxvPPfffQUa5/5yz3yxstmkt4j0jhy59y+31cAhHPPffe3zghz1Turhyz5v0g4orMFi601wwgPPfPPfbzonhqli4vv59sorwrFONjn9Sa888/vvPPbFEtruv8A/e89LorvfNCQDPN8u+kE8OfDzzzzxoK45cc/lOouqPcdTRiMdcOOFScOctbnzwyAJ4ocduPK7YLJcNiT7/v5b+8r9M896MOBDapJxRObZyyZ8sNc6ZouNZJZcOc8qeIIMMIdaKLOKPYCiRbtsOhZpa755L6Ytrc+MMMcooJ/aq9KrbhAKosPho4ILb6o7tILLp8Lor7r6vK8JOepoLr9zthoYoPuop/7Lqcv/Nr7JoI9vwwtIKetf30JcPc5qLP80EHDDBHDABHHDEHHGEEX0HX32FUnHG0033200000000000003zzzzzzzzzzzzzzzzzzzzzzzzzzzzzzzzzzzzzzzzzzzzzzzzzzzzzzzzzzzzzzzzzzzzzzzzzzzzzzzzzzzzzzzzzzzzzzzzzzzzzzzzzzzzzzzzzzzzzzzzzzzzzzzzzzzzzzzzzzzzzzzzzzzzzzzzzzzzzzzzzzzzzzzzzzzzzzzzzzzzzzzzzzzzzzzzzzzzzzzzzzzzzzzzzzzzzzzzzzzzzzzzzzzzzzzzzzzzzzzzzzzzzzzzzzzzzzzzzzzzzzzzzzzzzzzzzzzzzzzzzzzzzzzzzzzzzzzzzzzzzzzzzz/xAAC/9oADAMBAAIAAwAAABDzzzzzzzzzzzzzzzzzzzzzzzzzzzzzzzzzzzzzzzzzzzzzzzzzzzzzzzzzzzzzzzzzzzzzzzzzzzzzzzzzzzzzzzzzzzzzzzzzzzzzzzzzzzzzzzzzzzzzzzzzzzzzzzzzzzzzzzzzzzzzzzzzzzzzzzzzzzzzzzzzzzzzzzzzzzzzzzzzzzzzzzzzzzzzzzzzzzzzzzzzzzzzzzzzzzzzzzzzzzzzzzzzzzzzzzzzzzzzzzzzzzzzzzzzzzzzzzzzzzzzzzzzzzzzzzzzzzzzzzzzzzzzzzzzzzzzzzzzzzzzzzzzy1UkX2VAv8M88473zzCQwwwwxzCRSp7pqpoAwggABDzTzzzzzzywAAQgAgc4BDDDDAAADyyDRDTwzQzhThADTSgTBxSfR3zzzzzzzzzBADBBCyzzxzwyzyzwwyzxy+F3zzzzzzzzzvb77bbCR0CFz7+0zD/v7SgABzHzzzTzzzz7/vN+oBfwAH7vMcoztukewIH1X775b7775L7/APDCAXYABC6W08ibnfHBNAhV+++W++++W++/DC+1qCV3xujkIHD9dPaHJR2++W++++++/wDwwslfQgS1pOKxP384VdXFkfPvlvvvvsPS2sPNKA0ktOHkLoayY01Qw8D/AA5p77777ZaLCQ44pKK4iXcIREMdyTGsOPLf7777775oMgxLf3774K8NAEUC3foQ+7r/AMHK++++++BFd2CDb6+myxPlbvqD6D3rP9vJyAg0++++BV8mO7HGqGQFZqN8PlT+iCzir/zS08sM6GBV67WK37Dzjc0QJ/58XI+0HCvQJBAAUt9WNLOSMgCHM8fcrR9BvAukYksC/wCZMjvtn/8AciKdmzy1GkiMiB1NsZPJklVMoPOR7SzZqOfTJtWHQGGmwZARvngMDd4nUnqOUETxSQsOMGrtW3yUG2QrDy7pvbPhglnnu3PjpoBCt8ng4knhEgD1Dj7jhPailOv7e+cQcAiSwGteni6lEEQA1QjBZ5AOzcgJDVMftMyEQj4mtfmW6AEEBywgBAe9u3ug3svH+w7SwFhWbMN+myKAEEEEEEEFcb/BBOkN9ckBUrzDzz4EPm0zWkFX33330lAivryA1Ta9n4zkDbgCBQGv2jWkFX33330VEzxYrLX35MtHQs6arizQev8AuvJBV991VVtlMqLJBgDVE27U7/CuOO2WSyL9BBF9588V95RmymOOYy1VYallDe+SCCyyhwUBQQolspxx3OGn7O8QR10rbD7eqCCWCC/+3yGOLPWgPvqmm7X7xe+OBRSCmGiEcyKCNqyOOK2aDu3bWqaew6799888A4QuGmeqOCf66CCWmnCevGe6aCS6cxDFd9MMMOGej+Cg4MP3Tr2i/wC4qJP7zqluggwffPffPBiuptllCe/ns6s9j+iBE3d2oBIstq/8/ffPeTvqhnVZup+lip4nxCI6viishCP9ttPfPfWdxjhuyw9bzno1igrNGrprjslOeym5isPfTcSluns07dEBmhuhpmlTmn66ktkjgm1gwoUZ5ngKbsvElkJ1shjPbWnrrx5sp3y9qgwggwm/lz+vZJsFr20y7kNrmrto48wm1rrighv3gq3+nk2FCjrax44LOogstr0pn+5i/jr876g/u34lirELLP8Ak3aAKoNMp6594/dIqOJ7/fNNL0xsLfqprHBuJobOf/I63EDDw21zyxFFDEHTy01l1VnHF0WXkF30HHGEE3333300kEEEHzzzzzzzzzzzzzzzzzzzzzzzzzzzzzzzzzzzzzzzzzzzzzzzzzzzzzzzzzzzzzzzzzzzzzzzzzzzzzzzzzzzzzzzzzzzzzzzzzzzzzzzzzzzzzzzzzzzzzzzzzzzzzzzzzzzzzzzzzzzzzzzzzzzzzzzzzzzzzzzzzzzzzzzzzzzzzzzzzzzzzzzzzzzzzzzzzzzzzzzzzzzzzzzzzzzzzzzzzzzzzzzzzzzzzzzzzzzzzzzzzzzzzzzzzzzzzzzzzzzzzzzzzzzzzzzzzzzzzzzzzzzzzzzzzzzzzzzzzzzzzzzzzz/xAAlEQACAQQCAgICAwAAAAAAAAAAARECECBAEjADUAQhE4AUMUH/2gAIAQIBAT8A/UKSeifQfyPByjmpFD9B8nn+GrgpZVxopdVVKX1EHwaqqvAm/QJweb43j81Sqr/wppVKSShLak5HJCae4ySSbycmhVSTst9CcCem8W/rrTnSeLweacMT65J63i8k4F1vq4nFnEi8HE4kYJ6iUsVMU/0MYxqyRBA6R3p1KfpnNQNjsxP7JwqvTqokbJGxMpeFV6dWSSbO1LgVZyHUN3QtRkCQ0NCpTHTHQrTmu1DGSNk5pk6bu+tasEEDRA0QQQRjOwyR7cXZI2N9a0nZskb9A7PFCIxWo0NDRBBF10rTggjBXjbdnanckkeFMTuOzwpX3uwQQQQJetnsn0LJJ9Et93W+7rZnJkEbcifol6GMWLeV2LcjGCP1r//EACgRAAICAQQCAQQCAwAAAAAAAAABAhEgAxASMBNAMQQhUVJQgBQyQf/aAAgBAwEBPwD+mX3xssssssssv3qRXbwn+v8AA6dc1YlKT+0jWSU2v4BqzT1p6cWo0Ntu31ebU/Y82p+x5tT9jzan7Hm1PyebU/J5tT8i1p38kJtlvqedlllllll9ETT7GisH6Efk0xZLN7v0I/Jp9CyofpR+SHQs2V1UzjIUGzxM8LPAzwsWlTIxoXex9K04nFfgpdU9eEPln+ZBkNeLFJMW9l4v1NSXCDZ9X9ROeq6kaHNtGkpELRFljmchyf5ITtC3l6Dw+oi3pSRP6aXNn0+i1RpQQoISGUUONijRHeXUumhq0amkr+CGmkkRVbLZooooS3fUtng8XGxLdbNFFFCW7zrdYrNbrCisX2va+hC6n2Me6xeywWTH2vobF1t9r2rK9kLZZtj9CuhFZsb7nm90LobyXo1shdD9hoQi9rxfuXk9n/APpsv1Fg++yyy+iit1uh9jLwssWdllllnIsssssvpfuXi3k2ciyyy+y87ykJ7sQvcZQtntHFdCVji/QW0to4roiqVjkUmOHoNDQuyKONnBpigjiqJRQ8X1NFYrd4Q+CJcbLRyRIl89DYnk0V2W0R1P+DRbIttk5V9sabKeCFk12pWKMkURaRJtsplMXyKCpFUPjRKtnsnih9caJqiEaV7VZNUQjZSGlRNUeQi20S+NqGhrZPBbNdSLF/qTl9iE/uTVog6OSLRNJraEqLVD3qzghQSKKKK2opFFFFI4o4opFLfmyxOjk9rLL3Tr+q//xAAzEAACAgAEBQMEAAUFAQEAAAAAAQIRAxASUhQgITAxE0BQIjJBUQQzQmFxIzRgcqBwgf/aAAgBAQABPwL/AMa1FFFFFFFFFFFFFFFFFFFFFFFFFFFFFFFFFFFFFFFFFFFFFf8ADeHwdhw+DsOHwdhw+DsOHwdhw+DsOHwdhw+DsOHwdhw+DsOHwdhw+DsOHwdhw+DsOHwdhw+DsOHwdhw+DsOHwdhw+DsOHwdhw+FsOHwdhw+DsOHwdhw+DsOHwdhw+DsOHwdhw+DsOHwdhw+DsOHwdhw+DsOHwdh6GFsPQwth6GFsPQwth6GFsPQwth6GFsPQwth6GFsPQwth6GFsPQwth6GFsPQwth6GFsPQwth6GFsPQwdhw+DsOHwdhw+DsOHwdhw+DsOHwdhw+DsOHwdhw+DsOHwdhw+DsOHwdhw+DsOHwdhw+Ds+P1Gte3x7dQXmRgy1Q6+V0Y8bzUW6MWavBl+LI4ty0uLQ8XrSTdEJqatE5qCtnrdUnFpsU05yj+hYibmtp6686XX7ywsTTr+lv6j1Y6NYsbqk4tX4LXqvzdHrR0uX6HiJJdOr/BHEUrVNMwqcFROahX7ZHEUnVUyX2v8Awfwsn9r/AMn8TJ2kn48ksRRpVbYsW76O1+DBxZS1Wn5IYyn4Tr9kZxjhautHqLVFfvL115p1+yeMouqb6EsZRpU7aHi1X0u3+CGIpX+K8ksZOMqi6/ZhzUMGFkcW3TTTzkYett2Sv1EtPQj7b654spRrp0IaoYrUv6jAlFYdN+PJLS3gUumoxP52D/8ApgtR1p+dRgdZYj/DZjdJYTfizFaeJg9fyRaWPiX+kfdxOkpSwuuL0oXRIwJRXqdf6hS04c5L8z6GJ92H/qX9Qv8Acy/6kuuLrr6E+pifzoPVSryKK136lvSfw/8AJiT6Y8G/FEqlj4dfjyT+2X+BfTh4WJ+vJJf6LnukTk/UjG66eTC/nz+q+hhfbi/5ZgfyI/4MJqOBb/uYH0SqXl+DFTeHOv0JXhfzelCVY8f+g/8Acw/6snJ+rpvT0IdZY9O+hCcOH8/gj0X8O34MVqU8JLzZa8Wao1d9CX4JKb8OiOr8uyHn2yil4RpToeHBu3FGldOng0q0yWHCXmIkkNJ+SWF9WHpj4fUlCEvKFGK8I9LDu9Ky9LDf9KNKqq6HpYa/pRpV3RpjVV0NEaqugoRj4Qkl4HFS8ojCMfCy0xqq6GlNVRKEZeUKEV4Rojd11EklSNEaqhxT/GXpYd3pRpV2aVd/klCMvKFCK8I9KF3pRpjVV0IwhHwjSrujRGqroO1JE02ugsOQlX/GOKn+kcVP9I4qf6RxU/0jip/pHFT/AEjip/pHFT/SOKn+kcVP9I4qf6RxU/0jip/pHFT/AEjip/pHFT/SOMntRxs9qONntRxs9qOOntRx09qOOntRx09qOOntRx09qOOntRx09qOOntRx09qOOntRx09qOOntRxs9qOOntRx09qOOntRx09qOOntRx09qOOxNqOOntRx09qOOntRx09qOOntRx09qOOntRx09qOOntRx09qOOntRxs9qONntRxs9qONntRxs9qONntRx09qONntRxs9qONntRxs9qONntRxs9qONntRxs9qONntXsX39LFhs9M9NGhHpo9M0Mr4191YbYoJdpwHFr4t9uMGxRS7zh8U+1CHsWrGq+IfZhAQkV7BjVfDvsQj+RZeDUX7CrGq+GfPFW87HL2bQ1Xwr50qXuGvhXzQj+fdNfCPlSv3kl7ayyyyyyyyyyy+dKveP2dlsv26york/AhI/Pfl7ShOhq17VJmlmko6nUsTEX0F5LLLRqRrRq7L9tGVD765MPDspZPkZYmfg8MbOvJGNmFgprqYuHpfvk/ZLyJUhjHysQmx+Si+vJhkH0P4kvnfxGH96yec+hZZqyijwPyaunJYpCxKMSd9h+2YvYxfUU+gpXni+OWKymiy80+vUs1F5L4tckWRZeWNyRRWUuyvjFyRdMuNFuyPgxs4xbFGs6sl0HzxRXvl20JIa5NJpKNTHbNIokVQ+SSsarmURL367kXyLk0rO0XzOI4GhlMpkY9iivjWyzUaiyyzWa7LH3X8XY5FjzTLLysjLJdyXxbY3nRWek9M0FCXTJdt/CLnly0UNclZSF2qPyP4OPPISyorN9hdlD8/CRK5nksrLLzvlkiPZQ/hIl8yz1Fllllllmrk8P45czF2bLLE85eRfHXyvl0mk0mk0mhmnKxMRIXyS5a7FGkoQxc/X5CyyzUajUi/n6KNJpKKK5n8xXcfu37uu6/eP3a+JY/d2WWX8Kx+9sssssvOy+eWV+1ftV2rLLLLLzvmed/Ex9w/jF5H7d/Grr7Gy/ZUUV7/7h92jSUUV3rLNQmjUiy/fJnSSH07VFdl/AUV3PxknR9yPHdvKuRr3ySH3kVkmSVq+WsunLXO/dUaTSVleVewiSXXkWTideV81+5SEisqRpHHuoorKiKJ8iYmakN52WWWajUX7drNLOyyy+8uWyXw8uzZY+6nzP4lD9qmXmiXxXnJcl513lIvJ/AdCzqJM01yPtX2aNI4NFP4WjQVHK8qEUNFcz7qTHdCZ0EkemVyP3D5F2ELJ8z5FyLlWfQo6lvNn4+CrJZt89dtCzsTylyL41EhdpCzYsnyIfaSscX8Csn2kLN8qH3I/Sj1C4s9O/A1Xvlk+1HneSHkuzCJiSzUmjVGQ4e9WVD6Psx5WPJci7CVjelHXNQbPTRX9xoeGV30+2srMUXYXK3mh5rsRVIu5DHH9CXU/sSlpE7P7DbixNSJqn377FZ3lMXYWaH23yQVsxH+CHk/qKK/J/clG+p+BvqYiIKkN2+y/YUUUSWS7FiH0JPkfbi6PpkKNMrqOfUUkxuhTRZaTLTJ9FXtEPsNEl2UJE3msn3VM8roO8rfJD6VZJ2/bPK+VkslzoukPND76k0XGQ8P8ARVZwjZN/juUxrttZJl8kh9iCJ5xQ/ZKTRakPBl5KPtiPsKLYsM0xPoNaH9S7fkazTLykhrsQJ5ofbfL5NDNLywcf8SNEL1GNK32F5PCPrY4Mj5KijXEl57SPI1mmRGNDyXIiJPJd5RTQ1WcYpIc/0amdGOApyjmo2emjTEqA4IarKMz1CEtTonHRIf1R7qZ5Gs4s8jRLNDWcfBPJd1ifUmumWGupiP8ABCNdWSkhUzrFko31Wf2xFc2aF+zQhJIm+vJB1JGMk42jCfQmuua7SZ5Gs4vLEzQs4k8kPux+5GM46MsPwf1E30zj9SI9HRNVl90CL0sellL9mn+44FVyRdqj7ZE1a5L7SY+o1kmJmJyReUToSyQ+85N5Yfg/rMTxnhEvuJ+MlKi4s+k+k6fs1NDknyJ0OVin0HyWWWWi0Wi0Wi0WKaG45qRKSayooQmWjWjUi0XEbWdlllllotFo1I1ItZwmkOSs9S1ndFl9m87ysv8A+K2WWWWWWWWWWWWWWX/49P/EACoQAAMAAQQDAQACAgICAwAAAAABERAgITAxQEFhUVBxgaFgoHCxweHx/9oACAEBAAE/If8ApkREIQhCEIQhCERBBBBBBBBBBBBBBBBBBBBJJJJJJJJJJJJJJJJJBBBBBBBBBEREIQn/AAf4D4D5D5D5D5D5D5D5D5D5D4D4D4D4D4D4D4D4D4D4D4j4D4D4D4D4D4D4D4D4D4D4D4D4D5j5j5j5j5j5j5j5j5j5j5j5j5j5j5j5j5j5D4D4D4D4D4D4D4D4D4D4D4D5D5D5D5tVXEmn5Xelobkfjsh2M/0NR/8AQBNi+zQ2g6KahfVFp33tPWCn+PiX6JbydqewMnRT2yn2Fbv0Ju9sI+yQUf8A+CbuqqNex6tvT7FSQLpju7n06w30JFzb82f74jbbtH9M2dtrG8zoJCpy7h6DG3PwWEQTV/kcTu1u34NxV4Xo9h0oMHbwSERoqjozbofoqBlotv2Wy/RFaurl9oho2JDIrudsbeeN67bdNk22qfoxJJs9wzCWCGz8o9zYf5T8q7xNJGzR0sD+5YJB/TCxXpES0W8eibf/AKCPaxsf6sli7Evp/p+2tooNG2x/7gy7idJ/Ruwwx/tDZ/z/AEYxtdqf+DbOrsRtdPcdRu5/7A9NQuyxN/r+Ci7UKXZ2mhSNsxkx02+/ptXT7iEQo6a+n4NQwmpf+BXcKuz1f6EtLCNlTSvwzdXjK4hDaZpVdF8DG3cn4+DawlV0bipiCJRCWJUJTlJVHS7LsFT9C/rD7HcenfAup3G6hWpRKmnwNt1+Bc0tUSxIhVENHR6Gk1D1b4HcJPwRxbH9SnIb+ddsiCL8NtGJ2DJNo51j9CPSKyU2Uf2I82OalDb2R6t8HS6EloV9np/wIwS2kIRBjvYWsX/KCIiIiIiIiIqf/A0XdVVVVVVVVXVVVVRVVVVVVVd3d3V3d3d3dfgEz0MdkfuTeA0DZfxj5SrO44iaoh9fxYPnDk43uW3Q013/ABDwfDXdiSSITD5Eh/8ADng+D2MQoSPD5UqH/wAMeD1+1ghNBlm4uiEIQhND/hjPB8HI2FC8z0UKP4R4PSlXgkUfM8PTQan8G8Hp9zNLrui8dBqfwFKPB6LDpTKHqmqlLwQh4twgnR6KKKKKLiEITTITRBaPel8KVDU8Jhgj314K7zcpR4JinbDFEMTmXxS2EWXgIuhvpH1Gy9jb9GKgsR92IWrYSPNCR4evr4rQ/Yb914busgthrBoYxBSbwmLTBuJlpeCiCHqY+/FZtD5l1lKiJCwYYbGxvEDZEvY2ButvCNgqDumbtffxumWrmWUoPBjRsMbm0bMpYkDNhM4zVhIeg/3E+DCEJ4ZuS4QsSVkRQMZsKVGt8IgSkWNkWV4Uk9BpdusHQu9Z8M5ls+OlLpPezIDx9TolIVEILUNVaaUp2FqfjsT8CzcGdlD9kbbR60ehJ+hgITLkI3ETVWumo/Bmt8hKyIQuspYNv0tENsRMfiLUfKYtBupYgPLw/AXA+Y09iEylRA0jYSVjSiaGhfRQj1gZ/AZ7Jh5Y8rXMuH3xoWzE8IT0N4Wdgis3axIEG3xCEw9bwTb5WLXc3iXZ7PeUIo8J2xsXIZbEywNjC0PVTcJcrF4iF2TfQnohKkyI3KZQ3RSLjpjcLEL0PlYvOEJEEEogSFiBbCjCw9TwfTmMWlj8Au+AJCwQWKFoaqN0xh8JQ+Vi0sfgXG+rcxI7CIRIg2UWl7hi8Dc56mPwDrS3EbxiY2KeC0ZYqy1UIFoel8z1MfP3LoWLQbKUuaVlYrBuEmmeKQb53qY/AWgjth4SFom8FkaEK4L0dNDzdvAepj8Bd6GH3pKi1SyTbhvOmp3Cc71MfgrS87M8CTBBUXQz0PxnoeGPwV1wTUmhMJaX2KXQuZ5eh4Y/BXAkITEITTMNqXgvSeH4K1odChCEIQhCEw+hvC8J6TH4a0LJoWaUpdDY9yYY8LwnqH4a0IpRaApSlKXDeW8wsL4L84pcXWBSjDCGy5WCYjS8L0vQ8H4iaril1gt5UWjvlCl5XoYx+KfJS5eEtPfQi8r0sfiPOdoniYuWNvwXiY9DH4rzDfp89zrcSwx98kYxY3I8wmWPkhCa02mKJ9EafJMaxS6DH3wKFRBBs6yiP3DYel8iRND0tDEy/UU0fCkI7BOFuIPLF8S5fAk8bI9T094UG32HqQghMegm2JifwFD3il1hPW9PQYhJi4C5hRuvRuJmMogsPPQa38lMxDYNjfBxoWUJmDWZloh+CGFE8IIHAhIhBBURMNoeUJheKCERZDxo7op2NaHhMbQshN9IkYLxWWXgoEo/krhT5p4SojCYs7cbsaj1Pg7MiFEJBKvHhMLmTcSmHouCg3PL1TKcwSkmUqjv5DwnydkKbjZhDxRdck0KRkRB9jt5ac0TMI8TQmVINR5MYsZhOKYTwbjoXfDF4zWEI2If2VMaGz7DgkQQgtipokEMYkLCl0pIglYt5ug5EyilJ5LFnc3diQkipeioPf3ggsFiC0llaETFEPERsyH9Rtj/AAy09CeUosH2UWGXQNYNaqfCPCHcKJpDTIk2dMdClVGS6HvQxePMp6ETDbBNDeoQ0OMrQsPUNkMeO2WPVBryHhPTRPDQijY9NwTBoXCTCQuDeXsfRseD4W9BLmawsJnZHhPkTYSMe4uIYjdljYmKF0MXAm6yqe4hp2DW35IJ5paPCvIXYT4iHllGwmXTK1WdZ6FlyQ79j+10NNc9FuNF0XUpB7ReMMuTDYg9kPQaFpshtKGu00SkexT0EPtH4DZcLFoThQmXqh3LsQydhuHRt4uJ74TB6TFo354fooL7FlQ9ogjYL9Te1hXqxGxwPC0JwSiHiEETBoWw9omPeITGxNh4N3CR0h5WU0rHYdJRC3GlgfoWwJRNhbQtGio+KEFponhEQxYWTNIYzdDa0xBKxoKYQli8rL0VjF9z2CFgEFwZ/R1yWIfjHsT0rLC4QsJYiEYk+Jbg3hR7DaFoeitD12N9gRHvi3vFZ2JuBvHNC1J5TognBBR4otA2tdxhavCEGG+B6nIu5gNu2aD1uOM+Qxdiw9CwthNNZICKdJBiCCYnq3jboGG+J8GLZvsUULYTNzE1bfCn6sSSoR9Ev2OniEzZlOC2D1i4kXoJMWhISD4SE25KaUnhtZuiH5CeyGwrg6B+ggQ2iWWS9DUthqzFmYgstCwTwnh3ZyR4Y70E2Ow8PQ9S0vBnvhbsomb8H7ofvR+DLyo3XcPKR3lm+izDUtxllmIgWoxiFwsRUmdPDcJcIfIhh2zY+JYOQ7cxSj1hKYGy4NfAIXAt2hJUPaE+x9T2Ip6NgK4VZMlixuBDxOJmTxbNC5aMajEhttKfEhk7gjtx2D3MMU2htkaoqFsyh343txmDfQ27aN/CBVlhnXIkSEMm0JtpJUd4REbicosPYUxvHbpXY22Q8Xn3UT9H9sDY2YhGsvKO5CDc8NYggjSVL9h/uJT9I97KhNC0dsIyiikLXZvbM2+8b/YX7H6ioqIIIII0VfQ+o/2Kio7kcpDSDKioXqHeNKUpSlLhS4XJRv8A8FUqKioqKioqKiCCCCCSSSSSSSCCCCoqKUpSlKUpSlKUpSlKUpSlKUpSlKUpSlKUpS/9Mn//xAAmEAEBAQACAwADAQEBAAIDAAABABEQISAxQTBRYUBQcWCgcJGh/9oACAEBAAE/EP8A6ZNmxYsWLFixYsWbP/SgL67/AP8A9VVVVVf6AKzYsWLCz/8AB3+7u7u7v/3ZiIiKiIiIiIiIju7u7u7u7u7uyIiZnd//ALu5oIKG+vxaGI5/peoQCOngwHDWO8Ywiaf5M4e/m6fBbG7X/wBIE1LD9E25E9QYlb+8vl5z6gJ3NxH2J8bsA64Pabq/QBGgckv/ALdwOnbepA3BHUIgnpkToK/qSzTPSfd/UzU3EemyPRKm+keyCT9T+Po+1I7733ZOU3ub1sYpM7yzg8N/eWxRxIS/WHfsLZDTP64EzgqZ5EdX3A9dl/QPkgd41RhEjd7vY7jjuQ/T9mBkwDVur6udOoD5Nndls81NYwekU7D+xp0edNiP0ADq0OUQO1R86afvlzZix2v/APXFJR3GzXHLLLLLLLLLLLLLLLLLOGNpzxPct/lzDsfM37bQzIf/ALqBk0azR4HPPsT3+tLtrBgwse5q3OnwZGOCA5Ix9AgzScL3Bu3aTQFyIatl9MsSrYqT8CbQaIz026XI9D08V0dIT0QyYmo+DwjZjof+tEvn/k9dQCJCYa/wkwXO1Okd7Ikj3HLo/fcr4TR+WCXfKPNgYTqA+GIxIMWIeibBs6QP3ctGU6e4j3si/BYM2xx3KoyHo3st10Tnbqd9iCHGe9N2xR3oMbT/AAFn+PJJEJVUD6zFy6k7L+iZSXaFb1iIW+vpssIz6kLMHoDCalT2JpP+5hKC+elJV9e3DNy/pvdmW5s3Xq3+Ezr1FAHNer9wIx2kqCW7jqFMj0jqLD+2EfKHoJj+sk2ETb94ShGiYl/LudesirxzEddQgWetL6P4DOoMRhmHbDgiYC09XjHWyqh6k9WSn3e7l0etwx3ko04EPoG9M/1pJ3aAoZ0SVo/bl1fW516lFffoQiA8Wdt3P3XXqcW7IPkj7M16CM8GWWWWWWWWWWWWWWWWWf8AOyyyz/hxEREREBAAAP8A3ajzc3d3d3dzM3N3c3V3d3d3Mzd3d3N3d3d3ccnlPvl/ER/SvYMj6Q/bxfDJ7xvWd3uz/inJ5T7/ABhADZTehfA2wPRwnjkIxCGfRkOz/g5Z+Kff4dkP0QZh3xtPwZPAPaAPtkcH/Kvbl8GO26c5gOJGHGcpZZJZJN7AkP5/yT38/fWXrOHiIEQlly+WSSWQ5Mj/AD/nHbQJHUdITtitHivgzk3a5EmyIIyL+f8AMLKH6HuAACeXVJN8D4Hkl1weEgOM8H/D9PNQgjwPb7nkxNnBHgcgRl1Cb0nliDIsY/4tPAMpe7bGTB4IiWINpCQLThlmeWSO6M/2baWlvDEjkCdmcz5GAPRPAhjHBHuDZmWTwQrfBmZ5yVIt/wAmlixPFZm68Yr+l/S1+51ngxBYguS7we7sdS7OCIMZScglmWR7g5LM+CcUyz/E/wAgXb3GGJk8bb+TWJcMh4a7O6LWWQoSc26LeTohmIUiXqGe4kmfBksew/xrIbJsItMck89t8vcZmwscQdfc9k79tA/ZZ3ae7oSSnHahshH1ifTiOA/fmYa77/hXnaY16iQfU/l9J5/k5KAEeR74jGw7JJs7bEZUvyzHu6nfuyC7wkCLVijnit3GOL/KU7I3DGfzGWX9+YTz5dJJFso4H7LZdli6X60/ZsgQ92gQmY4GpEUnJLAdnfwfXDGY8n+FBheIZ+DfDb0jggwjG3YapP2HwDTwEal2mBM9WM4fZ/dAOOYxmddXZDscM2wF8HqxsbPzi2J8XjeNt4LLrg3ZmSrrsuXAT4BhHuG2a+UZpYMv6Zb7w2DfqU04nq0GDNG4tZHCzLe/hllhJZ+Ym+Y2WW22eBnpEzvsjFNge5CuaRPowsFvIY+pF6sCETQL57LMeW1xJ3Euo4Zn8Rss/JsRtCeVtlllt5yDnGSyyQ62Xbg5aj+83e7uiwbC9KBXajgDYkL1/qDeBllkqtECcM3pP40skssbXn6y6ttmW23xDJjmI0Q8A/LD8sHSlkBBt9IzHJNAWsYdcYgbNt5k7odSDY2WWT90h8P0ln145+JhZ5PBd5bltsvnqdkqZsb0Z6i7ghONHq+gj/LNXWvct+ztgTI3slnXpIOjSWvoyfZG+X90p0QAw8wN9zMHwz8Ky8tlljqbwv4O3V6nH95AsHRGBYxWVtWkzBjM9TboNhzgCNhn+boWcHlj3Z1Z7sHzS7/HssxZeyJs/g9Um0cEW8V2QSOwOpoVnYYkkKykVb7EvWsaTzE4Xk8t9nJLdgcvlng+uO8szLLxtvOcvKxI+931wQ5wDthOtsmsTBPkfxFdDhh/qXS7yePZmWeVuktYuhDLLPHOc/BsyzPByfgGo3W8FsOQzcjWOFrNO/Xjei9UHJB9ylmZuluE9JZeY6bdwb3s4zyeHmu7eXwHk4PPZaTV+AxPeuHdLpveMzzh8Qk5NC9Niz34SZ4YaZwuz55yz+KGeB4I/AiPq+8bMMeuAQXaYCbbwQJAIrRk426sWpdjwZtLbGftsss4yzh5Z5n4J8CPP5MGYfy22WOAArrZ3rHEOAR/uP6gIou8EhJUlp4mx3g2e+b4M8z3w8PhvgRw+L6lkR0W2yw2SdcTukhPHq8f+pgCOLqYvEbEb08FM/ELd4jecsss4eHhm9OXh/DD5sONonG8et2u5JnYW0IzN1NMJk2QskptXLtvBbrZEe3jPF8GZnwJPjtngWx4vHSDbbdEInADFwtvBxrLs8DderRABdI22zN+iDUTr8DMzPP7wzx6/gHm8bjLqeBjhkEKEyRxEjU4cWNlhxMKrbZZY5zzZ4Znj142Tg/ktt5eGfTkh68SmFDhQ4DkOEsrZthwE2WXw74PLMzwePXlIyy/G23jfB2xwMcBacGbIVqLmcLzzLdyLJZY7/AeXhmZ49eUhnB/I23xXfA8EQQJAK0LEGKXM8bPa+WJ7s12CXOLd4Fttvg8vDMzx68vKpf8S04HkSIGOEMMQ5my22Bd0RlwLpbbb+JmZnwvMvxbbbztvK4G2WRBksU4BxTnolittIpZNiMmvDbbfBmZmePXleVn/GOkWwwOGw9jH2KcghvhjIvACdQQQk7IRfY4Ntt8W9JmePXlZ8Bk/wCPYk8B5dOJwHaBZsWsTiU8AOCXLKC8Nht423hZmePW+8LLnf8AAxx20h4PLxtra2ocOvCbVuqDnbtxJkkahhh8mZnh94WX/M5zDH+M/i222OCZBvXAdslwdtmIhhibb4My+Issp/kfHq3gYd72epAvsnnLPw7kUxdpcDOfsPhsRyDDOEghvdsQ5DhJ3x22fA/GctJnwNJHvVEJznjj4CYbxDOAAieHXgW+B7l9WPLCDiBu+79rb+olsoOO7YZT+PfvhnD4jtswYUjGF6okHfnlq8BtwMwgQt4Fk7ExD4bbd2287ba228Ntl5suP2Z+EbXrlk8RMZjPoMm/5gpG3x1wGQZLq925b2+NI92AlONjjOCJ/Pts+OW7Fq7hpi1l2yTwSHgTNDe22TbbEuIJEU+RB7IYziJ2U9R9WM8TeOMHdiY6s6kx4H/BtvghKl+iBCGP2j1PfJniM7LINinUInD0ep6blaBIxCygPsmmnTD+pLYH7BlyE4NJ7ThGt7OEzNlxln5Nt4NbWCALK0oD2SnZEPnG5EJlynALaeIL6Zpy9uTrh+hsMs6tV2C+2P3iUwwJ6nfUX+2r4pJHAWeKWeQBu9nUKcOFSNN07LA7Z9PyKvbZJwOM5LOE4fZOBOFs33RF6jZJMcs51tfPLPwsZ6nxln4kJG4YiU2Jaw4mDqWjwPDOM4Tgllsjemfk253HRtqwxn4Ass/LkL0wXufDPLZ0jMiFVt3IZ65Pvbw+ZJMyFJDL3UrPTosEWN2yuxP+TJLN4nTPArCwvTizgEjIyDsZbLCxmMsb5Xt46bZY2N3xl3acYM16lJCCJHsWivryvB/kvTwUC9t2eizHJmZCOFodHCpxsAcE4O/GxKJiEpdcTdkgJgstS2x7sJI2WcdtGRH6Qw5Kflkbb/doHu0jP1PuJiP8aQydsAlnoW12uqrfWLMhAsDkwT/1wonA8o4NrbsAIGcM+peG9uPqJ2N27gZZHu12r7bPY4FWlgWetIch1sXj3Zwf4xHTGjgnRLavlvM27PbYsOBuQyGkhAbDgbrgqWcst6SRPB9cmQOjdzu3OrRZOeybwBbZ00laAMyMF25P8bKh7iylGYe7CEnho6lYLP7wrrx6vfHWZR2ecvXL2vSyfV8SAs6hlQ/Umt6Wrwjpnkf8Y6vTxbsKcMI4en5ass8Q2y9Wpb02vqPeWLxzkbZ4EGXq0hD1LLI0mrMqw5G8Ad8Z5t4L25In5gc4BY8GOxOMtt4Z8M4JZ28cCRt4YfA9x6iBIyWJ0bdLqS7IvN3h9ynjfAFcIftWq00j5yC2ssPxoIzjiHgxxBiWPBnweAOW6vleos4Dw9pYSjMlyITi1l1sDbu8Ov2em7Elnh1V0Wj844GIt0OSC3tntD8SaXph3OCMMrgQgsyXJZmzY87MMLZaS295HDblvOdgMIGWL3dCz4NHgrXh4TxJG9ng5iIvdkrsuTt9EbrWofgTYr292fhOMomJZ9EveHkxyRALGWEZACLQjh4+XzhYkJOrJArsDOFqs7jyb4ibHG9PAnrpL62AIFMnD7JkS0pPGNboVlofaPqYnstQe9i/wDt6Z6Xs53WHuQwMk15gWIDKS0QY7v6zoGURbz85ZFq5a9i7k642Zp7Mce44B75It9XV9ENpxiUosEe/sdS+ShDYIL/RlALTZlX8P0yeMEngSHbG2hGBtl1mClpwmvVnsIE4Od4MtDiBjY8DWykZLZI4bGw6kxj1w+t1HcYL7Eh1epxM6dMnenfcZU9e7QHdjMoTH4n1PXCe7MttlDaz7jaHVuT2HDZAZ3bNhhNSyb2T4N9n3ZG3pDIxat0Wnh7Q3dkY9ciNG6zuXdw4zCnpyQYrI0v7XahX2ThfxkkkYtWRu464iFHYhLJDtkYEiGxQl1Pu3s29eLI4jcmOsIbbtpzkEcEeuN8CGMJhxmde01g5Y19EYfI/Edw3xhvqf6JOGXGRoy04Wr+mnLsZ1CkChCe8WbIPEmzzlqLqmy+liYTLevADknsh3wWc+r69niEd6p013th/bJHPv4M/CCvapP6su6pYMN2ww7AZmSQoO8MpGPEGkZh0gSA3TNdk89k4LSIbazbNkpdz4nJxg8HLmBbd3z7X/WRg74CJiQqWBHrnPDvp+7Q5+QnNyO1QKXUYgBYBOHhiTyki4SRlOBQiXs5jO9Oe7AXPANZ0jdt/BINjf0F6R1wUghULA9koPVNu0KLlZe3j1cf3gfpKfSEdyMMP0sV2unomaYNgJ62yU/VsEZYy0jJngOBzhXg2HcksIyDiNOrN9cLGJ6vsQCXVtIWZCPV7yeGRycBEs+syXPU+yXqDsA0Aivo2y98SnpSIDiZqDBMR+d7RvUvAfmbZEbBS3mTRjjzbb4MnhgyhivDEOYwdlgHlws/d0bazwxdXk+p2xPBwcHP/ADu2AxucYGl7/wBzGEusqIw7veWw3eksWRkewnYN2PW/RQei+2tnMDacCROk3+exOnrqOwqgfgHSemxt4W1tyySNxtruTt4JBJO8N2vRSCkobqT6l8SInk2lpCOB2g67fuDnhkC1gEGZkdeHvfU/LMfGPb3n9VC+wsahvBiRJaN3XtBp7JCJJw5f1v7397+1/S/pf0hMd6g/sD3D+q6dMK9k2ANsuvV/G/jCBMUhuAcu2f3TWCO6r1H91/a/rf1v6x++P339L+kfsiXVFkf3X9rVHaH8J0fclfbLzNsWPFXy2zwxZtPz5/wdbW1tbW1tbW1/dr+7W3/4fn/XVVQXqqvhWbNmzYsWLFixYsWLFixYsWLFixYsWLFixYsWLFixYsWLFixY/wDpk//Z','','9800700','Primo ','','','9800700',1,1632230425910,1632413976375,'WEB'),(17,185,'rui','','','969852004','Jose ','','','969852003',1,1632233158894,1632484796266,'WEB'),(18,185,'Pai Rui 12','','','969852003',NULL,NULL,NULL,NULL,1,1632233311481,1632680240485,'MOBILE'),(19,181,'hhuy','/9j/4AAQSkZJRgABAQAAAQABAAD/2wBDAAsICAoIBwsKCQoNDAsNERwSEQ8PESIZGhQcKSQrKigkJyctMkA3LTA9MCcnOEw5PUNFSElIKzZPVU5GVEBHSEX/2wBDAQwNDREPESESEiFFLicuRUVFRUVFRUVFRUVFRUVFRUVFRUVFRUVFRUVFRUVFRUVFRUVFRUVFRUVFRUVFRUVFRUX/wgARCARNAtADASIAAhEBAxEB/8QAHAABAAEFAQEAAAAAAAAAAAAAAAECAwQFBgcI/8QAGQEBAQEBAQEAAAAAAAAAAAAAAAECAwQF/9oADAMBAAIQAxAAAAD1wAAAAAAAAAAAAAAAAAAAAAAAAAAAAAAAAAAAAAAAAAAAAAAAAEPKx6q+fLx745Hhj2hEggkAgkgkAwDPeLbs9NfP/UnrAAAAAAAAADRc8d88lHrTldAeksfIAAAAABBLkc06F49mnqimoAAAAAAAAAAA8v1GJWdH1Ph2wLmn9Y81Nr3O98jO94LT/Rp5rn+cbwu6/u+RPUvJ7eIZ/sfiHaHpHnPo0HzP6d5v74ZfgOX6adjIAAAAAAAAc7yO+4I5n2fwruTm8mR3GbleOH0f51rNiZPbeVZBv9PxnoJ2Gq8+5c9A9B4Plj3vkutg+ZfQcPuTE879J8aPf9zg5wAAAAAAAAAAB4bX6KOf9J0m8MLwz3rlTaeQe388eQeq9BxR571PotJr+L9S1p5/ieu8uavrtF3hWD5sz/TrRzfU4t47pEgAAAAAAAHG8D6hzZ5n7zwfqRb8A+g/MD0L58+hvMzVdrv/ACw3GteknlPpOk6k8l5z1ayZOu530U60HjV/oMsyvPsTNO56+xfAAAAAAAAAACMA2Dl7HR1zjb+3VuMmOycaOycbJ2Ljh2LjoOyjjh2Ljh2LjoOycZJ2jkL8dQ1my5JAAAAAALUXaMOhrNjDTWYxIMucSTKYtRkLUs3FCq1JKogszSKlJKptwX68KDOUVoFAAAAAAAADBNdp4y/YMavqvMesu1U1iZE1WqS/MiEiIqFKoUxXBTFcFEXIMLOoxObsp1e08QAAAACjX3qJuLM8PjfZR4hNnul3hO0mr6sURAu38S5ZkzTVcggAAACmoYudjxc5QQKAAAAAAAcx0/IdC3dsexPCTwXCdFuuJsYvuG04HsvRdhFFushbumPkYmXQWAAImBEwImCKa6Cnq+M7LxpHIAAABr4hjpy/iHo/m25VTtKO/DB9s8O9O8/f06Ld3G4W5iqZi3Krt3LgLAAABSVREqx79izOFwAAAAAAAA47seS6mNk2/W8t0Xofmflm11tVmTrvQec630byNfsGlvIsyWczVVGya2vUz2rg2rVSbONbBs2sGya0bGNdBe7Xgdv53UOXq4umc7kxuVu5kABrlNWOvFeLfTXlVzw1FienOj2jn/SufXLuUWc7vse8V21hM+cWbMpjKyGOjIY8pfWll1bLWoLXZqlMxiLnMYYzWFKZiitAoAAABx3Y8f1V01R61XJdth5vnG96GYo2Fu7tN+jP8utDg37vbLKoxNzPnndpLnq7tWF+SzUgK4spVClUqlUKVQptX0a3o9ZruLtVq75CJitbVTVjtdxsmiXXxsBj3a9YYHn3L4O+XW9h5B2NevZNWFjdyjyrVV7TkeQ9uvVzZyM6opuWZKr9iKzVu7ciSIqFKqCFUERUMbNtWrjNGsgAAAOO7Hjey7TNr1Lnm2TwHmbvfcbEezbThex9FzrV3AWxssS/ZzHnedrPNm/mWNbl7Hv/ADn0H1avsXGNpSulK3csRKoTCAABSxfolyt3zXS+EGWsmljrfiaJqivkOvHDdzytnh2w12R389z1TyX2peq8u9Q8N49eZ2Wv3Pfhl3KLGNex7jk+s5d6Zi1ldUXSMrEytJkQAEAEDHv49mwRNwFAAARxvZcb2XcTJtet5ny/p3lvkZ1iinM7PvND1Pq1ka/Y6+pv2sivJdL655d5piY9zpst33eu2vqs0V0RXdx8hbF7W5OdZMS3zgEBAoBRXRTpec6Pw0MNXRXVjtNeJelrlJTZvwvkXn30vqNc/nz3qncRn+Weq4a/NmV2HG9OWwzLPqM1uNzj3efWuMZblKKsyjMw8zUTBJRFlSzeAgFWL2NZsBeYUAAA4zsuO6qqLlXsYml39nLit7uEVbDAr1c7WXsAyc3DyjJwMnQxsbnKb03VzHvLlOJr+Z78rUbzfdu3MdPZv+jwB188AgIIqYKUzSs9LzPTeEGGsuW7uO9FrIZ1jMqUxGWMWMsa1l4tmbXbuGPZzIMW9cRa4nJ8s3jd3+cbx6z03hPruOm8zMLTZ301risWd9pp+m6Ga027N+OUBMBjZOLZsJor1zAAAAp4vtuD7Myuiv1gFUSJiSNfsdcVZWLdl5HzLd6ryy3sbFqT2HoPOvQvTrG03UYnH24enjsuXfh+kyuYzvsnB9x38VyD0eMCACKUV0Lh9nxXaeNI5NXesXcd6hnQEzSJQS1i5OPZl3bF8tWbOuN9buUy+VcT6R5h14504NXflf8ATPK/ZfP16fFzcvHXiehnkM+iu72mBNXNl5ncb9IWb3TwSBhZmJZsK6K9cwAAAHB95wXdmV26/UmYkVUySCNfn4BVkYmXHlfNe0+Y+ZqbOX1OW47jB2XqspLYw9pb57ms3z1HKehafy/T2tXGdl28gd/KIAVRVSW+r5jp/CU1U4au7jZOPRIzalMkgAs42RYZvXWPblRZuRVNM1heQ+1WGfm6575VrPC9/cz5q5cgjEyxyHXSWOa6aZfJvUNTx/L6Pp6me3y1i/j1sETrmAAAA4HvuA7M2uiv1kwKkSJgNfn64qy8TLFNUQvYyNhXrpNhFNZavV0gigOO6W7ofL9LpB6/mQFAimaS11vH9h4iiujk1GRjZOPRMkoEzTJIMezesM58JatUZEmNORKY05FVliu8uQAAJgAHD9xbnXQ9F5/37U4eZh68+wuUV65gAAARwPfcD3Zldu56gEqaiZpkjBzcEnKxMorUySCSTKu4WZAgBEFQmJQsBUTSKaqTH7Dj+w8RTVRyafJx8jHeUTNSiQCZpGNRNKZtVFSyCUCUC8pq1zAAAAAAwM6VMPLw02dVFeuYAAAEcV23E9lWk3XC+hd7S7xOWJ2Nrjsunv8AK452Tl9cdVtvP806Xa67nq3ez1eAdNq8YdFicNv43288t9RrWxylUnU2fOMiPRsHle4rj9lqq83t9Noet2ytJot6a/febejmd1/L9RwKaqeTTZONax35rK1ncXPPUczrrn1OxweGvou0871J3uZ5bkHo+x47XS9hseI2h0OHx49G03B9PZ02d5f15k89Y0tx2G38+uHe5Hk+xXudr5bdO42fJ8qeibXznXHotfEaw6freA7+XYVU1awAAAA4ntuI7J5/oK/S4jfblHEX+xmObo6ea5ex1mCcxsdvllGh6JXD7joUaTYZc1ymF3Exwvo9q6c7lbgcbkdVGXJddE7ci66mOawO0HM6bv4jz7ss+irHY8b2XlKao5tTct3cd/PNx1aTz7Weqwci6+a0el7aDzzZdPQU6HrEvmvXb2TkNxtxxms9HJxHXZMnm970ZrHEav0weU7b0DQ2eX9/PXHme47RLpdB3I8zp9NHGdRl4a7OuivXMAAABxHb8P2VV2rvrAJgVKZKcPM1xczMPLK0SAAJgXMvAzCoglAlAAECAU1UljseO7Hxg5NRctXsdwzqUCpEiEmJRdspmphZBIEwJkKqqK9ZlBKkElAmELKCzAMPMw7naVU1a5AAAAOH7jh+ya7dfrTMSAARgZ+ATmYeWVTAmYEgAXbUmZctbHnLeHesLKHRKAgAFFdso67l+p8QObT3rN3HeUM6kAEoksWL+OmcmFTEiYkATBZuYWNee4u26t4tqqc6INShEoADGyLFmwrN8QAAAHDdzw/VFy3c9gCZgSCnBzsEZeJmFQAJRJJBY4Xa8t5p6d1PkXrvFexL2v2sD2UAAQKK6CvqeW6nwgw0921d5+gJUwJRIBZsX7CZqCyBMCZiVUzq7nz65qJ6ef3WvnOjSnGvWMdZgmwAAhYv4+mzmJ3wAAAAcv1CuXudI25t0g5uejHOOjHN4nXjkMnphzbpBzbpBzbpBzjox5vpfYWHj/ou7kwMXcjRt420beDRxvRom9Gip340W9OYDWXM5NYMbBLgM8YDPGCzhq7e4GAzxgTnDBZwwWcMHD3UJ469jbzwXeSinHykuKykuKylYrJmMVlQY1nPCTWQAAAAAAAAAAAAAAADmdQd64LdHRvON+dQAAA43sCoABr+eOxAAAOSOtY2SAAAAAAAAAAAAAAAAAAAAAAAAAAAAAAeLbjT6Q9K3Pm/Sms7HjOTPYOb4bpj0zYcb2JreO4/tzzf23wT00p6rhOTPoUpPKvN9v2R6Xz2o4U9D3Gn8sPY9fwXdG48w1G1PWeX47ZHobxH0g9Fqt3AAAAAAAAAAAAAAAAAAAAAAAAAAAADxb0bC35sPC/deRNL593WyNZhdby5h+yaPeHhPpuy4E4XbdtszT+fd1sjvea6Xmjw/ofVOgPn273fCHp/kPf7o879E896Q4XZeh1HnPTd1whidlRjHb127gAAAAAAAAAAAAABD5Zien6nfLI+pnywPqd8swfU75ZL9TPlmE+p3ywl+p3ywr6nfLA+p3yxEfVD5Yhfqh8sD6nfLA+p3ywPqd8sD6nfLA+p3ywj6nfLBfqd8sD6nfLA+p3yxJ9TPlmD6nfLEn1M+WR9S+R+bD6eyPlma9N9K+aB9SvlofUr5ak+pHy2PqR8tj6kfLw+oXy9B9RPl0fUT5dk+oXy/J9PvmAfT75gH0++YIPqB8vyfT75gH0++YEv0++YJs+nnzAPp98wSYwneQQFRKgUmJIklAiYmglIEiUAKACAUAIABQAiUTUkEomomJCJBBUiSoEpgAiQAmYkiQBYmmSQoCJgqQCAmBYGvOmJICzAAoAARAAUCRLMFATEiABKAbTVoChBm2UsJhpMIlcrLCqkE6kTsNciYqaAqmmomEkIEgmmYKkSSACJFEExJYBKJESETBjqJ35alIqUysoSygSgsoImktSmqUDYZGdrLyxsqclbFu1szVZzEXL1fQ6svRetprNli7KatarZYxt8LM1LNq5ez1xMS7eLGPn4kZVnP5bXn22ZXpF2e5wLvD0TRsMvG+a1nW831xlWNji7Ss7Suf22PXbc1lyuM2b+MzrdpibhrWWcbfmNgUbk0JM6okAQCQESsShUxJEwJhUYU0unjlBZRMsoVKESAgShLNVMrImtpc05MrM1Iv7LTSZebhZ9zmc/m6xd1RqEt7YalLsbGDa159/rMBrybSdUXf4mrlrdW9TXO/Rc7dqm8jL0dOvDn41pL1mx4fO59+x1/IbvHXIw9roXpubHSui7tdNCbvU0SbdqJSra6crOwS7nCxIJRLSQmJgiYkELJCIk1JBJBKJMIdPGAAAAmJWJiZZgJRM1UJoJQJRKhUSQAoqtXnbprb8VMVwzTIxEwslEwrty3XREgMRdtwTfsVTXc4eTc8P1+Uo2+o9AVbSiUmJFMikwAJCQCABIIBEmgJiREwMJLp4gUQSSQkRVAmCUSRVEtTJNolLCURIoUIiSCbdFvXmu0UNcK4VFC9m5urq6/b8t8Bk+hXeXbzfG9Qtnlj0PUdeHJs3D7cIFwC9lma/YeD61vQdFiunNLtr1ZrFkgRMKmJESJKygFUTApkESESKZNRKSCCSkxR08QKAAJEwCESLZEtUxM2ColmhaTBEgs3ce8KJuV3z2rtV7Pot7LY7nh3o2Wl1nF1lel3fDrC1dzrHyMPMop1Os7XT7mrWfN8D1Ph/Z4NGifR5en23P7vxfVujl20uq6jnfRigntCUQlbCYCYKoBMSEBESJgSQIqpamYkiAmAxB08QKAAmEJgpMJMgqplqoToBEkoAKBFNZmbddli3Xab8F61BEwTrus8/67531buRRb5d4y8LD1jR6CmPo/J6XsvKeu8/r6mzdnx+7zjW+leefR+Xs95z/AEfL03VNfD1RpN5g7mgmY9WEwsBUSUCQAEwIkEiIkKaoWJQoAGIOniABQgACUTSYlVVNWdSiWwImCyM0KExCYqqnoLPPlzDP2HTx6Gey2PLrwO07fXZ65OxPD7USzqzoujx+vPy5m4X1PjKqJs7bovK+18f0N/z/AEFPD0ec9ZqNx35Wb9i9x9E49/Gs5+i7b9mIlNkTSaqgJQJRImJITBEoJRKgiBZBECkDFHTwgoKAEBCYWySTNNU1KJbABQUIkCJg6PqeN7Pw7prhx3KNctnZa7bWShz1KBKBg8R3OT6vN5VHb8t7PBhXLcdOXb9H5T6T4voW8HeaDh6rlSdGHmYNmkomPXgmNRFUNCCQJSImCYmBCVEkIlITDVUBEVQkBcQdPEAiSgABmgTMSolZkmwqJiZRNImBKYhKXbdfpt/4OuBcy453BwdzqttrcOWggkRKkws7HjUybV0ctzfptHp8vlfoePlbzstTtrXl9epWrvSMDP1Gpq4PXipE2IgqUqiaSqaagSQiSJgJBCSImGqoERMFKZMMdPGBMTCgBASgVBVVNTUomamJEBUxNQCRLOZh9fxu3ung7SiDV5+t3Ggc6kEABhr9GpkMS1LsGuvxlrdyoTas1MWb/bMaLd89uY0w9eJmmQFkACYEokJgRVAJIkKYkAImADDHTyAAoAQEoJMxLSqDUzEzYglE0RIQJK83P7jXbTwdQ4ba7YavpnOvmaROaBNvGorLrwFmwpqZsoEoEgjnsiz3xXMi3zm+57vm2l6JEzETJTd6jr+V0+D3EebXnkdXy3ozEnaM3F7XheVt9zHG8Db7bjO6iJjtlACSlJYiqEwx08gAKAAGQCqmtUxLczCbQCqFARKIq3up73zbyB4uotrOozJ3nIjW5GWVOJdL9eqVtpxb8YNVGRuZK1exoM1AMPK1+5qc3Fy+2ISlwNFuNP3zFVM9pMSgNK+k5jZcb2c2rnh243s9d1nGJp92Ku04vrvNdqh492+F77iPVnCHsyVUBErMTCQmFwx08YAKAAiUBCuipZmmpuZRNoqgiYUlEszG5w2+9Pn95ijBw2NOpq02zCyoWskYkZiXXtgrTNzRZqs6qssZen2ReGKBai9jbmgzcbJ65EGl1+Tj+rFNRsiZIiYpMI2nR8X13l1tWPk+ffJaju+H9nKjfaDZW9Vex7nh3e4/r+T7TUbXV9F6M7jWbx5NcLi+g8V6c4cI9EmmS4Y6eMAFAACAFVMk1JnSJGgISWE5eTubGw8HaUOG8W9cUiRYxNkrVV7O3ZRewqDYxr4jYzrKV2rXZBf1mxrudZsqMJdiMVg52t3MG7RX1yt3LFmgt1R6swmNSUSUySzE1rb22quYd/Or2Hh6XeK7Tnemed22p3noz06Z8PWOJ7LhPTztdRy2/wCs6WaK/D0o4XtuF9OLcS9maUVGDJ08coLKBIUAIEVVMSVTE56SS1SmIIzM2ntmd4+oeboAAAAkIAFKKxZtZY12Hvad5pnUbgsZNFfPTVbXU7zYrpq6xiZeDqaOmqPViJidRct7XGthsNhPh6YlWQzeb0XoOu7Yt7XUbfjpgZ8R570mo6D052yXk3hcN2XHe3nHW8n1lbOaqvFvXcZ1PK+3CFPokoGK3OTy8fOT1VzE5Krq0cnHVwcrT1Viudbqx1usZtja1MTtXutT3/l9POU9e83Xksrc07zzHS1SZY83YAAAACQQACUCQURXYqqzjZGsszAzZqrTbnSakSdMtdsdXuakerBKyOt53uPJuoeToaO/0bUYTCzF5h11h5d+vUmaWNaLmOm0Ps55/V2cjhbdwxrmdBudN7ucJjrKRXXVRPwvAIgSAIKimtVm3ltTVa7pML1dNd2WEvt2Fzn9rjeRhZmNWRyfW8JvPQ5mg3kbC5oWLvmpz86vomUITEgEAAAlAJgnFyVajYX1NFvdBvNaY3J0+40m5g3sfK9Gem13SXPFvnOi1G1lqs3tPhzFpT9Dn2G28/7Hy7zx59YNzKw9KrlOQlNWHUVYW1ipGKxsnluudRaPfhExpSQdjEx8HwSAABEiE0lRAWNr6fTmIT2YtnMwumcorirgu95HpnI6GbmLYXLebaw9lFamNxRWNmYeHW+r5y5Lv40t82bCuZZK3UVIqlhMQAASKdBvub65y0tynRb3nuucfPwNn0z2UxPg7Y+Js+N6Z67mdZj9swpn1Rs9bsOLtUT4OwRjsizZex67ta/Y24LqEYnFbXSe3nI75RNNREl7CmqPg+CQAAAIQTMTbjdBpt16vaGe9rDyLe8138XNzbet2ev1NmOelu4Mdes2AgWwkWreSTAt7NWqjbK1TajVTsya6vMiseubRkLF2XG1+/0mplUy0p0G+wbw1O4qy7N8h5fXPGdhynblq3RXN+XmquiYmh6TC6B6axx7gAY16cHWdgJpjZPOdMaCg9+Jg0RMJSmF7CJj4PgAkBEkATC23Le9/TpatxHT04uXqNtLrM7WbmzXbDU7aI1+fgRsRnQAFu1k0pYmaSQAAAECYkCahXWtuqu2mLqdlr+2MkXVvEu0Z8k7HWbrLOGPaw8xZy+3v6e+TMsRkZjbMe+rIGdgAKLghKrPEdFyvr5B6pBJASmi5bOyiKvg+EBE0kgJgimqjesrZ4uV3+gpqsNYW1w8uzVbbVbStTttJuidPt9Ibwc9JgAEwLdwY7It2W1SKVwW18tmbwtVVgkQlVGBcytZxtJstf0mUm3WLOxwseSzudVZY6tr9jj3wM6RIiQa/YY2pkTiZcoQkETALWpyerv2PocpI6JRBVESU010p2BHwfDKBKAJFNUC3ds9Nbe/Yv8Ab6LBztXbsLtMxq9pqtlqabdaPOTO0u60xuxjYmBBKBKBMJIBMABMSIAAxZu0tZWBVzS9FzvTOVi5FO87nE2NHCc1UPnW9zqreu3VRrdnn3QM6AW7lnUxdjrtiBmgICdVtNFvnh6bqtT18mpg9vplCoIECdhEx8HwpBEgpkmEFVi/jdd7u9RX1+i1uy15nrWu1MXPyJsqixn4rS7rV1sqsbJlTFMVRqY03DUZZmDFAAJEAAJgWokpyIVTTcRHO9Dz3XNWz1u/JHLWnwN7odfPrE89vc6qjp6eoYGfj3BmsfIwdSNhZvKiYyAAaDecz05bK2q83h0OB0mh+h2soevuIEQOyHwfAABTITTVBFu67ddylv3xqr9Wpa2LXaXFzJgMaY2TTZq9tzvQ6zOn3Gqtz7xz01uz1Ws7VDOpQiUCQECUCaahbrmAACnmum5brncbKivFDNjnej1GvNgh4Aatb7UbTfvzpieXdr9hZq9MIAAAsWcpvOkb3RuFevv5OPNydOy1v0vSiaemiIO0HwfCARIAiYF6zT6O+8ge61dU6YN+xsdQOdAA5zIydH38/WaqzfmtqOPaNVsMDpnajnqQAAAQAAAABo97Z1LolCGBn6jXDAkfOAt9NzO717s4c/UmAAAASESIFa3VdPj746Tnug1ffhrUT6+qJpO0HwfEAAiQIJxMrG7dOhmze39AFTCpROSJgAt8r1/OduOFss3YAce2HZX+mcsc9JiQAACEiEiEwAJiRAAAW+fzcDXgkTzAM3Cq16ejGPeAAABKJABBMBGo3DefP8T0HmfXy0a5R6M9mtVfD8dYyAAIkW7jer+x0e87/QDOwAKasTIqsQ1W01+5skM0DU5uDm7xlDnsACQAAECUCUBMAABj3tDeFiovzwkAU1Wd9eqm3cx9IJQACREgAAiYAFFazQ836Fid8YFFu54/nUr1JVONJkInApmJFuJ0fOb71e66MdwQCjEz9dubAZtOHm2qvDIDSYmTjdfHvMrmNvjWwGfUAkAAAAESISITAMW5saqum/OCcgAFq7Vre2zdRt59MM6EkJAAAAACJEJEJGjtV18/lYtd+nSqLMquW8bWs9i5LdFjZZmt89usrA332Y5dQAGHmU6U3NfsLAxZgBFaPHN/PU1M8M7b8zfvp36ivPsCalAkglAlAlAAFCU6O5j68IPMEAANrh5064e60W917gz1AAkAEAAASAAGisZGweDTx0FzXbnsncNdMTIrZ6BKENTttZubMYoACYGu2WBlbzcGNANRkaXpwmuJz4AmVNSq93oab26dhZufeE2AAAALdk6KLd8USPKEAAKqdk3fxLuPxuPu9Xe7eraieoAACQCAACQAAQAASQkQmABr9hjVkqaoAlAAtUU1amQM1iRzu+Vy5J88M4AACqczFhvornObh7ctE57yiVQAs2To6aL4YqHmCAABWt7Orw8dIRHKTj5GJ26dIs3te9MTKiYAAJAABMABCREwJQJRIQJgAESAAAFtrNI3FFYtXbcmiU7jfj0rMw8eYGQAAAFNS3L23OS9HTMDOnskxVuaKKb4IqHAIAAAbSzkTpatHEmGS3cjdvbTnOj9HvlE46CAAAACUSAQBMAmABMSQkQmAAACYm2V4kVVj7GqAIavY89vlk3aXn8OdgV5m7pGdg75gyAAAABTftLvZatUoOYAQAAyLW3m6cWq3yonEiQiKhgdFpMz1evaDPqmJEAAkBAlEgglAJAAAAAAESEJEWrwhIhIhNqtbYsZrxUk+bzqqVubiRm9bpGfgbwDIAAAAAAAAAAz2sm3cxMbDjkAACmi7h+jt0imu++ExAAEgAAgAkAAAAIEoEwAACYAADRbPS74ZNZ5vFEmYBFVMW59izldLqG21e5SLgEAAAAAAAFxb2wYmN0JcgSImAASLN6N6zM3Sbvv9AM7ATEgAEJEJgTAlATAlAkEATEhMEJEJEJEAGJZq7uPlZ8AcOQglTUIkRJbkXsG5q42Pu8LpMEawCAAAAACSdrbqnSmycQZgCJgEgAGNvtHsPV7M8Z9IAEgAQEwAEgAEEwAAEoEzTIiYAAGh2Gt1578nm8YSQmCYkRKCUSAVZeE1cjW7WvrdIycbWAZAAAAbG3nN0YkxxoYgCIklEgAAC1dw+/bpETr3ShLKJIBVTMAAAEokARIhIhIRMCQAAAUV6fWcDOxsnHgDhzEEokEEgiYkiQU1UlV6w1dji28rpdRTutdrGMNZCAGRRtm5w1HKwmOcTEgCJETEgABAmxfp3cjZ850Xo+hKGOkoAAAAEghMkRMAEgARIAAAEFnm797fluwebySMgISISAESAAIJIS1buXr2rXg7K7uaZl4tzFynbrNirGxZHKIkRIImCQARMCQQgJRq4HR6TL9Ps2wx6JiYAEgIJQJgCQAAAAIJQJRIIGvzeb3zqzJcPAiXPMSAAAACJglEggTEgCmoRXSty6sK5tk2qbNETzBIAAiQAAIJARItXLHS7HW77Wd/ftKsHOz1CCZIAQJQAAJAAQAAAABiVrFjMeFMT5uEJAAAAAAESCJglAkAAglEgAAAAAAAACJAgWrkddbu1ddPpaPeajY2XhnUgAARMAEg//EADkQAAEDAwEGBAUEAQMFAQEAAAECAwQABRESBhATITAxFCAyQCIzNEFQFSM1QhYkNmElUVJgcENE/9oACAEBAAEHAf8A6ln/ANE2jnT409CbldJkOy250bR3U0jae6NKzBvCLnbnnNnrvNl3VtrfnzZ8j0xiOCf8jlSLwlG0O0C4bnhQb+UcewbRPPyBF9ldp6rdAXItd/XcGJjv+aiv81FWy+xrodF12nXbp6o7LnFZQvq3m9ptIbqLdG3rWJ0nbJzXVu2u4zobBBGfb7Q3uXbZyGton1ybJbXtjRmA9V4ZZXapNbNLUJMkWicLdN8Q/fr4j9ywX5Vz1tXzaIW1XB/yC9LTxLLtQZLyWNpLtJthYpW1E12O2hram5MP0biwLd417ai5Sn9LW09yiP6YshEuOh6rlsubhPckw2+De225eyy5dzVKecbYZUu3f6naFCvZXt2OzblLt0qDIgXKrFHalXVpo7N2upbf6Neynafne109tWxBbbZtu1Uec8GXn0R2lOSNtGW3MRNsIr69EmWmNDckRtq4ryXVHbZOurfcmLmxxbntBFtp0I23BVUC4sXFji1fhcDHbq5MTmXwUQpU/ZeKzYLN+nRlVtW001dRVr1fpsb3G2P8q1V7/wBuWmoC7ohpVLj3uf8ABa7L+l2+QvZtlL15aF6QlVml1slyu9NDx98AQhKEBO0TCYl6cG1C+LCty9k2UIs6V7aJAnsKnOlOyUFNjvLNqbXV8vTV2ZbGxzqlW91vc3/uOp05m3sF6Zcpt/kBmyWNFrRr9ltT/BvVsv8AQXerdMMCYiQds5NW+DJvly421H825VsscNqA3V0ZTDvDze18tX+ni7PWKKuAiTtPZmIbKJVrlKkbKzWtnoDdxuOi/wBmhNWh17ZF4tOzKjqamXQLl/489EU3spJLN1DdYrbX6qNWzX8HHq/i4qaaoFca5BUV9uTHQ77fbH+Waq9/7ctNbGfQPVipf0b1bK/zbdXj+HmVsj/M1PYctF6Km9qbcpnXLdXfbzq2vb4LEFvZX+CZrbX6yNTsNcnY6OrZy6RYiFsT9pIMcpFokKmQg/ub/wBx1tLPVLua27PeLVa4iUs7UwHnUN+y2p/g3q2X+gu9bPNodvDKP0uFSEJbTjaj+dcqJ9GzV+/npVbXsEOxn9mpzT1raa2wmt+Ebi2ZhSNmLi5sb/JuVtJ/BS62VRxHpiLe1HFyS07s9Z2GFPWpFjXPRv21+qjU3dn7VYIS7LdP1ODxdsnGlzGE7MpUmyse4uFhi3N8OybDGlQ2I1ttbNraUinUBxtSIOzsS3yQ/JYTKjLZgbPxbbJ4863Rrg3oOxkQmrfZ4ltq5WePdNFQYTdvjJYudkjXR1C4cJuFFTHl7KQZCyuLslBYWFJSEpxuGzEIS/EPbKwX3lu/4hApnZWCw8h32V5gruNuXHtNgkW+NNatWzEmBPbkbrvs1IuNwXIZQW2EIuWy8mZcHpMuA1Oh+Hf2QmNrqJse+pzMiCFWtcOxWB+1S1O3WIqdbno9hsL9qlOOXfZcTXlPjZS5q+Gz2Rq0oJ3X+xv3Z9pbVjCrKiArZm7xHKhbJynXtTTaWW0t+6zWazWazWazWazWazWd+azWazWfaFQrWkVxBXEFcUVxBXEFcQVxBXEFcQVxBXEFaxXEFcQVxBXEFcQVxBXEFcQVrFagfcvy2mKVcHXK4sk1+8TlRdUnGhytDtaHa0OVocrQ5WhytDtaHK0O1odrQ7XDdrQ7XDdrQ7XDdoIeFa5SaE55umJrT3XUrTWsqrFfBWU1qTWU1lNZTWU18NaU1pTWlNaU1pTWlNaU1pFaU1pTWlNaU1oTXDTXDxWtSKBz7abM0HhJawdVcq1JrUmtSa1JrUmsjfisVisVisVisVjdisVjctkKOYkxQXweoogDPrJOc0SBXEri4pKgvdzrnXOu1BWOvjND9pVDt7SW9wGFKZTy1iitSlaeCO+hgUERzXBZrgNVwGq4LVcHHMLIOnrvN605gv8AHYHUdPPH/C1YGLnfURFKadvE105avE1o1bb03NUG23M8t2sUFA12oHBx1lJ1CmVZT7S5K1uttdzlzJIaUtLSNMzaEJWU/r03NQ72h5YQh1SVaAc784paQtOGlHmjrwjw5ikdPu7X/c3maYUBS9RUd6VFCs22YZkBDyTkUrsBo51oxmh2r7UOunk6faSTqnmk8zSDkuu7Qyy00iOhPLOhVKTyzZ5JlQFIZVqSDSnUoOAcik058Lra/v1jQOmY0emPWqj6K2szwooRzptDZQKeQjhgq5GtmCfCSQ16BRGRRVmtRxgDAof2Ceufm+0e+ucpHemucY1tIn/WoKO4PFQSAr+x2bH7kgxflp3PMqLhU2NIpPepHpBrNZrNZrNZ3ZrNZrNZrO5R/wBQ11E8lKr+oraGIZNuz6FVqyMKVyr1qqyxDGtgCBgbu9ADcP7Uk8q1VqrUK1CtQrUK1CtQrWK1CtQrUK1itQrVl2s1ms1n2D+PGOUjvUb5Qq8wTKj0lenlrTRJcUE26J4OEG206QBuzQVg0+vKTXiATXFVSlK01rcriOVxHK4i64i61rrWuta61rrWuta61rrKtaVfqLtfqLtC5OV+p4pFyZWcJWlQ8yealV/UUtGed22eVrLy2XGlYbYcdVptVgKCH205OrtReSK46aCwaUsAUNRJoI5VpFchXLdyrlWBWitFaK4dcOuHWitFaTWk1pNaVV8YrilPIKB6r31zlI71E+WKfa1HMy1R5Kir/Hmc1EgR4ppprB1CsVwQRT37fPUpw6UMoB1cStTlZcr9yvjr461EUMGsVisVjdjdisVisVilISsY0uRjriykyEeVPqVX9RuUgGlsaqSxppLQHMnSKn3FmEjL+0spRpG0k5Kqg3tiYdDSVHB/4KwKyutZFJKVCtNaa01or4hSVZ6neubZpJyM9N765ykVE9ApfelKFFSaS4kmgaFJ9Sa7JqSolehKUtorTgBT9waYoXhgmkSwU6krBGdVZrVSkA80nOR1V5jvB5CgtAVvT6lV/UeaXITGZcflyXJT63aNbMxOPOU/jHJ95LaFLn7RPOKUhDvGb1sy345qBcEy+Ta9Q3E4GddZzR5HKTkdTFNnCtPTe+ucpPeonyxUp0IBqXtAdRT+szs1EvfEIQhZQoBKq+1LfWkYaypzUnBcJvFyMZISHSrJ4lRpqozgXGfSQhY8i+2r/nqOJ1oUm2Oa4+N6fWqv6jfrTnG7aNZTazubQnSpSUJMd1eyjQTbdauSCdp5pCkRRzqKrSoppp1TTiVsPB1LT1H4nMaAaUnAr7Cm+WR1FcnB1HvrnKT3qKcNA7RyyAhhIzmtOOXarM+ZEJbLKtSQftT3pNR/USPps3lwrur1ITqVhccpFZ5ZszhVb1hByBUhammcxXVLJG5v5Y61r5OOp3p9aqT2I+1LBUkiLEkNykn/ALbr1GMm2vIPI0lfI0VENaNmx/0aNS+ya2jz+rO0n01+0nBXjIrPOrZ/GRqHalZ76udc1V9qR6+q53HUe+vcpHcU19OobRg+NQpHateX9S+WK2dB4khcUYaTuf8ASaj/ANq7xk1fmS1P4yVfcfDml8uVpYU1bwE8hR5jCUhO77Cmvl9U1bvqHfIn1qo/CrI8qx97zYlBanykpNYJrZ4Ys0SlcwK2phElEpKtJrVyppzKcMtrfdS2wyGktM7sbjSfX1VDJHUe+vcoUn4X1ou0HxkbT8Ta8cU0lKnV6YMTwcQMtpwK+1P8k5ZOSotfJRVwgokslEi2SoqqDchZxBsqsh1ho517jlNA5odhRlMR0Uw+mQ0HOpbzl9zyJ9aqUM1zRSVg+VSKft0d80m0w2ucXklI/wDGn2UutqRcdnHmlFa4jyFYhWuW65VutiYAy2jTSlBNccVxxQUFV9qT6/LnFB1Kjp8zndPUe+vcodqWjiAVyf5S7YzJNfoEUGosJmLTTOOYTR7VI9BpjuumvkooilMpznhGkMoScjc2O1PFIFPXSOzmvFTrgdMS0tp+MchjqW76h3yD1q3aaLYNcM1oVWhVaFVoVWhVLaphOMD/AMdymxXDVXCVSUJTS1Y5T72mOotru8xZpm9TGzUC4tzeSF6hSPXvW6hsZlX9hrkg3K6moFtbggnzOepPUe+vcobnG0uVl9uuM5XHXXiF14hdGQunnVqSaY7rpv5KKcWE1JubEfkL7EJpqWlxOtKwoZ+1GbOU/wCHVa3nubFsjtc0gBIDXo6pq3fUO+QetXSXTXqFf+PmvU0xomnVk72nVNrSuLJEiOzJR6qlXhEZ4srn3ORy/SJstWY1ljR+YAA6DpwRSTlIPRPKlLC5i1DyY8hp/wBCqY7rpBwwg3u5GMnQSpZziokpyG6FxXkqCHRUqIiU3pZmORnRHkwUyjrVAnsc0XSTGOiNcWJPLqRPrR5E+tXSXTXcV9k7lKCQS2826M0v0GtplHxbQ1USA3SscNs6qsSs2p2mu9ToCJiKi3FcR7wszxC2gVzLtGNM7Rc8Rp8eUKHmf7Un0jpp+pVQ6Bp/0GmO66//AJk1elFd1eptOogaUFblHlVlWVQHAjtukxm5TZQ089a3eEhSVhKuEh1nEuzEfHEujkZXCQtLiAvpRPrkeRPrV0l016hQ9O6awZEYtwIjjClGjzGNpYxcjtSM4NauWNeaBzVtjGNbGmmh3NTYTU1ooYlSLO+GELQ8gKk22PKFS7K/GPEg3xxk8Nt1DyAvyP8AMUn0jpp+pVQ6L/oNMHBJAyytF/Y0TA8lVasZonJq0xyzASE9t7rSHmyiJFMJLgRyQN02A3LTmLJctr5bSoLSFdG3oCpKzuJxSfWrpLpvuKPwqoHyvNBaVJudiejKK9KgcIbW4cWmxlsiQlJUrKE6RjdIjNymi3CiyrdK4W642luWNcWW/apBbYeQ+0F71+pPUH1CqHQNP+g012XWrSQ5OhIkMqTJs0lkmkwZSjiDZShQWyzg694FKOtWjfPhCW1m0Si24YvQNW357u9XY010l016k0RmuaKDorUKzWa5UUinITLhyhhtmko1HKEaejc7cmazVqmLgyjHHPe56k0OmPqVUOgaf9Bpr+9DlSdTdZYWa4TRpCGUVqbrUitSKLjYrUtzklISMeS7xy2tMqM+JEdDvQgKIlkbj2NNdJdNepO7FFANcFNcFNcEVwU1wE1wEUGkjqX2BlPibNL8VEG9+kekdMfUKpPQNPeg03/feQDXDTXDRXDTWhOa4SKCEjzuth5tSLRqbD8foQfrt57U10l9qa5KT0B1lpCkkW9Jg3lcfc/SfSOmn6hVDt0DTnY03/boNnIx0McyehB+u3ntTXSc7Uj5g9u5Ebdfbe3P0n0jpjHiFUnyahnTvNL7Gm/79BJwr2JqD9dvPY010ne1J+YOiPYvUnsOm/8AXroVcboiBhH6jdkDicUIa4iZEHxgdZnx5C3Um+QQ0HBdoRj8eNdIsxeiXIajIKot1iPrKJMtqGgLN5hB7hPSGo7fEavcF1emLLamN8STJbiMl1y9wWlANOofbS5IvcKMvQm8QlloVEnsTVLS9PYYlIjzLjGggVEusWadMifHiOobYvUGQ/wXb/i7JEjwjl4iOPyGozZcavsB5el99qM3xGr7Aec0XS4pfs7j0BRVAjqgfW7z2prdM2hQzIMe23hU14sXl1IaQ1AnNMwkByZHZd4TNzhyV6E3WCt3hqUEgk3SC4vhuSGowDhusIPBpx5tpsrau0F4kMPtyWg49KZjFA/VYXG4Wcc/1eBxOGxLZfcWinrrBYc4bFzfd2mci2TX/qKk3KJEOkXOGrhVIlsxUa03eCtoucVOjWLzAU5w3X22Wi6u7wWtFIWl1AXIukOIvQm4RVuNt2ifIk3eew5zIodunI+vXSaRhW1K920C1KXFjm1xODwLGnQbinZ6Gw9HdcjQWDtC6zdWUQ7pDXcXC5fHEylKkslN2U4qyRCzbopispnp8ZfWYs+3RVwnK2a/j3K2h/ilVbrZFXbWqtL62bVcKsMGOYfGnxGom0ETcr/pu0YXa0/qF7kTY8hTtykSJhefdbdv6eLcICf0+IHELeZa/wAqbRP5bTQqnp8dtIzEVb4itFXFPjdoWIk+2RHILlI/2u/Vt/jY1W357m89qbqapSIT69k20fpy3VnSlSrJCburkiZe7czAnxVXqOmXtRGZ2jtkeCmO5d7LEiWZTl1nOuWm2tPGIqKWn1vq2TxAscFy2xzc0+Pv7Fvu9khotrruzf8ACs1tanUmEm7WOHHtDjk2c8dmYQb2cgeES1smnhybgi9ylxLS87aLHDXbkO2uImFta5H2ac4Ma5uWC2sXFlc2bb27ftJASlhN42kko2ltEaLDEi9vLMG2w39nIHglNxpLj+yc1FmsUOTaW3LLKci2q5ixWiLKg+Jagot+2EZmw/z91pzkoUOY6cj69dJ7VcrWZakvaL84A3PgePiJRwb4W+Ba7XIh+LFkhPQYriGILyL47KusF6VKiuXKAtyR4poXZ5wVeYbs2KhDY0toTc7aqUUPrj3iYjgWaG7Chqbu0VyZBU1CQpiKy3aLa7GbkoRBultWoJs9xXPjyqvUBVwiBNsh+BgoalWyVHmKlw0XZyUly6W9+XcIj1XC3yVXBqbKgPu3qLKutsXLW3ISL664gXW1qmFDzka+TWywi0SxY3YsNpTMNlqAf9ZjceYpIwtQpdon22Ut23JuxkqWu2XC3S1uSLRdpslqTLtz7u0UeZf7c/cGo6bvGcl2p5hdkU/ZozChtApHCu0N+bbBHhNqZhMNXe0uSnG5UmJfbiyWbLFdh21tm+29+f4WrpHclWx9hFlL1gahJZ2hQ14bZ+1yLa7KqTGRLjLYZh322jw9qs86LevFWK1vwhLSm2XW1vOAWe6O3SNNudtdauQm3vxzjSKnWj9QtbDSmdoXmfDKsxYsD0G0xnIlsYYs1pejCchuBebVqah2a4ovbE2026RFus6Q9Sew6cj+QXQ7dA9qV96b/t0kHl7CD9d5B8xXSc7Gk/MHkHUuNnjXPFQtm4UN0O9B+k9h05H8guh0DSuZNNf26SeR65qB9d5B619E052pByoHpDrv0n0jpyP5BdDoGnvSab/vQ6STkZ6pqB9d5B8xfSXTfdPunvtSew6cj+QXQ6Bp70mm/wC/TQeeKQguGnWktoz0jVvB8WSN4+YvpL7U36k9bsOo5zUKHIDpyf5BdDoGnvSab/v1P+WVIbap1ZcPTNWz57vkHzF9JdN909N6Q1HRqiT2pbhb7VgmtJ6a/WnqSf5BdDoGnvSab/v0n3kx2VOvTHX1ZsUgOsKYDaAc08lOnPStfz3fIn5i+kum+6ekpQQkqlSlS3i7DkeHkocBCgDR7dNfrTQ6cn+QXQ6Bp30mm/70Oje3McFvNWyV4eWhec8808rU50jVs+e75B619Jfam+46VzUU2585rNWWTx4QFL6a/mJodN6E6uUpwQXa8E7Xgna8E7Xgna8E7Xgna8E7RhO0u3vKFJt7w1UILteCdrwTteCdrwTteCdrwTteCdrwTtXOyypTjav8cnUNnZ1RGX0xkJ4SqVHWVZ8M5XhnK8K5XhnK8M5XhXK8K5XhXK8K5XhHKgxVsOrO/hq1qOhVaDWhVaDXDVWhVcNVaDWg0ptRpDSwoVoVWhVaFVoVWg1oNaDWhVaFVLjqfiOt/o0+v0afVmizIkg7iMitJrSa0mtJrSa0mtJrSa0mtJpTaioH8Disf/NLhe4tsdS3/l1tr/LrdU67NwoCZUfatvOLRdv1VLqvNL2ijQ5pig5GfJMltwoyn4u0kGZIQx57ltBHtcjgsuh9pDn53bT6yPVr2bgy7aw//iVtqY7Dt8JKX9prY+nRarhCmNabjfIltOlO2cTNRJjM5gPVNnsQGOKjbCEtem9OIev/ABJU+Pb4wc/zOJVuu8W5pO/bKZhDMRTT1sejvR30yIzb07aGJbpXAlbVwozmi3XqLcwRcL/GtsgMytq4UZei23yJczp2x/lkVGkNRrUy6vbGGleLfeolyGJN8gQ3iyDkA/mdtPrY9Rl34RkVBXfzPYraG0rnupdK9nYsXhbNuaL8xV8QqPfnFmRYLjF4VitItiXDW10hTl0DMLZiCiGgT4fgLyY9+tC7gpt0r2dixeFs65ovrO4nFTXDeNoCNrYiPBMO7IzONbVMbWfzhELZyCiClK0qsd+07XfyyKtuzkFEFFTWTZL3ja46rk0raKUosQY9t/QGYSAl1qBekuXTZo3SYZSE6UhP5nbT6yPVg/hIlHtW1khx268Bq2WaBDS/s+c7QRzKv0N6Z4O52O1JiLf2Mdc8U+1W1sdbd140G9xJEFDtymJn3zjbVyXF3Hgt2uzQIgesJCtoGDV9meCtbzlstMm5FajsvdFctmpXg7wlG1hxfMwr5CdhIXOd/V78pW13K6oq2XuE5Aaq6yP1W+KVtYNNxZTtFHUluE/bItklwEOB2wqmBiXf4VufMdJyAfzN2sLd2eQ5BiiFDbj1d7AxdVBbGxzaXAYmzDMOciTc9notyXxf8LFW21sWtrRU+3MXFjhf4WjXTuyUVb6XLrYGLppUxsc2lwGJswxDnJk1d7Sm7IbRarW3amC1T2yrLsxcnar+cp/ZNiVpdtWzzFsXxdsP5hNK2VjzWGnrXs3HtroeuuzrV0kh5y2svwREXsWjVVr2fjWxXEuOzLVylqkJTpSB+JzWazWazWfLms1ms7s78+fPm5ea/wBmmzrrxmRpZQK2ks8yfcQ7EQW4rSM9LNZrO7O7NZrNZrNZrNZrNZrNZrNZ353Z6mf/ALMP/jhigIz5WGQ6CXUcNzT5EpKqLShWMbxzUA5GShBP5dmNrGrgMk4eZLRplhDjeUxU5NPxwhOplnimlRW8Y8KgIpKCtWnwzaBlUVKk5SjLoQuInFeFbxTiOG5pxlvCYiMU+1wlUzH4nPgM50vscLnGaS4kl9IQ9pMZGmnWm228sMcQZ8M0eXCLK8gBSacjpIpUBLSNRYaIrT+5pdYSlsmO0l0GvCp107GSEZQkrVgRm0ilRUkZ0nVpTFSE58O2sUpBQrT4VJRTjDbbeWGC5z8O12eYLXP8OO9cg3SSwlWp95C2iIvyRS1nxVSPkKqH8s1J1cav/wA6ifMVUjh8qQ802MakqlAyThk1DJKVVL+cKJw3URRLhqaeSaaxwk1lgLy6+2tsiF6FVJH+opXJvJUTSPlCmlq4wp5WGjUdwKGK46Fp0riMug0pktP6ZHyVVD7KqWo8QD/8qh+tVTM5TSS5ppj54p/ToptxlrNSFpcWD2byedNfKFJJ4uZHyT+JZkgJ06o6Tl5xKzUd5CG8KUC/qdfQppQYUtByuSBWf26Qstr1F1p0UXWUpwhX7oU+8hbREZ1LYVUhxK3Mqkt8PEZwIczKdS4E1HlaBp1x86nn0K5RnkISQ8sLeyt9stkEUxJ0DTxWAdT8ji8kOFBzHkB1NeLjn4EPMoFOo1q1yHE6CmM4lsKqQsLczx0cPDay2rVx2nBRkNoTjWdesSG3E41sIFLVqVkyEcPFMSOGNPFZB1Pv8Xl+OZe4Rrjsnm7KynT5SaJ6GqgaIzRGPIhZQcv/ALqA4h1SKiyitWl5oLTS2yg/+iHqBVE58qVlIIpo6XAU8xUhrUMqGD5B+fNYrTWmsVjrjvTXNpNfapDP3P8A6HqrVWfLgmkx3FUILxownhSmVprHn+9Rvkp3KTqGHmtJ/wDQSqs78ViuGTTUJx003aRSITSKCEpFcq5UWkKpy3NLp604GXIrrRrt5YfNgb3kahS04PV5Y/JKO/TQTWmmIinTTMJCKwEikq1eQr/dCPvvKEqqTbm3RT8Rxg+SCocLG+SjHP8AO/au9aaxuSnVUaMgDV4hhoUq6NCnbuTVudLqTu1YVimubq1USAMquLaXNKVBSQaWhLicT4RYVq3QuaDSDkb3U6k0tOlX57G5RrVQWRReWaJJ32lfMinx2UhQcTmP6l0SAMzp6lqKc5NW+aUHQDqGadbDqCmZGMdzFW/1GvSvySU4P/oCvPBUttzILzlIa00lHBXTXwvqFzf4bOk7gcGrfOyNHfdKjiQ2adaLSyIB/dpYyKTzG+QnKaPI/ngMmnkFHlS0pZx4AoAMSOlpsb+9KRz1XVvLIVvSdJzAncQBvdconERxInJ+vtSDzxud9NL9X563NJWc3Fhxb1CI6aRanVU3Z0ik25hNFDbScspLzvE8rzQdbKZMdTLhG9Kig5gzg6AisZGFx+BN3Hkre96ac9XmHUH4y2K+IisAeSSorUG20aEAeaRGRITiTCWwfIhRQcwZ4c+CpbetGpJyncNz3ppXM/nrccO+V6TpBENOrLnnyQ/hSQsYkWtK+b0Vxk70KKVAxVlxhJI1DGNDhTvkdqPf89A+cKWgkVxHEHAkc6VrdOH06CG0J0IA87/wrSv7ZpbSXBiVa/u5Hcbrsat/OMndKQQoL3ye1Z5/nrczgat2kGlEISTHBddLnnUcDK8OtGmFakY3qQlVSLa24Mw2VMt6adTrbIT/ANt0k/nozXFcw2jhoA3y1k4baQG2wPP3pHwrKPlu56Dg0ukbpB5/nrexpb17ycDLA4rynOitGsUPiGlSnEVx11xnCa/cNJGN7iw2nIWXVldHtTx5/nYjHFcFITpSBvlrwjQyjhthPmKgK1gJyDqGaIz5zyGXl+IcwOQ3K7U5zV5xzpqDxEZNuWKXFcTRBB8qYq1Jz4RzFFhYpSFD8SBk4hMcJvPkT+9Jz5lIWuhFFBIbd0NamnC30Jb/AD4SE6Rve5JpXfzoGahnLWKxUuKFN6jy3p71H+SndpBqQ2ngmld/dDrQY+tersMb1ckmo7oSspzWazWazWd7vJ9BkjGlQ5jPmkPcNNKQQ4PJJPw0fOnvUBXcbsZ5TGuG8d6e9RTlob3RqbUHBhR/DstlxYTHaDTYTvUrTRbW7S4yVJoOqaOnjprjIrWk06/oICZSaS4FUDUo/G3UgZbNNHLSfMTpGW0Fx0u51PqO+SroxnuG4ClYWM7prPFayoYO+CQWt/2qQMOq3d60n8GBnlAiaE6/Jp571ISuuA3Xhmq8MivCJJyYiTRhqTz4y2uS3Eurbp/k0ajnLQ8yk6hg/C2aZ9RO+SrKuj2qPKU2cIlJNBQVXepsbhr1bob2kYDyTWQd0xOHjugtcR2lMNkU7ASRTsdbR/AwY5ccz2GKUsIGTJzX+oznxDqaTJSaC0noKSlXJDKEHK0604yuMaQ6lweaRyZVTI+Hee1O81HpJ71G0PN0hsNndIRxGiFjSSKgjLtaUnkEAbp3zt1tHIncpKVipKQl0j3zDCnVAMNBpsJ3OtcQ0lCUjFYzSmUKoxaPHapMug8g1kecgGnIpzqRIKfhzkZ3y+TBpv0DevkKX6unEf4S6BChmu4qYjS8d0D51Hd9qlKy8d1txpO9XY09zcO7HvGWFOqxGjhhHTUhKqVFQa4ChWl4VreFeIWK8ZQlooPoNa0nctCXBjBYVXcb5vycI9A3vckUe/Qwa0K3JqNqLQKSTuuLf9qt4+Pes4Qad5rO6BnmUqB3PK0tmlnUon3jLRdWBHjpZT7HlWhJrgt0YzZpUTNa3YyqQsOJypIUnDRwNO6d6BSe29/0eZI1KAbt4wCmG2KEdsVwEEYkwcc9JBxBV+zjdLb1smjyNW5PIndKOlhVHmd1vSA0aKaFTFYZo9/ZjzY3sMF5WI0ZLKfbqSFJx8UV2gQRnAzndO7Jodt8j00fLBa4jvmfhpd5xGltEp3EahiQ1w3iIKcNb5ysM4oczUZKmGwQQRmrifgHRwa0muGqtKq0nojvUeGXhRtqhSYq0GtCc1+nJUMuweGsVHjpZR7fOK4iSacQl1OGkKbGltZ4hRum90gb5PbzW9nQ3q6UxkLTqjp0sjfcjgAVAY1uavthKcbrkefmTCoQhXhU1wE1wU1wa4FcCjHzRjCjFFGLRjqotKFdtzScqqKjQyN8lIU0RG+SKkI1N5YXqaHuFtJWKw6zSJCVcnvhIcScgGpfN1Pklbsb47fEdASnSkDdKlltWI00O8t5Qa1OppLwNclV/wAbp4KjTbZW5pZbDTYG77VPVl32OkVwwaLIpUcUuN94iAHRQeboLSdy/QaifLNOc0Gg6W1kJkOJGUzGzyStKvbrYSsUpLqUlDIIbG6RzkDySe+5salgCC2UU7blDnAa0rO91Whsl1epZKVFKsxJQWNO7uKIW0cp0PCuEU1qKaBzuUjJyxH0uKXvfdDbZLq9a8+0WniOBAgIpUFFPR+CnXHXxGgV+g1GGG6V2NPnS8ajyCKLDbgz4ZSefFkN0iaKS8hXuHvqvJI9W5n5gpPoG58cB4Og5Ganrw3j77mllKsxX+KjyLa56mndfI86UlSDlt0LOPLPe1L0+0+1Q05Upe59OpoiH8mnflmmPlCj2qQMvmoTGVAkY3qaQqjFFYfboS3EmkzkGkvIVWQfZr5yTvNSPXujDLwochufRraIiO5b06hU93UvG+I7w3BQOR5Ft55oXnlTjQXzQ6Wjp7jfIc4bRpxWVZ9o8cIqMjQ0N6/Qaieg098s03ybFK7GuEXnzTaA2jGKI8pSDSo6FUqGc1wn0Vx30UJ9Cag0JTZrjtmtaTWodNXas5fJ3HtTx+M7oacvDySCWn1V4hyionnviI1uiuw8q055oVnctCVjCEaBjdOf1L0+1V8bqUjkMbnOTZqH8un/AEUn0iljKDUNIGryFPR4aTRYQa8IijDFeErwyxXCeFYkCuJIFeIerxixQnCvHIrxjdeKbrxSKU6t84SMOkbjyFLSVKzoNQB+75JvxPmtBNcNVBpVcFVBg1Ba0o1eZz4fjQrWnO99fDbJWrUon2rKSX9Wd8hWlk1EGGBT/wDUDtSvSaif28uPZaQaKEmuAivDIoRmxXBQKCQBSfnK3r9JpKeVaahJysncexo+sllpCuSmQk1oFYFK+JYQkaUgebvSctOY33B3J0e0UrFBDrgoRHK4DrXNh7ip3TFfCEtJ0tgP/MQKV2qN3V5sUU+1xTzmPgSnS4RuX6aR2o9qhekne8wHUYBU0vCVBxNEYpagkVFaOdfQUkK3uq0Nkuq1KJ9o0Nb+/wC1R+T69z/xSUJ+1P8A1KNx7VH9Sh58Vjr4rTWNziw2nLSCSXRzdUdzp5YTyFK7VEThoeV5hLooFcZdKdW6cNxCTnsKS6C4UdK4OYTp9oeQqInkVbjyBqJzK1UPjm7nvqUbj2qOf9QsdHT0cVitNaax5CcDIBfXmSvQ3hrkTv5rUa70rtUZ1JQE+UpCqxjfI+FaXAcjPRmr1On2q/RTCcNje8rDSqipwyNzHOS4akfVIr7Ue1R/ql9TTWK01prTWOkvLitKRoTj5zxpPzVblnCahoy2S4gtuHcUkK1RpIcGOhITlk1HVqZHReVpaJdyTnznquemmvljfKP7eGxhsbo/1Dm6XyfQQfhFfamfq1e6cUT8KEaBT69KKaRoapv5itzvPCUJ0IAko1JyNxHPVHk6/h87noNRPlnozVYbw40C2KUnScbh7F30Uz8ob5fdAHYUaY+qcoqAGZateKaSspBxyo/BM3j2y189KE6d2OK7R7GkfMVX2qMnW9mjzGFp0OEblA51RpPE+HzO/LVUP5XRlHU+kYyKfZrscebHUd9NNDDY3yObiN/EKJSillbvPQhApK8nFSvhdQpPMeXPslqxyQjHOj2pKcUe1J+YqnDhNRW9DW+WjmFbyDnVHkh0Y8sg4ZVUTk10T8UlRpQyKeawfZu88BHoG+RycQVOJbFfuvmmmUt068EUhtTp1Yxumpy2CwrU0DuKgkZXIW4rAjumjHdFMOEnR1lq+yEaefkPak/MVSBxXQOw3vp1Nmh5CMHMeQHRjySubeGk6WwPOrkk0dYJcSrUM06nIp1Gk+yIy6kfbfKWCQlpgn4qdewdDTGDq3vp1NEQlfCU7n9Tr/CQ2lsY3DlNo9U0E48x7VqwV1DRhGrf9qcTpdPlSFBzLD/FT5HvidSnoPfKUY6QWMOsKZVrQ4lYrFPN5FEYPsY41vk7nXTnQyyEc6W+VnQ0yGx5SMjDJ4Uojc1zlr8iecs+2UMv6UjSnHklJ558jfJ5NcDS7r36P3NXQUnUMJGkY7in4pSdaHs8iMipLfP2H2qHzBO5KAk5qQsk8NpoNJ885OHQqNJ/pUX57u9XbMb4nFq9p9qZb1SlK8sr0eVRwQUHKAfYPxQ5zStTZ0uDWMuJ0nr/AGqErDik71HAJjpyVOeeYjUzn1oqPJx8Eb4X3BudOlsmF2J9qlASc+WWvJ0+RYymoissgexdYS6MLaXHNPALGeun9uSD9t/esY6C06kEJ+BSkOEVFS4HNW6WcMmoXyvdqVpSSpWpZPlgq9SfZEAjD8PPNxpSTXbrPdstK1Ng9SUzmRTURKOeN835VRhhke7ku89PmjHTI9q6wl0VJiqQaKcdVadSaiK/bx5yoA48ifjlnyzvQKY+UPdPL0Jruc+ZHJ9J+3tVJChiRB5ZcaKTWqtQ6cZWl8p8745Ap5pB3HtUXmVq8k7smmFAoHuScDLq9augvkQWzlAPtnoyXRjArQKwRWro+iQk/bzrGUmo6uRTuV6TUbkk+Wf3SEKLZy08lwe4kOcsdBz01FVqaHuOLQWDuxmtFBeOXmeHYtHU2D5/lSN55im06R5Z3rTX2oZScsyArl7V1zSKJ1HPQCNYNQuQKfb6QaLQrCk0ldd6IzWCmgrO7tRcSK44pXEcTUVWWuhIT8OpCtSAfPO+Ynf96ZkYOnv7NatIytes56LSdKMx/hkK9xrrO4pBrSU0HE4ovoFa1E0Gn10mEo0ISBQYbTRT8BETlqHnUMpIjHBUjzdhT6+K95Wny0cJUFDPsFKCRl14uHpMoyqlqxy1aXwft7c4FaxmuJitTpoR33KTATSIrSKCUjzNfDJUOg5+3KCvNLkafgSnSPLim3VNU26lwddSgkZddLp6SU5OAOGijzNPDlllWpse3RHU4MoioTXDQK5DpK5Sh0ZIyjLZ1Ng+SQ/whSRk6vOMoOWZAWMdRSgkZddLqumyjAytWTilDKcQl8in8HIGFoUO3QcGUEMDDfkffDSaGVnX0mpJScJUFDPRWsIGXHS6emyjUcuKxy3tHhyPwjydQFDt0JC9LdM8mxvefDQrUp5zV1EOKbNNSErHQcWGxlbhdPTSnUa9CKPM+R3kQppWpAP4LHQUoIGU6pL2dyiRUn4eXALaB1v+WpJHJKwoeVbgbGXHC6ax02kaRlSsnyrGUGoS8o0/iVrCBnCpCspSEDG5RABKf3XitJChh1rTz6yVKbOWpIVy3OvBsUpZcOemy3nm4r7eaOrRIx+IcfCRSWVOnUBgeSa5hIQhOEAA4pJ1CnWsc+tikPKbrxYKaOVHPTab1GlHSMHzvfCsKbVqQD+FUsJFErc5IjpT5VHCSRl10r3BWKB1CnWcc+vjqITqVQAbTSjk587qcoqErLePwoQM580x3A0IToRjeFYNJVqFOs/f3PemkaE5Wrn0e4qKrQ8Ufi3FBCCUfuOFzyikqyKeZ+/uGWvuteOXSc+F1K0nKc/ipLvEXw0jSnHmBxSV55Os559j7ZlvUcqOBR59N0ZRUVepofin3OG3lgEkr6GaQv7ONBYpSSk+0QnUaGEJpRyerFOh0p/EyFcV3QBgY6SV0pIWKcaKD7IDNNo0JpSsnrK+B0KTzAP4eQ5obppOPi6iV4rIWKdZ+/br4zTLeBla+u6nKKiL1NfiHVcV7HWBxSVg04yDzUgp6zLWOa1YFd+v9qjK4bxR+Gku8NGGhgZ6+cGkLpSQoUtop6jLWealaRR5+xd+FaVpOUg/hCQBlS+O/wCzSvFAhQpxgdyMdFpvUa9IpRz7J0ZQahOamsfhJr2BpYRoT7RKsUlylISsUtkp86EazXJCaUc+zPMVGVwn9P4N1YbbJRl50r9slZFBQUKdY+5BHkQnWcJSGxS15PtV8nMtr1oB/BSneI5oQnQMe3zSXKKUrpbBTWMUE6jTTfDFLXn2p7UlvW2TEX/X8DKe4bZphH9/dBWKSvNFtK6SgIpS/t7VZwmo6P2q+U/STkZ9+pQSnOTIdz296FkUpefbuc8BCdKAJSOeqMvUjHv5TxWrhtp0J/LD4nkinE60EMq4buO/vpCyholgZ+L8tHGXjvkjC8snKOv/AP/EACsRAAICAQMEAwABBAMBAAAAAAABAhEDEBIxEyAhMDJAQSIEFEJQUWBwYf/aAAgBAgEBPwD/AM3psWKTOgzoM6DOgzos6LOgzos6LOix4mNNeiyyyy/p1ZjgorSyyy/ROCkNU+56V2L6WJXLSc/NI3SiKW5evMql3xR0/Fkl616sPyGT8SHKyCqI436ssHJ+DpSNkl2pm/wN+yy/Rh+QykzZFaZskk/BjbcfI2bjyWy+/JjTWr7Eh6UV9DD8hk8jukbpIi7Q0nzpK2x3Ei7Ru80MXfNVLR6og0n5MlfgiELJLR+7D8tJqpWSlu8GNVHWUWnZTkJUi1ZJkZJ+O/J8u6yyxSG+xezD8tGrNiXY6QmhjcnPwbJy+TMcFHjvyfLR+lI2jRaRv/4NspcnHpwc98m5SGnEi7RPG090Slk/+MrJj8oxZlPuzfLR+mI5KhlWeV4Nsv8AFm9p/wAvTg57mTg07QoykJUtHFXZRmw1/OBhyb49uT5aP02bjnVeBpS5FcHT9GDnvoooorVR2ZPHbl+X0pR3KiHHfg591Itdmb5faw/Im2eYouSN0jexTdFtIUndMcndI3tkW2b3wLI7E5Nlstsc2Qk2zL8uyiiiiihFdlaV6cPyGrRsNhsHBGxUONqhY6NvmzpojDabFdnTVijTOmjYPGhQSM3y0ZZuLLLLLLLLL9uH5fTzfLSX0l3Yfl7JypeDHx57svy0frVldy7sPy9eSTui2Y02+7J8tH6lq+1d0ZOPB1ZHVkdWR1ZHVkdWR1ZHVkdWR1ZDd6KTR1ZHVkdWR1ZHVkN3pRRRRRtKKNptK1ooooor/wALsssssssssss3G43G43G43G43G43G83G83G43G43G43G43G43G43G43G43G43G7/o1if+qooyJkXQpf6eitaOn5JQaIz7L++vS+C6ZGV/6GtXNIedI/uBf1Is8WKSejJ8kZUyLtf6CxyJzk+DZORJU9GRjJinKBiy7hmXnTG/9DRS0zpbhEVukRgoozYr8oi3FmKe5GXnSDpi++p/yo6iHnih5rRKVvTFKpCdlGbD+oxycWZHeiI8fbrsy+GWyrJP87MeZxI5VI5M+Pb5QnekeRcffyvzpHjuUmiH9Q1yZcqlEi9I8i+9llSG7ESdePStILz95mWVvSI/L7NvalWmPsyyaFmZjnu0yT2izMx5N31Ms61VFaVoh6w51xrsyq0NGKVMRmWmHS/oylSJy3Morstm4sa1jzoiHHblgjhmKVoy8aYX5MrqJ1GjHkv3tpGXJfZZetFCsfnSOiI8a2jciatEvDMT8mV/x0wLyZuNMC9tolKjJkv02WRZJfukedI8i40m6Q8jNzI5SfJB0zI7jpgRmemFavPFD/qon90j+5Qv6mIs8WLJFloy5GjqsU3RKba9zRDSAi0ZpabHXZu8aY5UjJO3pi41vttim0YsrZKSkOIuDGrJRSNqNr9VjZDSHJPg6rsyefJBWxR/iZIV23WkI2xKl6oKo6f4n4YnROVvTcbikzabWbWUyu2OmMycH6QW5UQxU9MlUPnsemKPqXJ+aLgfBHjustm5m43FotH8S0J6Ke0lPctMboeej+4bJTbXdjjbEqXqSSFIkS8IlwLj3rSR+aJ0NbhQS5H57sMfVDkkR5JckiXBHj3LwLRi8jVdkR89keTHVeqHIyPI+SRLghwP3R86N+dE7Gq1jyS7ImLL/KhO/Tj5GREhvSHJLnTaV64En2XY1WiH2R4PKZhy2q9OJaRpcnljdaLkmiA+SPrgPRavjRdqlSKUl5FcGY5KS9GPjVvs5RVLRcetOtVq+PSnfJi8P0Yn5oa890H4JS0/x+iuPVGTRjyiaZXbB0yXcvGr+P0YD9VkMtFPTbquT/HsXb+FfQjyS59ltF2bX+Gxs6SNsUeGuxEl2S+i3Q/ZSFSNxu1j2yfjWKryN3rz7bJMh5j9Jd8V+jfdXrk9MT+tFDeknSrvv1NjekHTJL9+rekSUrYn9CT7F5j9ZGR0q1T90n24n+D+qvCsk7etiZfrb7oOmS+ojJL87rE/S2N968r6nCG7femJ+hv0Yn+D+klZkf56UxPucvTB0yX0m9qG/UmKResn6lyfn0Y/8k5W/bYpF+uHIivelbMkq8fbho/R/8QALBEAAgECBQQCAgIDAQEAAAAAAAECAxEQEiAwMRQhQFEEYRMyIkEjUHAzYP/aAAgBAwEBPwD/AKZlMhkMhkMpYsWLFixb/QRRczl74tbD3b+EiQp9yI8Xre4xLwkSRlIxxvhYsW02Mpbcirj53kLCyOByE3hnFLC+w919hPdjxghkrkB8EpEWLBD1PYYlpSxSJU5RV2tmPGhwFGxYcSMdD8VK7F8ZRs6jPyUqK/xxuytWnUf8tmHGlixbMxF3FCU3aJH46X/pKw6tKmrU0OTk7vwb4UqyayVOB1J/H47xFP43yO0lZnyPiTov62I8aXokWZAzOLuhJVf5R5I1qT/jViS+GpxzUHcd07Pw/wAssuXD4nyk/wDFV4Z8qh+GdtceNL0NGU7LBNp3ROTm7sp1JU3miycY/Khnj+y8aVRVvjrNytceNL0PXRqulNSR8hJTuuH4t2tceML4vcu35i4LvkuzOzOzMXYmy5mwvhcuXLl/MXBlMhlMhlLCiZTKZTKWLFixYsW8uPGl7r8uPGl6m0PU/LjxpemXGMdL8vOZ2Z2Z2Z2Z2Z2Z2Z2Z2Z3inYzmdmdmdmb/AIX0/wBnT/Z0/wBnT/Z0/wBnT/Z032dM/Z0z9nTP2dM/Z0z9nTP2dK/Z0r9nSv2dN9nSv2dL9nSv2dK/Z0r9nSv2dK/Z0v2dK/Z0v2dK/Z0r9nSv2dK/Z0r9nSv2dK/Z0r9nSP2dI/Z0j9nSP2dI/Z0j9nSP2dI/Z0r9nSP3/wDAJ3xzd7ak7+Jcvruy+HLEy7G2IuZxSwdWSYq1ynUTJiw7jbbO6LsbO6FdeGsMplMo0RRkMpUqKI5NmdiqtEaqHBSXYaaYpNCrEKqfJlMo43FFGQyjQoeGticmkOEn3MjGrYxm4kpZsY8ke68pbFSqkflbLSZ+GTF8Zi+Kh/FRL40kODWC5KX6/wChqt27EaTfJGnFCyodWCItNYXHOKHTjNFahl4wo/rg/IWtoqO0TOzMxPuUP1wm8sSdRtlCt/TGlJFak4s+P+uD8hbFWLa7CoyYvjNkfjJEY2WFSN42JRaYnYo1v6ZUgpIoxy9sH5C2EiywWirQUidFxLuLKFXN2LWwfkLYjitLimT+OmUqLi8X5C1oWC2Xg/IWuKwYtF9b0ItosPeWpC2Fi8XpQ8FhLeWpLVYsWE8XsLBiwkIttoWmK3Xi9SJCwkLB7aFjGO5fB4PFCRYaIjFgxYPG5cuXMxmLiIIylhIW28Xg8Y4X0WwYsHtQV2RVi+EhMuX2rYPB4ZSI8E9NsHt0Y6Joirably5cvpeDFzg+xfBaVg3t0lZaHzsWLY98XhVllKc8zwqOyPyM/Iyl31Pbp07lrYrwq5QwauSpEaTIxy6ntLkguw8ELkfPg10yjOxGV1hbW2XvtQ5I8DwQh77wnG6GrMp1LEZJ4sWip2RGdmJ32YckeB4LBiwuX22LCtGzwpVLCd1g9NXusKU/62aXIh6GJjFuMWFdXWCKXGtoqUz9WQldbFHnXJ5WRlm3XjWf8caD2LE6aZGLi9im7MXGqpG5CnbwK0740H32nG401rXJT7rZur7tWeVDd8aTsxcbVhw10H22araZTrX7PblKxVnmeiHJDjesZGKkxUCMculYsrPvhTrW5E77DdirUvpiUn23IUWxUBU0JLF6VjVqWQ3fGnVcSM1LU3Yq1r9tKQyi/JqTsSk29MZuJTrJ86HJJFWq3psLthTdmLx2VHmY1bXTrNEaikSkkVat3qQ8FyU3dePVlZF+5yNW1xk0SqN6ktNF+PVld48jW4lqpPuLjxak7Ib0clvBi+5B3XiN2RUld6rjWylsUZf14lWdthFhrUkPYpOzF4UnZE5ZntcjjoS2o8lN3XhVZ7lyxYS3KPHg1JWRJ3flLkiv4+AyrJvy4d5C4Fsf/8QARhAAAQICBQgHBQcDAwQDAQAAAQACAxEQEiExQQQgIjAyQFFhE0JQYnGhsSNScoGRBRQzYGOSwUOTsoKi0WRzgPAkcMLx/9oACAEBAAg/Af8AwWyN8QMqW1QmRJRIg0yUIp/YnuBHBzVD0IrBpN4KPHc9lU2HXRYzGSvm5QYv/wAd0SQEsFkplE6z+CBymrfWWWmZdsv3NrA8twKdADfu7a0gb7190/3r7of3phLIvuOTYDXgYzXvNB11TpHP6s1F9kyUyslgAN76yyGGVrntQ3jJyyqWT0mqLtv0jLwXfUUNkGEgnim7JgOrItrENIA5pwdCZ/2rFHaGxm22YqA0Pj4z6qY41OUILLmta92y9qyYt075tWSsrR+u8MWUEPGLHNkiZQqtZZGyoMGtbWKyxtduLHMqlQjNjxZR976OvLR6OeCnOpGqz+aflLarn1qtVRCGsaLSVBFhi1hyG55VA6aFMaCyHJPu9WDpW33qM2sx14X3UfuKgPJ6F4LV3WqDCMdzWgO0qoUWGYD3bOlMFRXBrG3kqBkzoo4l1VZRBdAn1p1gpV2sbWsT4b4bYYnab0MiNX/uKAeTmm8J3tI3uNT8hIb/ANxZO6YxBvFH2ZWr19KrK5faAd0j/eM1ksr5um6SyhjOnc6++xQmhtZkzJP2qg3j9MLufwsh6apO2oorcoeO8otseIy2WCe2YGkiP6ZX6blE/qxrfqmCTRcAoOiDJ9iN7mTQGk8mZQvLF7zzNOyd0SI/rBNyZzIjDtJ3UfT/ANSfVR3Sb6qE01J2Qm/yn6WUOvdw3PmF+kPRya0OLMChk8P6qNMsLpxHruhRMnZEe5sy54moOi1j9FA2Va7llMLpXxPewWTM6MF1VzU8z6Fsh4KP+GxtYjioMFsN8K0FqwEKtJZdFlDe6b3FMdBY6WiRgurFFWnuGj7NLpzNeqvtKE95Bm5rzaVB2HCzeP0wu5/C79HcK7pX6Tl3CpXPrs5hPiFrvdkoTfxTJo4Be42qvFdwplphGtJZYGyJm1xaskgQo5xNWxPydsGubGt4U/8AUn1U/ZwtEBe06Y/iGomdLWeZDR3PmF+kP/0ojQ5pwK+7Qv2pgDQMAFyC7g9F311Syqg4dJCEi1NcC8vrEBOuiCxdxd0eqGMCSy4eznVdhIqI0iGBOddZEIvTC0Tp7hUKG1wfMGsnSEQGTgME3bY01k75bxHMSsBLRMlEMSpA2ZOUAuk4zNY0G5wlYoJi1xxcnzqvFUyUAxK0paRWUww7gcQhHjj6KBD0ze916j19C6qVBrVG8VHrzYJCqVDmWD3rUyvBJ9y5RC+NydcgJAcKfa169faT+mrPMzpL2/70wxqzDMaW5wi1rnEWuT4jCcoZVEvmnxYRazBs6YcWEGmW1NG9rQLEyLBDXumA6ajiY4jismise3mapWWxWtZ7rLSVAAYCyq3kosSG4FstGahkB0QStUWJDeHNlorJXhkR17XXFOfDq/Gp9JGde+mE+G0MEtOaykglvWbgsm0+8yJVWXuqN5GsXKGJNaJAfnFzrVChmXG5F4HzXSN81XVcearjzVceart81Xb5qu3zVdvmukb5rpG+a6Rvmukb5rpG+a6Rvmukb5rpG+a6Qea6Qea6QeaERp+aiMs5WoG3cBciZqxWKxSCsVikFIKQUgpKQUgqoVUKQUlIKqFVCqhSQJTt3hWxDwT9N/HAeFM1NTU1NT3EaLveH8qPYeOuN3qgr0G/QIhwQObcjuGG644J22/yCChCscTgFEfPwUp/NVfNVfNVfNVPNS80x8vFP0Xbg3abd/wsRrAggoGnFxJuCOUxB8JqoZS88naSiyhx8CLnI3ikUYdi4Y0N2nXngE2wC8rJm1++5Vm/RZSOjdg9qf8AI8c0/wD8Ttpu4YOt1nChh9o/RZmCxHbZY6jiaBhRw3DnunAGj5BNNsTScipUOPtIN3hSTpcEKOdU79hpUPNXnKaaZ22GUp0YUYjdPDdOR9aOJKwqUVJEdaawWFSltodTwcN+YJugmt8saBcnYUOEnxjOk6mampqamp5k14bpyo5lM/FhXcwnKaYJz80fxotruWcOIvQt8ASpO/YhOfwq3+2rf7at/tq3+2rf7a0v7at/trS/trS/trS/trS/trS/tqTpj9NVD+wroz+wowj+1GG4fJTkU0z1ORibT1OCe0tPOxMaXHlastEhgziiJcKJr1CCKumj5qfkp+SmPop+SmPopj6KY+in5Kfkp+S/hfwp+Sn5Kfkq3kq3kq3kq3kpp2u5H1o5lCxwxURhhxPeZivvdnwqAys/33p1rjjRxV6F3BDzwT9Pm5MZPwXRro1UVTzVREOCGtc0FQXEgdUq52b4LnRcU5rHeITWsZ4BG00RjNx2YbbyoIZCHIVii5r/AImBH2Mfx0XJ+16IXK9BiLT4i1DNHnrhdreR9aOZoKl5ZnyobeuqPMqN8m8E97Wcl00vFqsc09ZqBszBYeKIk4a5lxNqFxzPBc85+zDCiGbnH/0UvE2QBP8A1YL6lPdVY28rJvZM49YpxrOxLiSoUVzRwnMfRHQjgT5ORvGGaN65H1o5lEyAvPBZI3/W5dMsrbLvtTjMG48aZo3yXVhpn4r7u6E4zdxoYfibxTD7OJ5HNG01cdbxC4ZngudIcJikdaIKHCclcWlYxIpP0XFNNm06jjQwyc0zB5puzEFGAG+8j60cygdvSdQQR8qDa6Ds5nP+F7xXumrQRKdxrUHqPsobfOU+CNsqOK4a7/2/M8FwNAMiRenMLQL3caWjSbpChuOCnozmvjPnQaDWmLqi5Lmuf80NvG+8j60cCVgWUTJFHVDMzmaOrEtTULzQdqM6fyoNo4JoAp566XH1zPBYZwWSNrQzaWDq0913quSYLNlyNGIUMTc4yam7MMb/AMj60YPtCb+NCtbzCNhGBoaKzjgv6sS1+ZzND9nA+6UGl7feYmwnT8Flmi33MSnCXujgKSKYsQNtuUOdU8RrfH1zPCjDOFijZMx54puStnzV21YKHtrMdeFkvtGcMQnQnA82lMgulzsCPtI7seCN5xRQBKMx8kDqA4E8J7nyPrQLHDZKOhGCjwtL32IxosvBZNBk733o2k45nM0jR8F0h+ivdxOYTIJp6Q93/lQWlre7/wAqMekd5Ia3mfXM8MysVWKrFViqxVYqsV8VIsVn0Rd9EAsVk4D4mL3XBfeHj4dFdLXHB4rJvs4/uTvWIwzHkAc1AHSnjgp9FC43JulEN7jn+Os5H1pN4xQNcc0YPmuh810Pmuh810XmujkuZpixQ08BaV0rx4hNcIjOLULkL+anDgO5rKcqL+QRZWPeQFi567mfXM8NX8X8Z7DKJGu5DMYarmmbTzTbK20uS6J7n+Cg5LU5lZXH/lFtd3FyFmo5HWDFp9dXzNEP8V/kETMnE0Qz4jiof4cT1odY4XO4LLfk9CK9plgbFBj1h4qOyfiJIOqu912t7z8zw1fxUusAxKhvDhypwqUSnPFYmjg8/wALwRseNlwwWX2HqxOKyN7Q7mE+FXHIKPCl4KG8Hln8jrOTv8tXzK5rhYuKbYAJgGg9R9lMQeB4LKJugG5yaZg4hRGhwJxWTGfdJWUzc0WW3tTDWacRq+8/M8NX8X8LhQ0yM52qJZPCdIE6ljqSZ0HbfpO9aYg8DiFlWlBNzkw1gVEhifEXrJnF4H7gsqtHvcEx0wc3kdZyd/lq++Vi0rqxB5rzU76DtRTP5ZkRtZp4oRC6Fe1p6tOzEFzlFGhi1NMwcdUbwXS+uZyGr+L+Fgc5wrNcNIKCDEg8rwpJrST4LLBKVrWFdY3ckKYjZhN9pkzv9tLNGLxUQGri3/hMMwczx1nI/wCWr7xWFzkRWY7hhzUMdKzi1CA/6LKreEMJ1+A4ZouG0cwfiNuKi2e7PjqubvXM5DV/FReM5pknwYTjzChw4cPwCFvMq88dTdEGyVGsaTLwOZ46zkf8tX3zQy1vuFOmxy6X/cg5v1VdqrhVh9VOfgm6LeKGbCsM7fFDrDU2Wl/rmchq/i/jUyQGshi1u14J20yw08iuWr5O/wAtX3zSVJSUlJSQaM91zgn3wn6nm/1zOQ1Z738bsRMFdV9op5HWcnf5arkV3jqOGpxN51PN/rmchq/i3cjTh3U8jrAZiRt/1Zs9Lhm8iu8d65v9czujV/FvXI6zun1oDa8Z1zFEyMVPhKi+zEpmZ2V9+idPX/Eq2S4KE+fRbVi6U24VbV0wqz+f0UJ+l7rhJRX1QRIc02JJxdZWElHJaCZXLprbpysUV4a3ihFq/EJBQSS0GVoUYybcjFnP3RNQnVmuuIUSLN/BommRZmKZNkKILpll8xJPcelfcAFlESRNzRaVBiaXuusKjPqufdZYmRdK4TEpoRT90btaKdHeIshUbVsKjPDG802NI4VmyUZ4Y3iUI1Xm4SCySK4VXhsxYnGbiy8rm/1zOQoyWC7KIovkouSvgxAJp+WMyZrzp+9Lksoy6FFFaqx4x8VFita+U6pOCg5QxzuE03KodfhNOMgMSm5VDLvFRnhjBO0nwRymHW8VEeGsGJKh5TDJAneoLw9hxCjRGsLzJs8V95h1+E1gvvUOt4qFEa9zNoDCiLlMNr+BKEQOyapMAS4J+XjK9LDqLKI7GO4EpuUMPSmTLb1HiNhjvFDKWVG3manoynPBNyqGXeKiODWDrFPyqGK4mLVDcHNNxGKjZQxruCbGYXRRNgB2lFfOHCcagldauR1nI+tEbDZ+lE5MiHSXQNlxxXBkvVRobXmtVtRZOGybg1ZO0Qy5w2fFOhOjNhWBnyTfs1zHzse0XKKCHztn4IwGnRBnLFRPwgLkITWFjawcF+r/AAu8E+C1zojbXYpptZaFEY2JEfi61QRVD3tdV4W0XQcpvTtiGarFFyR2Vuns+6sn+zYmTxWHaaE8bYEx80IDA6HsyC6NtUttEkO6o34LRs/KaOTs0LRIKL+DK7iuiYyowlrmi5frBdwLm71zOQTNoQ3S+iEuldEIcVK0BZaOmNeQacFk+iyKdnhIp+y9on5rJW9FXNUyUFlWLClp8Vpe1bpy60kz7HyljpWRJFZQHB7ItXSUSDN7mhxenmrAa2chioEMQXwWzBGK5uXF5UJkokITr8UHGcbQc7wRhTcR+Jiq06tUT+qh7VyjsEWJGFYklMM2tYZIdQzWWjpoj39ZQPw3xGOq8NJZVbCyfZYsmaIRrVS0YpjqrcoArH6JkKTwLImKiGfQ6IKjsrPija4Jrieg2FlTemixveUH8M6QHCwrvu/yXI6zkfWiA/o47MeKc5rB702p7wIzbQ8XTRcypd0kwolX2jKrZG9RwKznzsM0QOicLLVBAIhmZt5rJHVIzf8AcojmQGNdMkStUAAkOnaZI3hoHksndUjsuPFRyyGzE2W/RRwA4vrWGagibqwvKfY5jZFZUwSi8DNZC5sWEbgZWfVZQ5r3Vw5+ls20QvxWGbUdu93ivsx7Q5+1CKyxzYUNv9MS0lCaCyFtW86Mjc3pG2Frk1o6KHKtasmf0eUw7icVF6OC0XustWTvqZTDuPFZQ5kOH1nWaSqt6V0QOGkn7TGyKni/1zOQV6+yHtMN/wDTcvtBzBDlKoF9lOa+FEvhOwWU1C8HYDhohNDehYLTNZOAaj5mZUEAxHylbzT3dHlMAaLuCd0TP1rEyUSPO03Tkn7TGBpWSPqZTC81lPRQmciNNRxJ4JnIzUAA9G+s6ZkoVr3tkFHNSKy0G+RQMOpd0tYKPKT5VXA33qLsvCyTo40HquMrFlLmvBaZvniVlTWyjOstmvswsiQHmdR2CypzHuERrn6WwAV9nx4UPKH/ANN7pVll8aFXnoQIckTUjQmiq4p/RhhsMSYuWT6cV95OJUYSewW4rK2tqRzgVkHRxoBNlaViypzX4vM7lFaBDjOJbbzXI6zun11XIrvHeub/AFGZ4av4twjh1ZtzmlSdEeLq+p5HWcj66rkV3jvXOJ6jM8NWO9/G9cjrOR9dX3zvXN/qMzw1fxfxvXI6zl/Or751oV51krAX+uZ4av4v43rkdZyPrq+8daTJYDWc3euZyGr+LVxX1QodafPXcjrO6fXV986p1ww4p7rPdbcnW1blVtoNh1fN3rmchq/i/jVOuFqf8hwCGBt8ELjreR1nI+ur751Xi6jC408NXzd65nhq/i/jVD3aTtQ7NbyOsFWqRx5rR+qs+qs+qsVn1WitH6rRWj9UKv1Wja6d60fqrPqrFYrFZ9VZ9Vo/VWfVQqlgkZley/cvZfuUarXAlYaBJWKxWfVWKxWKxWKz6qxPlIk3eOZK+SkpKSlRKiSkpKXvKSkpKSkpKSlQBa5q6DzXQeaiwpQ3C23/AO5MprzcJiqFON+xTjfsVUur7LVlsB8DgU2E5jWGVY458Rj6/LOjE1G8FCc+u+6bdRGY8ulOxNucJ29vdwqKH13tmdJSifvWVkdEBVDXWzUbI3vaOICyKTKl8OUpKM4mIeqxGBFCgOrMNGUPqt9UYUVo4qG4Oa4sIIWUvqtw4ldBGUB2kL2uvpab9NyO0QIrUzZe0OCjti179EINfF5tUFxEQdR16jtiViJ6ITQ+KcauCgktiDqOvX6YUZ4YwQxMlMhRXjioLpRB1HXrKI9R4wqlce2u4Vk33roZaNUWLKPvXRVxWmLJJ2VQoMJjeunCFGeG7TBMlNudMfJZQytDL63xBBsPJIuDqkqqZlXTw4vKi2UJtyjwekiEaTiUDNrXirNHKoUGDDZ107oozw21zWzJTJ1XEikGbXPqjwUP+loJx0oB8l3GqLAER7m6T0xxlBePmF+kFGgiLEe2bnFQXfhODm+C4wgUNlsIOKyksiRiJvLgsiiV4LX6J5IZQGVgLKq4WdtdwruUOPs2ASCi1Ikmzm505pvvFZbkdgfVLnYLJ8oDCBWArzmrejqT+dB2YrbE6MxhlpNcbQoewXgBTPRsYLFFLIkmzrF16aLK9lAOmRVb4rJSBUxJki9h/wBadsxdAruNTsoYwhukCblBnKK8Nb6L9IJ8drHNbJwcVk4nXIY3muEEBdV0ENURkNsQDTDn4qFkbnurVQ5qjV6zODUMe2okV7KglYg4uDBKZoLjDijrBR8odFYOqBJQ4r9Azqo1ocX3m4o5YZfAoDbTtON5ojtswIvCOVOqfCmRHsDZaIRcYcVolWCj5Q6IwdWUlDiv0TMNofFcxrDPRxUNxdMzLjQ2PEY5z68hgu41QYpg1miYlMKZixfeOC/SChRDBc5gmJWJzjGi4E4J8Z7JNqyCjNrsAlaoeVOa3m1WxI3vuwT48RhOAXD8nwIU2VRbWRvDQKMmhVmVJXp201oB/wDLGthnEyQtzRnB13bDrkDarwU6acU1YBTkUb0E8qGUeKbTxCJmVgUbGqdqFyKCF6npI2BTt8Ve00BPQMlzQmnYKeim3hBOKYViohTCihep6SNjVO1Xt7JwkgTNC+ieNHNfRG+VEQoFNuQRo5ImjkpmanTyRQ4LGdE6Iiajxp4LlRgmzknXp9yBvTVyRQ4LGfZT6GiQTjasJoG0pomFU0uaPBBPTRNHigbU5NU8E5NKfcsUwfNOKbcp4UPuWKbsoLrBP0SodpR40OTVPBBO80y1Yp6AmpSU8KHXLFDZ7PwKIt8EzdghegU6g/lbA/l3lQPyYGlVCqqI1Z/JElJPUkG0lqlJMKI/J8kb0BmjMcEywoiz8mRCFMUNCdQaOFBobQ4IbP5KCmp5ovCFBTLqH3IUOxWFPH8ltE1ciZzQ2SuKF5zIlJvR/IxzQE+84KVuYL1wzAnX0tvH5Fcg2xVCrk9ylNVQJJ1wuzjijdmC9O2qDiuqfyKVLMbqDepWZjb1ENtGLfyS21OvOpdcodiIpCP5GBtThNEIWBNvN5Q1bgoaLcwfkM0yWCN2qOGYQEywp1PD8hDMGOqNywP5KN+ZwRuw1WKdegJhdGqiOYUfyKL3agrBC7VDZGsmgpI5oUlJEdlYnN6rc+cgnOmsCjcbtS3W8KWi3US7JNwQzeOq4agbRRtcb9xwOfy7IGc4yCFjhiov1U1NTQtTrE00c9S64XDXtpxHZ7r9Q4KSlSVDcooQ1IwXPXBOsQM6G3HMNhzTcFVTEQewTcKSoYnQ9iNiB1DggEVe1A/LdnC0IZzhahnuTd/CFJTRTJNMltKI2SB1BUKwqKJFDdDcUOzQsdWQhYmuU1JVUWmianQ4LqncZKVIKOqHYICx3KSlQHSTtJqFBw1zlJSUkxHWjfwutu5tC6h1/DOF6ddqONLrihrJKSkpayrNPZVTXWKd6x3idBuTtacdWLxnOFgoGqkpZklJSoGdxzeG84oWtRsKGtGFLE6/MBtREwjZv8kE5VkDTzoBUphGwoHd7itoJ1+qYjeM0I35gtapWoFO34UBNKObe1SUNyImE4SQPYIuN+cFjmMsKdY6hn0RsOcMN2OpNwQpITTJAzTmo2IHfnG0KaGZxzW3p19AsKiIbzxzeeYOKGeQpJrkCiJoslRNTU93BU0dUL0b6HKdIuG988znrSFKiaD0Hqup0VU5iLTTOhtjc0UHMGadQEM07sbtTz3eSkpKSkpK7VuF6KFIQw1B2TmDdcUBJV0100bCKOJzee+jaOrxTrFjS7HUnM47rw7HKfrMU4TCYxRUFiNWN64mjh2AUdkIY5gwpxGccwYLj2Jx7CF1HVbmHFYUNvTtodm8ewmrFDaKxNIxzW2FOscNy471zzCmXhGjjvIvWNGAzDcM5t6dtdnMFaaiWCgCzehejfnm857doJ1jhuHDeytlqCFruCf9EM4qEEXoPTtoa8I35+A1Lb0drN46rDem2uUS00MtcU612bwpF2KbvWJ1TbwjtDDW8k7FMtbwzDuPCll6NruNEK9G1xxzjcc/huwxOsZjuENOsO7Y0MvKx1D/AK74cN9bYVE+qG7G86jgsU9cczjuwzhncNycha1DcOOuKF6dj2yUzcOGubijaewBn8d1IUrNfw1vDsE76bUxHdeGbzzh20aQjuXDM55wWO8DsI5gTs/hqcDqwnX9gnDegjSMyaCDbNSMNa9Df+O+BE0Mark9yKAQXPUnDUC4ZrrkNxKw7ENF6axEyTjNSQGdx1PHPbec8XIa8rDW8N4dRLV8dTwzhtJ151DU6w60rDVnM4dpYp2qFichqisNWbkMzA9icNTiUacUdaFjqCsO3XLqikK9zteE5DNKw1hz+HZRRsam0nBG4Ioa9pRvzDrChn8eyRaVE+iGY285g3C9Yo60agdkCwK85xuzR+TTni8543s9rlO1Dd5PbDdSUEfyecdUUEewz2ULhrDuuPbJx17dxduPDsgXDcCgjrjuWB7HxKN5387mOx8BuoR37h2KLyuO74b6bj2IU67eCmo72OxBcN6NARQ7bF5Trzvh3rj2EUdkdsBcOwG9tHfwjefyV//EACwQAQACAgEEAgEFAQADAQEBAAEAERAxISBBUWEwcZFAgaGx8PFQwdHhYHD/2gAIAQEAAR4Q/wD88GEvC1Lg/oOz3Bv/APgmL1xRN8/nSw9XfUC4U72kzuQnUWQM0g3LlksxSXhZRKtghIUjDdvFV5Fy2rmQ1rbI/RMmALpXyMx3vQd39uGvdGRfHEUskU0P2fKpDuiORVCG6IgXUXXyeBt9VCCSxLE/TsKMM+WVRIv24Az2k88a4BxDrgRJp91AL71dZreurqYR3stYFvdnESoNRPxy29A/V3JLAPUyKtphHcZ6V7skfPfhR1K3xd68U3+fKhJm6c2A1aAQq+LKB+iRUAIlwXdfDIv70VGr6i5dIGI92DWXwEXU9VhMFXLTQRp498GbioRiybEx7IPVNwWDUd5s3lUOgi7vlhD0K8P9sYSIreviaaVibSEtvj0dz8lKzawGc1+3v1Kv4aTRh6Mo/HekRYKnbMDcZowFFB4rXxBnqnAYKyWgUEDwER2xdX7lZ9+R6zlVaJDuscz4K03L4qx0YiNkuxtQudxHtZa/SXfKeae7JNc794VAw3WAnYWERbPbjxFDAxM9QbDQQU1I45hp96DitkAQfkZSXfxbglqIb116VLft1YQwVgQchPKmoB+7wgxw3/1OX8JLvBf6PhzHX8s2Lx9dZD3cZ3YkSIeMwewpH8nFZK37g/3m2jhH4snEfYMGKoN9l81EGNjCZolkjf6Pf+X4i964zA1MI1SpBi/+X4YHbY8D1xxYN3bQgpVhb/yvGPvjS7oba2C+no5VXXveGslZ9zYYDd6+FPGFAvd/UDHSmuKJ3pwfNuFuLWbitGPBQJPPb26ZdhuqaQeFPTDjISavmBcvtk1mR6kil4gZTxc5a7AZHg9aFD31ECMKgFAYdSg13QWCwqM9sKEAXSfokzkESF5XtjcTxJCiOoVTQCvHXFK+hLaSpl6tQ8oI9ex1IhbutRkbVsu0cN7+RTWB13OPZfecsZpumD92kOTDzkNYUu1CjRyrvY4WeAopX7pFHROAaP1K1ByORTCuSuF+pfqfRn0Y4AS/0YGrj3jcrYnljIIOVPT+Z9f5n0/nCz+n8mOvFewfTDgCP6haIJQegz9iFQvv9zsecs+o4y/zP+fB/wDg4W/50X//ACj/AJ0V/wDyj/kR/wAyP+RH/Ij/AJEP/wCBH/Kh/wDwo/5cXP8A640t8DB9Qom+UbYcaJ4rBv5h2eXRH+9MfP8A3UE4Gop7fgRbYp/zCen8Sen8Cf8AEgL/AOUOx+KeT8U9X8Q//Kn/ACp/yJ/yJ/zp6v4n/Kn/ACJ/yJf/APCK9p9RXI3p5IMCwaHYwzY3+mWhWU2h2hsVbClbY07kq2IeL+Z6MEdJ6EHNIU6lEpKeJTxKeJTxKSkpPpEJ9MNpSal2jthuVpp0mDfyK1ogLG5LVHnv4IHy392EWPN+wQa476GGXfKfLK8mV5MTyH7CFbH3IiDTsmmCYPkQUQR2MsINvVxWH9INyGkKK5C7dwHIcntHFa2NQKra8cSO+/s2agfnB9H8oeH+U9L8p4mfSi+aXiDZ2adj8hHCckUfJe53vC3xPyOhuVqNgH6IBfT6YLAcWnEeK0JpflBAN0o5m8fEkKZRErpfuCzjtFsZE2bIOe/x3Ib2RNnsPH6S79m4tRd2JEobgJkD2jQHcknZHZfqkdK8RGEuyy0IYEgztBQ/H9+6n7Dj5IfI4Sm4JvifvD4mLcugv/qXR+0SkysmzVfF8sQIIljDDKG+GkYw43TAGNqbIleCkqEiObGDRe+Afku4x1jT/Yv9G6iKfE/AQ0kFbzBOZdGkhy69ESFugctRBgjpXnXmK07wYdJ/RAvUV2OtRfcPYRKRKlPS9D0GMO3/ALh8dX6A/lnC/lWIh7Ydm2OSl2bBhX74rYKYoKdPdeI1Zss9sVHFJwkLmg/ljLe2aQ0+G4y2XhYqNeF/f6NnL/BwnAQPshjHfTUAOOCoBC2ncSVQClbGNMwHm8Q7MRwRba2ReWcTHXkKLzuUlJTGkpLHvEY1lJSIilTlz/ckPiYH6RF/PFqKcHfSBefk7+yAtLbdeGKi3A4luivfiI4sAyjMIahgngIzb6QgxB3PzK+Se4/JPcfknofknofknofknqfknofknqfknuJV3PyT2H5Jd2fkiBBOTu9ynmV8kpKQfn0FXb+zABLsgzjy3sQfhJTReyK00iBGwALVF3MPQhCdiiDwRZWUtsqjKutAR5qRD2fzoC5uPNnq/NPR+aeQ/NPT+aen80fH+Sf7qev8k9f5J6/yS/t+SL9vyQtKaS0AxmgNn90FpntwspLkA9QToYn9nN/fKiC+KTyRgvf74cEewqITS9BXDsnIp0gUPBLBbG0q01xbDuqfYTmUJGSqJplRo5YuwDtZWVbI/SBdxf2Erwv2Sjx/CB3fiSr/APqwb/5YB7H9s+r8Zd7Pxn2Pxn2Pxn0fjPq/GDGwD5rPe/Ce5+E9z8I9pfhK0B/JBACe2E2P2fL/AIHhOS+mAIhArqCd/Ei4iiypX53g7I8pUE7AOdIJKq2rKXR8vCL4hSXTiHwWNyBpJCc2/ML/AP6l/wDSe4/CVvb8x0c8xDbuPDoFMtKfOS2R4J9hAnaZpcyg2Qy445m2RVRU7neBW17SThG1Ra+7ogK8/Vbht9uBo/hsy5eumGjdoLQsVQLfAl0Ih5TiC2PZl3IczU+sFISWIw9CUOxKRG4K8r9KCYdVZrCApBHsxAvp5bqCY+Nn+B4TfLIfH4QSt/5SqCX4YLRERBc0IwctAEF7DUAtKNB3kF0caNRSHgO5lK/JhDV+7NkFAUWJDyxIRKe2Ir7kDyThlSvhqJNJwBI4thZlhmDEejnsu0O2KT5z/wBJYwFNQ65oj3UFI3RfcWBAPaNBG5fGmxK1oiwSjHdTVSHkDZwWpTUrYwYFx4/tiy+IEwPeD+SCSQ18aERLEpiMlr5ZN30zbuSKR7ZoEOUrv3IJdX4gH1tdqCEPZ6EJqo8qNQGtXAvl/sWFZoo8XPPQd8FkGbU2sVOLhrsCXAOcPyKzFQQedQoO0N+SWIDQv5Esgqm4iutvLP4sDZYPLBmhsBFMMCNAMG03yx1WOqGDwQqfIzsv+zBEkbil8QiV7+/bHV0bCXKCSC7RwRDa8KXBsgoTVggJ50wBTv2jy0VvA8Qhr4bjOW8g/G6woxX0wXNEG7DaPLLwPLG8SJZaIlvXaKa8pL2nuYuXDiT0v6w0XdawRdAYMFBJCwDFU7u8RzUwykjjjQVLpFpT3OyEoQsuiMS3vNh+V4bie1i/26Kn0wvasgjFxpA8GbUCyVAcCoxBC8+XWjUWhVSmF21YVVyj2ynii/YalUsF6thdKY0hxdkhxwm58v7TTBY5gpPJFK3cEAWIcZwR6GGviYy3HVg/2Q5PidYE5F5iQ2zQy+2IR1GnUaaJO9sVA8d/ohHcUmJ9GdppeYESlQBrbLa+mOQcIH3EQT1E8MAq/BEWDzBNoYg1gQCAJwrSQehPBgbj/b+XaFFUC5GfwIdVOXDGHH7jFt1Epy/IW6TyRk9nay8EbJ4z+8aJljW0GSvA0MLCkQ13ol+m4qApg8zllKX9FQKCaiHYfiABwYbsHxMqbDXxOsCKkfEAvo+9iJ3iBSAXUhAjQMLpXQCK5zyXiGZEqFZ4T6OJ/YhztuQ3B89shcOsrw5o562jU8GVpIBURugV8EfIgQMC7uBPlCwvULC4r4ncrPh/qy6nD6IAIwbir/mQHhGCSyWTiC2u38LLul2AGIFe784KgAANAWS/4QwIkYhmvjSbd5iAs3fcsmrAqQUGUr5Nb5ME5hH+hiHZ+W+BDLBPUUjd+0NZ4iNmo3HS0BSHU0qXvDXxOsCcIcTt3AabdkjdU74ly/wkekQp3S2qutW2VdoagJHj/j4wASoyyry56gd0CEasChChXwXFSzstlqATlUKipc+2oxdW/cgBz/XbAAAAUB8Ky8LydXWVEMU1z5gWg/fp4rpkLXP5GAy0H9iOvpEsiFU/SKaf3KDbw8GoLwER0/8AwQ7W43KN19NEF7fdMI4gkWqxBoIjUrYzk/ogkGyORraoYs8KeOt9gYeJDT7XovPP6INHxOBNSUVKWq8gGkmsPbDKtN+lA3/7Q/78P+5Fn/2l0gO21oilupClv0EsYtFTPfmQ7qPaQioqCiScGjSLGT4bjFs8MGPBlwVAHQUEVv7wgx6ly4MPZlPRlQ6hwz+B/aH+kI7crQsLJ4iNxeR+DxGCXxEYiA7RoQaHh5jtPkSlj6DeMWi6iEMDxbFVWtckqRAdqh1gxLBKnBFWXXxJFkJNDgJTKhmkAlEqAnD6Io4IaBhVqnIVbiWrCUDAcdgRXPT4hznzyC3Boen7wip7OqG2vHJMZHvOU1rhx5zeb6XtHRnf+whhiD6Yvjpsly5ZHxHf1R/Rhng1qUEdeQFh/jYRWrqCWC7CPpTEAlE378EoR1X/ACoLKvaAZfm7ShYe32ZG+WeYSXUh7zrDIg1zv3EQinX38b4mJbdsGkOgwQNT+DPzpjfvp/MvHTDBXaN2JQryNvEVv7qazAYSlx9JA3A3tr9oBo9nIJB9qOBAVXdNzU60RqQ2JYkv4GM/y/JDDP4UHWY1Zw/x3DseWjDkhaaQNGURrgC0fMIy0xayx5yaWvEWDQKL7ERHD5gT031WkcX4GVOcma4WAcYyGNHYkT+jKhFPaENQMinvvgkRrEbGX0BoO8v4nxMVxC4wZMq1LP0wO3c0cLfQ8xRR/jCAVbSNkWTffzuazXaBOh/rAoGRgdhGj615UFf1c+4pFazHrFqkcQ4g04et3Lhrf8EMAFeAiFDkUv8AMvmE79ek/wB/uFevjZwBuM+uMVC50iaYj49xcVJIYXc2gErCdGsIKyhoeEAdAVk4TwEi/u8ygxCvXiPBC0DcqbrMB5rE6P40GviZxmtcDLxedIn9ucoVqRsUnY7b86O5xG8JtnK/9zS+jle41TVQ8CABqUSoinEIUtByMeCBXK2qy+iLH4NiMzECSDxhkv4f8z+xDKJc5ncEgXT7gmklIDyRVtI5Wx4J7o1Ej9wkgCvw0EMram1m8UOKhF1Ae42g3AdTQBHeUftQrD4+MFrk6Bmsp+zBRAqaE7jpIuHncq0kbAeQiMNJp4iySvlsw1fyQ1n5cO2t3jksbwXbW0hMeO67WL0CXQPr2aHbH09THUYQ2jH9hDH8SauM+C1T+R/fBDNuYCXrxD7GAxo2B1Xm4k0+/NhBK80ZABCq+I4wXGblsHK4jBVA1O1AxoY/cVeTObWeEwEKal9IeSL2D9pqL0XDruoz/p6dasZq/wA8M7o849BlgmWAaeVX7g6DK5+YewER7xd2GxG8akP4nxOsoRrpuXghtB8hZNZjr5U4L0sSUAAIUFL1XhZq/wA8M753f74c9+m8PnF+H/0h0XLly+bh83NeG5DjC1L+N8TqJMSUjTFqgmRKigtsXWRnEn+t4cUagy+mu98MvovocAuiEZccbE1f54Z/jTv/AM8ODDfaCdDEihbfX/rget4slnmWOn4LlmVE2Q3QbZii9fE6xxqwrd0mB777BRFQAiVJjwbZbHN6qbQqiaYVBTCoEaIiSyX4oTBrKWbi87SEDK/JiJjdWDYtlHt8TLXk93g/thtCMSCaWBYw5i7UEKHMLFA2usOyWWlhFlvovHHtY67iIJrApObneiFZ+21MClDbXECTOGklY9xSMJlWre2EWNwmDKya7dsvKXZaRPUtc43EpUh5Pj+lDWN873HfDU7ZPr9yzlwEq3l4kbtIoownojGHHgxIllNEQYGtSgI6Ve0oUgvfLQEB9pBNlpgIrlSJsiADyqiIe0HBZtRSFIAtbAiTX05TyNNtleY6Ktwm1iMi3qffUg/2NhZKRkXXAy7pi8+ldrBSDei5YhVNaCQdvalBCFVlsnZa0iR5Y+mVO2BUQFZWhoyHh1bDVdX6+Jw5aoRv3MDy1tliL7C2BZXDhDPRHgbxgeJUNdaGWzRCPASJ+oF17tDHEScwpjSlyaEBah084Lv0eqqfyn9MfNrhNFoyJEGt2xg9J6gbthNVaigVwQMQ07Ocvel7uauDfdImec4O47mMh+0gWCDTytQPT2OFhXUH8JYHj6EGpnqv9zwhjd9Tvna5eM7NocBQIFaVuuUBicxtcB7zaXcJpLr84RklJxg4Wd3MI7Fl/dCqE0dOauGq21UUsYfbvOKy/wBG7KHzEbxV5IHF/nnuglp/pwkty4d47Vq/aMsKhAON2kzep2+z0ISxorsj+IN88M42SJ5SNPDTCP4gMo0wuNaJ0CvKmRfLuBZ2KspA83vsRCEuhIwUbH4nDigmmk9R5obWlZG0yeQHO2PXCBoRfagpQAH2Q/8AeKQ+nVIwFCZu2gQ/sitlH0vdcKIBVT3BB48dFCH66ULNtKAB2QOipQEE8EAZwLOUMMHq02gGuphYIsYJA8kQn33Y7c2PsoDNlX70LaEWk1Kir5VgsoCNSvlCpEvsjWNg3Zsw/wDqBDIPoTKorYpogegQBGPcIGwHfCGCIOmEBwAV+YgiIBKRLEm6C7R8ndsYu6baQsJuwJpnDGloe3Dw9gEtNFgJbYWxTi/aQwv7LohWwkAWjYIQH+srRPB8beciC0egNmJ8/qOCVBxWu8D9bC0uhCvle1nO/X7XYDa6rFrd77TwpP8AuUL6uANiUa0ELkVQyQW6yoo14nG1MEze9s1LumbuxUyG10XQCFWRIF+4ZbZGW24u07mOfxpEVapfbY0pOzTk3xOKNWDiXtl41qDi3kcwS13KLvoHiUeCMuZ4wy5fRfuLLxc1rjD0SMf4cu1dvEoTRKgepUqIBKkvH7f+mQ9TSUEAxUog0k46KlnLx82QObZUDjUrfuARCO4/Rnsn/G+QRw6DFzWBCFr/AFRTHT2xcGKn3uPWvReVNEAwz+F0LyZC0d2FfKTYhwS+kwrJebg4WX1rgn/G+J+AQY1hvZEXBp8Iyr/Yy5c/f4+zokZ/GwOowbGfxv7w5IdQg4ucs7S5cvFy+hYVKbSCCi9fEz+ZjTF9SwAXAPGL+CpeRit19roIXCqgK9F4ehijjJAU7NMu04/VFy5fTebU/wB5hyQ6hpg2QLQgEH4wF8/sahpLfFX8TgR4vq0MFcxGjN9YpT4giA06YITSqktdNXBLJcuX1OH+t4ZemA9WrP8Ab7I5IZMsDajusGkAsTuArkj6UQzcuXLlxZeLkA18TkCZOoN4DXwryusbXZekekoQ2B8wyrB9mWB4PBFqotJ3+FYz/A8MvSA6tWVfq/vCwem8oJRqYtjS12oLqnE8wxVhY4YcotvRXXTT4u2JNYdB0ptBp8FxED2wO3zZBAGxLIQiHbgErqdS8v8AQ8Ms/jdK5cHO6H8f9/hXNhk11CrLfXzZcTRi83L6HENPiZz4gF0cCE70y9P5z1y/2Z6Yf7Mowagm3bigmiQ9cvT+c9P5z1T6sXemFEuBi8NmBYb2yNgynx+Y82Pc9X5T0R6Ier8p6vyj4Pyno/Ken8p6YKpx+c5NilvOTpgegAOczf6ON6J/oz0ZSOa/lFV4jbnyk/0Z/owk/wAHoSX+DPR/MunNAvbDu8/rD/hy12qUk4yemeiegnoJ6J6ieoj4p6sRGLARhr46JXw1KJXw1KSniVK+SuqiUSpRKMUSpRKlSpRKlSpUrCQJUroqVKlYror/APvXADuRxXwysUQHzXFeeyFGDU56WdVj4IQuSMd+k9Da7QmlKdXwFWbnkrkOTan/AM9wlVSbol7Ez9BhL1ws/wB/QbF0HgZYVsXU6EL44nZwmMf5UExa+n+U1tAA5SPYkpv29Qz38MajCa86yx9y7RQsKRHTtx3Zl45aQCW+Haetawi5pa8nKo1tvVkIwXscclL37MMzkA/+bkS/c+k3D9fhp2ukVWUtdGBcb76R+pQO0WTcc4cEPoJWNq6Wo5s/qw2a2vCUT8VIo60s+OBiAIAVaCUmv+vEcveOYSifeBQd5XSvJuO0kh7rHfsjVfiXZciN84JGo6hJLmJ/oWLSAfcg2yso7nULf+b1/AwUqg1ZKGXcmBKCcof62IufmYRScQE8qL9uXlwhqsFCdalI0JiohBSw/fsGWKYjaMcH37jRoFW1xfC/DL8bvmyeEilHKdgiS+vAIP0poxcljRjG/OsvbaSITEokhO3GlYuZA70HWhf/AJpYUoCSoUZF1ALBRPbtgsv1qhhUvD3e+DU30hazbG1L/wBDbKWD2f4BucANIkdGgO/NunDOx3doQ1FWaqDlHsc5ojw+ASnO29pEsLBEH/hZ41cemdpIAdOiV7QAyVa3DsVFt8ZvhkekQVQwRIQbYQH9dcslkuX7l+5cslkslkuUlMEeZTC5ZLlykpKSnklkpLJZKeZZ5lkslksgnmUikslnklkslxZLPMslkUrcemr7CNw9Ae6JZ5gvCOuF6BRekJTzLJZLPMslks8yyWSzySk+xKeSWSnklkpKSmFJSUlJSUlJTySkp5lkslJZ5JTySzJHWLxcMrg5ei3Dh/8AAXBzwY3CLHpqAYILExcXB00zUc3O0I9DgxWKg4Yfrr6l6iIVAKhRKlQjgIY7TtLhhiy7JUrCZuOGLDBlluKhO/RcIweqv1yYvoCXh3hdZYF4tl4FwRwwOi52zcY4MmGVK4jxDpqESVi+g/Ws3L6QlS0g8QYuRwRKYcx6U6GJ1Jg6BwYYMXosly+sly+gj1rCrLdXCTQ0SgXfS5UdlYpUjkjDVtSwo9nQOHU7dNwZcWDgwdDLyuL6SXLl5GXLly5cuXh3g6KlUWiCz0e4Lb7JhgrL2Ya49E5X0bGM9tbmEoS6thcXqWtwCPLAFeCWoKaMYRo3yrBt1fNxWTdaYphuiFI3cplNTcmN8BXb63FA9uIK2PZloFPcY+Yzi2JbHQ5ik7GwhQA7dgwpYSxDllmWL292VhQp8LI1ljyxRtelMCdo7DuxQqBdMNb2CVr8rRLOL7dxiHBvVYsblW/NxjtI2t7lnMY2I9wW2FzR/vjAGzvAiYIZvKcYrAYchLhi4suXLly+cGL6gIuAHwgnRI+K3E4ik3ZxSfwYynvB7LBf5iAudkCqh4qXd1dxb1pivVOoAJQZ/AjKjyRaY2WwJoVaiy41uCdK64n8qXfhLN4QiqW24w/ZpsbeDUziBHyJY2MBA50xyk32NoPxT+rBEUBLWztmnsqKlzF0Xl7QLzPtLQJG9oxbhTL7Mv60JapVblCZV2ZVb4YcsZ2zV9I8RlQ6Lly5fwOLh0Eu2UMEDS+KhoMO/dg2gIoD37l0YIlTrSCVbwIEt2bMM/unkg04ffaNgvsVAK0OTWiXglCpVcMpYEYhzaRclCQasSAOppneiKkod6StQrL5XAI5NJUwRuRpINlPcIwCQQuqQUcbae8qoEHllpxTy247SvlthgquXcsqHnPCC/3TySnCHoSpguwR2G9ygtXsYMhSCgDsESxy4QbnAC9rLU1KANBAhLg4ZeSrnAuFlQwEuX13Lly5eLgxYuCD8BGey9xFpaGrgmDfCsOhYJL9dVQUgiGwBEXOKlENqiRA0NGo1bkMNuOqC/MY0gSsEqViyME1ElMqNmDJGXhZUqMYODeHfRfznEHqOi8HQuItvS9N1EIQ6eUjgYZ0xAppgKCO4y8OppG7wkGaLgrNQtYjCJk4jzKj0JGEYYdy+g+VhD466GJg1yOJxeCOL6hi4fcXChBoyvggRwQsiowF5jEwawS6hG7yztBiyoy44IuX9CRlQgYr4HoYpcQRSy0VluTUGbuYI2LiyORQ8iQxWLjCFbX2wCwu6JTLhGXxKicEZrNQwsHFXKJUcrjv0X0u/gYS5VxgYGX8Lki1gU4IKDYaShCmHlhKVDiipBAQEAdiIthAkNnNghVsRxfEVSJ0v6MCJBViOJgcEI4IYITh74MEcLi8BGGH9E85MHWRxWS7lMEwYBoCBKQQ4TcHEwHiGmo+JeHqPbErImhYxQTULsUkcUkGsIJUtIJUI7wNSpUDBGGAgc41hiTtljDNw1HofhZcDmJEhgw4M1GEWLUJaEVIS9RBQXpSaEoGgrLAqj2rYxINV6miP3ipyxUgAWwpcY+QiS46AjEBq53izU7Ip+cXBWMhDKdAyowwQhHBwRYYHDDouV0PRcuXLwmDc3glZcGVwRiWQkJRFTapVi6m2TghErAp9ryQyuyavuK1oC2IXRi7FX3DKc4A0I4CoSFFOemd4+KL9GSRVcOB3cYyoDcGDeDFxYOGEqEYRg4Iwl5I/EYIwh0MMEehxeLio4LWoBdHIrVlRucMgFl4AciWK1NKt/nCA28NkEX9DBAJpwdArphVokorPvRuKlws5cILCXh1O8SEYQM1KlHQRhHeHDCLCVkj8RvBghCBGLCJDrcgI+Bq8kqBFtwUAaosY2lHYlxNGEDQlV7hYYUUR2QlPGf1DcBQm0yJauULN04aWCXzFpllTtAgcwyMvDDC4DFRhqVhhL+UhgwYWG4x6O+AyxyV1LC3jUVogSKEcxZGRvSLQCHeyodFy4DwwDb4MrnJlUDFJAThiHGzaJwFJYy7g5YdmMVS04Q1DCXlXMVuXBjqDA4lZekMYHEQqMYfoTBhw9AFRwRzXFQgAYaohj3GO3uASaidJGYFdMSqnsSInCY7QayBhIAnf7wwJLnolwURJxh2ypUSGmyJAwSpUIBBjlwZqMGMSVCcPzmRh1kd4MGTEaiOL/ELlI3XaOg3geobTwkegK2Qta0RjxK4m+IhNJFItqEq7kGvDKqeTl4vDqGKhipolMIxhAJXECMFi8wMMfgPhOgl4eglRwRMBWIKWBNSXkgIHGNv3sHl0wx2iHWKDs0wbHkRY/A33gNzXRoXyDFelYnBsHDEEtlLyuBgYJZm+MGEogQwwSMNRwxOl+MxUIEJUejtFjNkIsC3iC5QiDSgxoWFjsoE1rNSuolmtEAB3OI3dHUcMBRxFITu/gaSNBW1WGPdSuZWGLCVCLGBO3R3ww4IJWEhxF5g8Q7wjDcTpfhMmCVmsHQQcIA1DFawYc33DCdLloIkbuJsiNY85GGRyaYInfmEWhhrhGVBqNMCCL0GCXKwS+YcyoEYrFluFg84egjgfhJcMGSGWDggK8QqnlHeSdcAj3tLXSuOUhhTQ0xHZumMEb3oVxSB2RFPLiovfWjzCAQxulzIYuyD2jxLhLlSpUeYEIysVA6UlFYYkCPSvU9BDTKhx0XlgxToQHaAScBUMqW2qDXF1b1dptwEXC2II8qlwWOmGiX6Jctyh00eYtokwUARjBx2S4sIVceXAUSl4rhDe5Z25QgkCGAWVfUnKbzbuCthk3hgRjCEd/ER6CGvhtwmXMbYIokkIxaLgXfMFly5eGPtTK4YR/fjouPktreK6VwyU5dsEQwxXx28AJKlZssPzoqIdlxoEECke0MUpcpQBKA0R3Aj1DZBSlSqmzA4vNfoNIBKzcIwldByxyGAABQYvDLCRhlK4YrGzLQgi+WLfMPe+0pCouIPazocMSnnwBLWPK9GHBhlBLmzA6nQZzzHCCosSccKyIrAps7S4vlIUkuXCKYIhHF/IPQaly4YqGLy4BhtYLDnu4vBj26JyXoYHrQ4gWbXaLdwL2w1hK08prcsLsGD3lDnfDw/UxfQarRPegEusw1ntRjYy+kapjoahdrEg4FARsDxggENkWEbWeSVTwx4gPAIhscGAYwifIZIYCd8PRcIxGDbAAC0+8VHxco2SW4MoGLFVi0p6GJlmyFobgtsTtCsj7IKO6bjtsZ7ky/IohBcASztLBhahNh3khHA7QuijAAN5zZQgEeRlwWIYSgVnHuASxHH3WO4NwuFKQnoip4StqPMBNy+J3jF+chzDhhhwmDNQUUgDBwYYrUfivvFSofUEVCnLr3KVFhTpwdF8wxA3FtBgJoYU6Lw8lfdT3DDDUVz1KreYY3xxVKjgwkqVHRjOA8EScyEGmiqdnCiDF5R8iKl2BGKqO4QLeCOQCTXhHCwfmrBxgFmuhhHAM77wGCyPLiis0doKAYRuDD2zCOXUAKcI5QihYjLKpMMrDKhNASAaPhjI4O8BciMMu1BUwjFax2mXOWBgjdweMMIQQCFEcJYMCnplQoIBRqUxoXrJXTNzvh09aI1b5iLlr5+8IYCM3KzuAAhjzh1250sxK7KO6w0SyzzeO+4oeNF7EmrMOyw0Ij7JWQwGpWQgJlhYwV6DFRWR2pRhlyokpqCaUoLVKqKmFBMIQ8xglGUrCUwwTb1FfvbBZW6BBfcWMuPhHoPkJUOhxcWWRozcM2D82m4S4i2EdgxZ5MUWkh2vUBKqw69jGCipdejO+OY+Wa4RjpReWXBiwjgd2OY3A+6dgxXpqKWamFMdEE3PfiFQhZioiVWBGKDvgyxvmG/ljtQiy5cDFy8X8BkEBwC6Io7McFAWAuDyYZYRyZI/CRUIkruGIsPCQLAR8ENHDHUbY74VsjiuooCvEHBNwtGpAyGDCVaSo1U0wr4Ys4O2FEC2DosxSCYIKNrFw9FMG0Mt7oiXeN207FpSbGd9ZYQ3g2CKXVRtrmWQqJWBA94nmVK7AtQK7/KR6wjHZAEQPhilU+GOWvsYKYGHNpgjqFHFcxgWxO4dbvyEsZVQxuKzUJUWM88yhgkGwK1UBpwMIklxhqLAhJyqwqWQDtgXZHxEQnFR9CU8IHZjp8ZJx2mGOEYDyMR7GEQqNsE9UwwBlZi4WtdcQ1pSbGGm7Qp/TsUlV5RcXqjdMycsBpgecMMHDRg0xcBKgllV2wvaoRqjASp4RTtfm1UUcxAjiLuTguf3ODskQAGiGCQC1BANwwhZnShkDqEY4IAaIZYYrKD2Ip2I9lGGiMNYwPBHJAEIUCL0L++CN5xUVhAC+olUL1CSjdFhyhMJv57hisXxU1Q8hKUWaWA8GVD46GNYQUO8FeWWqXCXx4qwwUmo1ktw0tMBrixCi40V7wx8oA2SxbfUCAIBscDaBJdhvARiIYzt3DDGGCOTB1MS5V/7qFC7iQujHdfEdJzHVviWCd2G5J6LGQeTZCXCsXKSHBlWwZwcRgjyJ03Ll9ZhxWKHKtSpUY+c0y378vEUiBeahCMdy8MQdx5hOICSkgELxiSokctU9iBwKIAIhGTWd4UcJsYkrK/ick8Q8wwxegymDqYoJjmhmpufWU4E7jGkRUd8YPuObkGjiO9Sh2XNDwyqqO7CHx4yF1NIw0EYRxfzLH0ArUIYWAEwDYQUJfUFvhBs7CXzGDSRFW0qZRvnDCE9RleihKp4g37mQYTWhglisly4bLpeCKyeVl4SPSfA4uLGcN8Iw3bHHP2keJjTiqQDPGzBBEbRDtHFR5mnGDPAYKyEGc6Q7PEQeaB+bIBrDUMDWGDaSXCmPUOKDWVOzxUswMyHAQiWMJGLlHfGVFWDLMKWlCBUdjo+ppNGCa4HeKGj4YVaxlnSLayoEWVzGBk61l5qBkkHwMu34Jyb5hoDyw0UqMZ8zbDi7USuq4g8IR0mdvxXQkTpkWHJDbp2aYk4k3SyV98OKk7KQd0kGS2oQp8nMagyMhusMYqxiHEfDEBgRnJR4Ee0MV2hKgvZBuHLHqDTabIAdzccEOcjjeDUXDHDqHSay4qEI4opAOqyFuWjzGX5GCiYh5xOUMRPnon7EdgQbWKmsXY0EnaYpoASimKwCYRWiDk2jHYh51aaWJ91iEEp7EqdEFd3uHpEHSxAI95Z8i8TcMOa8EYkIw4ixCpccXBya6WDUq1ol8qTaULKykmxltTTSISuveKZlyGibYQ6shinJESHy10JAhTcav0hGeeduVSjlgoTMfEYAAaSFjUaYSWLkbq89iXpdZlEUEXWoFGB8WRXHnpOGEeo6O8XmcwlklBxFjyo6Jq5uF7MNsCgRKMCC3GHufAliyX8LDIMtCAyginUTc4ll9ojtC5YI2sE0DuArz0oxK7GURfKQog9sDNadoAIKCVKTrEhgq5TtuKrjtlxwzvFwfC7WFe75drwQjm4EAy9suMCjomyJ0BeliFiI9VMBloKCYCVgVkGTjvBIppOzBreRVQonHe4iQskQQrxJf0C11EARgNAMio0qmAY7L+F4Fi+GR2TtNkOhsl5Ooiy46XRYneoDK55S4fWS40SHIZsjaOh6qiDG8tlIAEolddxaWNwABwS1zzBtJ5xbMEPJtXJhLF0IS4vhKL3C4yXZx1uBlJb7uDBhYHfCug6SO4E2T+Nkq22qUXwRgrGHwTAfYRpUNQeq89oZOmui5cvjmKhcu2FS89zLc8AJa3qtZ+7xds5UMYj0NkXE7xQojANhBsvr7vVRWHhxXS4pC8qUwRnUsy74Wo9N5riBxkjpR/jy18+DReDBIHmWJCG2FTcT2oApOBWo3H4l/BfTxOXugDmPNxQqR7afyY8RZFcGEfyIymsDCDgMADUInSy5V4lGK6GXi4gPaIol3IRFkYXCwbiwTHIdF9DKnmUf1DBIzQRQFUDyy4DRxEBXwTj0AnNoE1xL+0ipfJ0p1ZBPJD9BX2uP5qXLqCEZtn82a7bxKhGD6jBYOTBKSGX0mV0iyFFTbLevQsTcQyzEjIhFl4ZVGL8ZM1ipVZP7qChfErHMtXLy+XREWFx0oXusFr0ICohsgHHTCAdm4YWXCgEYOTVzn93actJVGSuo6qjFO6sIbVgM8XHVurigFpAADQSpUp3eBOHY5GKDUH8zUUdLRG1E8F8CUQDRW0wzDLYM1V7MuXhYQOemsMMMIhUOKQ1gVke0VHewMoDQAcRCDuHxA3Z0FGuY85IaoS0QmAVGEX4JyXNx6rl4CnEL2ZXPTvhbS7Ry30IKIxPPShWuSoBHDZkblh9HLArj4FXcECwGG1ibjeKfEQjLuPXgx3izouXhhjviwNTUsuXw2+IpWLtRQ28EY8r29iM1d0pfQDruS31JBEEbJ9RjzsVkoj+s+ZldLHTEbfAQBVENYcVmR6FedMaHF3ENQhAiXwiq0wRBwRBhLHtHf2oQlVR5gSQsEGXGLHrrDhacfkrix5Ei0FqVBL+Z8EOgXsvdcESVEwhHFzkOHsQpSnPuNWfOCKn4GSGaywI9Fy+lm1EIUS9OphrobxTCO0nXXwsOeLis0rUHwiRHO0V63Fy8VGd0taMMcOaj87SJgly5eLwHMBQnANxmP6Gck5VZghRhfnoHHwvxvGo52u+lihIOOi3Jdj1r6K6UwlDmP7qxiNJEprL0MqVKyypxLgkbt5MoBEgCAAGTp9zS6jTLwBeyoYBobYy4Moo336X9BUrpJDtE6ZSxIJb110X1IYoQMIvExyIiRF09N4c1HJoncF6b5AK5ih3TRjEBorCRVAfqixELKArpYyC9avkrFEK/MVVBHrA4r4bkly7/gCk8uujswrO3GMOMrg8sFfT+gvDCX0MuCrfMtfkXqYryDYYfA/IpEEJQRcBIHuVBO8H3F+BtGXh3+BAPdHqOTLpsqpt6VOaHyFD53LDqJ/CLv4J26+Dume3iHwMPjTCcAezFu0U01HbXBnApgicOCMI5U8jBEvWJHuRVW86wJ7sHQggPq13IJ5D5B0vV9ytvywPgFr1gZ8D1PwXADQqaZgjEJsixtxHRBHkYy5eLnFMHppXUU8ShCKYFpLUywjsIFiAK0kEGqd/GYvpci4PMdF8LkPEam2h+gehy7gRnJwx3ik56NME0RgcWPM5ko+8KdxB+RHsVYkWg5WVB3OH4HRukiusOYKSDwYTgnDGBPQwQ2hP0LgXURUwlSuqlahsjlioPwDregjCVgL2YBxtQjyWpFWAgiDcbNJR0Rya/RGhSwgphghSJEPvka6tQa7cfc3HoYxbF0blqQGUGXkWQaiMHN/KjUIhDgwPha5OCcQQDXeCIR31nwmCMCXhjdIIqitRgDSEoGvNpFANV9zS5+2CVCOoXzC4N9ZBRaNMXv1ML4EHd7uWVEMZLK+0IKL8dZ8DtSOQUDAYfAhjvA49xrLEqdqEv5L+MEqHidiFhoGBoK+Ij9U+FQBy7g2XbpOnmtEVOSW4dTvjD6REecXk61aEcA0YAHwXC1nH845ojCaLFv6AdDkKCPxkoTYxWHoqMMC5KAz3ia0Volqqq8EXv8ACnNpXmAOUhpZWTpqOUmy1IBx8TiHCBSK25NS6gfHXQdD8VSpXRajumvrZZ09ioXumWNcws6R4MV8SDuXJWQBaECJZi4PQpT9o9VSQ+JxCAEESjhhCnmp7cM1+gfiuX0oYFdTHKUBGBiPACjBiG1gAWtVDuRS35aIiItMdDa8y7MZUMbl1C/EuLZFIHwltHeG+6P01cYLp5wPgI/G4P0TlQgfZ4fMOlwZRjiG+pkpZHVPEPkuIMtqrxCBagRLESOolF5jVWntKr4rl6emCtvQx5ElmtfEMV8T+gcPeLjxwIRdrZAEAKyYYByL/EDlLl91/NUeXh8zuSJaylrK+K4hqcQjglZvNRIEDLEd8J8BHL0mKMPWssTuCoW7Yzb9jCtdFsdo1mw0S4kZ2QqGczTDfzMot94HxMUgnEIjQwxWHBPFvdvhP0RroqMJWXXEUuVlBwBDpUXkYd3QkgoUjln7ZSb/AFIKAOYYhyx1BntDpSwhKd/hOgj8pGHTfReSOFa4CF1zRFJebiRG4dSkssJVPI3+iekLZqmW6KrlxcvBCFMlF5fKv6U6TDFjBoNwQGDDlNIZIAXbEah8FfKsQVqHWRKvoeu7rZBMvJ+ruX1HwG/dNqqjg6KwISmChBQimKgQ/RoYEAwKi9MnQSsJdjEXUMvoet676352gVjkkiMaJfwVBpuOURTULe8UIKQYfoEYQbkh2O3SR6AzcaHF7w6HrYZcVK63J0BHqrmXAPLxHvyvLFy8ObOi4rhUMruCWp+cToOZw9zO0fEHTZVsj1O+GLhH9G9bly5uhY9hOgKDgl9L8CMRhNQTTzGEHy71OAcNglwdRO/Q5q0R1msFQ/VnwEJAwVfiBhi8iBIKUsf3OdDiafiZbB42S5AjXbCX0PTcIwynjFPMIhETqcHU9DqHXUfgqVHSdEdElRK676qjBcLtOwGMseY7qDrYprqKVcFEd3fQSsV1VGEXBevKNPOL8rl6qzcM1isso3uA2JzF9Fy4R+RHw1BSmKmuZzIXGoPQRhO0AAEd8sOg+YWEdYN9ddbBw/AyodThUtQWA7Ee0rorqrqrFRJbHOdSgASWQV4MEcqIJpJc4SXeH4xl9Fw0xB7hhWH6Z+Ewx9xzmAIIdLAzXQ9PfDkRpjlDhepYPMilQjACBa7lxCJz1vwEcOFSiFGoNLg5el6L6q6O3TfQxhmcl55IVh/QPSuCJqwaAhGiDsfkS1Veoj0mKjCX0E7AOc8qjxAPy+BxUc3msXisnU4dayLPJoJQANY7xhi8EfhvrqEc6pwEr5k6inyMLwRDCUpFvpHTfRUrLDB8LFAuEU1BA7uKyYqV1OKwRMHxkrouXL63rZXwECiD3CJqZYBMPyVlh8sQJeaXed8HxvQR+U+Z63TCtZETuKV4fgen/8QAKRABAAAEBAUDBQAAAAAAAAAAAQARQFAhMGCAECAxcHFBYYGQkaHAwf/aAAgBAQAfPxDe+EMQ7np3bBUgtRrI2h+w7EOsYF48tPJz8Xj83PCxj2MjFCXEsRz/AB6eHX52ylRp2b5eKab/ACJphukrR/DIna5wlunDWmBnGjJOc7UShp1BE90NO1LPVLDmdKpoVlA76z6Ew6wP38T/2Q==','','123456889',NULL,NULL,NULL,NULL,1,1632234141602,NULL,'MOBILE'),(20,199,'casa','','','1212','casa2','','','7787554555',1,1632319193912,NULL,'WEB'),(21,206,'dsds','','','10','saas','','','12',1,1632408148113,1632411772964,'WEB'),(22,207,'sasa','','','10','asas1','','','10',1,1632408458689,NULL,'WEB'),(23,212,'casa','/9j/4AAQSkZJRgABAQAASABIAAD/4QC8RXhpZgAATU0AKgAAAAgABQESAAMAAAABAAEAAAEaAAUAAAABAAAASgEbAAUAAAABAAAAUgEoAAMAAAABAAIAAIdpAAQAAAABAAAAWgAAAAAAAABIAAAAAQAAAEgAAAABAAeQAAAHAAAABDAyMjGRAQAHAAAABAECAwCgAAAHAAAABDAxMDCgAQADAAAAAQABAACgAgAEAAAAAQAAAXegAwAEAAAAAQAAAyykBgADAAAAAQAAAAAAAAAA/8AAEQgDLAF3AwEiAAIRAQMRAf/EAB8AAAEFAQEBAQEBAAAAAAAAAAABAgMEBQYHCAkKC//EALUQAAIBAwMCBAMFBQQEAAABfQECAwAEEQUSITFBBhNRYQcicRQygZGhCCNCscEVUtHwJDNicoIJChYXGBkaJSYnKCkqNDU2Nzg5OkNERUZHSElKU1RVVldYWVpjZGVmZ2hpanN0dXZ3eHl6g4SFhoeIiYqSk5SVlpeYmZqio6Slpqeoqaqys7S1tre4ubrCw8TFxsfIycrS09TV1tfY2drh4uPk5ebn6Onq8fLz9PX29/j5+v/EAB8BAAMBAQEBAQEBAQEAAAAAAAABAgMEBQYHCAkKC//EALURAAIBAgQEAwQHBQQEAAECdwABAgMRBAUhMQYSQVEHYXETIjKBCBRCkaGxwQkjM1LwFWJy0QoWJDThJfEXGBkaJicoKSo1Njc4OTpDREVGR0hJSlNUVVZXWFlaY2RlZmdoaWpzdHV2d3h5eoKDhIWGh4iJipKTlJWWl5iZmqKjpKWmp6ipqrKztLW2t7i5usLDxMXGx8jJytLT1NXW19jZ2uLj5OXm5+jp6vLz9PX29/j5+v/bAEMAAgICAgICAwICAwUDAwMFBgUFBQUGCAYGBgYGCAoICAgICAgKCgoKCgoKCgwMDAwMDA4ODg4ODw8PDw8PDw8PD//bAEMBAgMDBAQEBwQEBxALCQsQEBAQEBAQEBAQEBAQEBAQEBAQEBAQEBAQEBAQEBAQEBAQEBAQEBAQEBAQEBAQEBAQEP/dAAQAGP/aAAwDAQACEQMRAD8A/WyiiivwcAooooAKKKKACiiigAooooAKKKKACiiigAooooAKKKKACiiigAooooAKKKKACiiigAooooAKKKKACiiigAooooAKKKKACiiigAooooAKKKKACiiigAooooAKKKKAP//Q/WyiiivwcAooooAKKKKACiiigAooooAKKKKACiiigAooooAKKKKACiiigAooooAKKKKACiiigAooooAKKKKACiiigAooooAKKKKACiiigAooooAKKKKACiiigAooooAKKKKAP//R/WyiiivwcAooooAKKKKACiiigAooooAKKKKACiiigAooooAKKKKACiiigAooooAKKKKACiiigAooooAKKKKACiiigAooooAKKKKACiiigAooooAKKKKACiiigAooooAKKKKAP//S/WyiiivwcAooooAKKKKACiiigAooooAKKKKACiiigAooooAKKKw76/qvqYG5S/brD0rlqK9D6mB1FFcvVyxv6PqYG5RRRXmgFFFFABRRRQAUUUUAFFFFABRRRQAUUUUAFFUb6+sbGqP9u/8AUPr1cHhMWBuUVh/25ff9A+j+3LH/ALB9H9k4sDcooorygCiiigAooooAKKKKAP/T/WyiiivwcArtNG8GXV0Re6i2Ce1Y1ibHQ9E1DxTff8w+obXR/iD4wA1i8vjoBxwqjJxXrW/6hgPVbPwvodmMR2Sg/nV3+xNJ/wCfNfyrwbW9CvtBH/E88f3w9qNEsL3Wz9ksfH16SPzqf9Yf+YX6sB6nfeDEI/0I4+teef8AHj/x/Vau/DHxF0cfbrPXjf8AsRW5Y348aeGF1jGL+yz09aX+9/7L9W+rgcXRRW3omiDWb0seAK8wC5o3hq61gZcgaeenvXoln4Y0ix+4mfqa6Giv1jB5RhMIBlf2JpP/AD5r+VYmoeDbC7UGy/0I/wCyK7CivR+p4QDwC9tL3Rr0Wl2cg9KpV7xf6faazaGzvBkGvnnXD9hvvsNfneMyj6oBiX199upaKK7wCivUdD+HQz9s1w8123/CD+F/+fAV6X1MD54or1HXPh0M/bNDPNeXV5/1MBLG++w11NcvVzQ/+fGvPxewG5RRRXzIBRRRQAUUUUAFFFFABRRRQAVh319/y42NXtcvvsNjXK19tlOE/wCYoAooor9CAKKKKACxvvsP/YPruK4er2hX3/LhXx2b4P8A5igOqooor84AKKKKACiiigD/1P1sooor8HA6L4oWYs/CFlZDn/S1/ma9GvrsaH4Ya+P/AC5WmfyUf4Vw3xeYf8I7ZXI/gu0/XNd1eWlrrmitYN0vrTH4EDH86+lwn/I2xP1UDzz4e+F7S+sf+Eq1rF/fX/JJq1438HWP9kXmsaH/AKDf2ikhh04rH8E+Kh4YjPhjxLixNiOD2Iqz4z8f2OsWp8M+FsX9/fjaAOgFfF/XMp/sn6qB3fgjV21vwvZajc8Mw/l0rjvhX08Qf9f1eRQftC/Dj4f2I8L4u9Qk0z/j7a0XdtPr1B/UV3nwF8UaH4tsdf1jRBlWvSDX6vi8ozbCf2fisVhj5/B8RYTF4v6rhcSaGsWgtNZvrRejAEfjXoXgu3VNHS57vn9K8+8Uf8hu/r0fwr/yA68/Kf8Aez6A6qvJvHXinWI76x8N+GSBf3wJyewr1mub/wCEW07+3P8AhItv+m4xnt9K+gzbCYvF4T6rhQPLb/wV4y0ayOq2XiC91HUMdDjp9K9G8E+Jl8U6MNRA56Vh+NfFH9i2S6PZj7bqF9kAVf8AA/hc+GNEWzuiGvDnJ6/TFfG5PhPqebfVcKB3teFfE6xUazp9yh/4+/l/Kvda8d+Kn/LhX6JjP90A8trtfh5owvNb+3Hj7BxXFV6l8K/+X+vncJ/vYHrF5e2tmoa6baDXnGseJr/XLK70rwaPtcgXH2oHKgn8Ovap/HHgceMxYkXxsfsJzxUFn4ofw0Y9K8T6eNPXGftdopFjz7nBH5V5ub4zF/W/quK/2fDAdB4ItfEtpoSweJ3DXo7g5FeY/EPRhZ639uHP2/ivZ9G1qw1uy+26UwZD68c15l8UHD3mnWfrXo/U8J9U/wBlA8wptj/x/U6m2P8Ax/V5gHVUUUV8WAUUUUAFFFFABRRRQAUUUUAcrrv/AB/VRq9rv/H9VGv2rJ/90AKK5W+0O+/5caPsN/8AYNQ+w/8AEvruA6qqdYN9Y3179g/6h/8A8g1R+xf9Q7/P50AdxTv+X/T6bR/y/wBXjAO4rwL4d/8ADRX/AAuHx/8A8LE+xf8ACAf8wX7F/wAf9e+18d/B7wr8ObH9oz4n65ofxQvfEHiDUP8Aj+0T/nwr8YA+xKKKK8sAooooA//V/WyiiivwcD1CxSx8U+G/7IvO4wR9K4W00f4l+FSLHSWW/sR0yRkfSn6NdXekXZurVdysMEGvX9O1qx1ZSbRt1fS/VMJjAPINQtfiDqwzqWhWF6P9o4/nXEeObX4oWHgnXk0XQrHTmayOBZHk464r6qor0cHw79Txf1r6ycGMwf1zB/VT8vfgfZfCv/hB/GH9ufbv7Q+xf6d/9w16B+yfc2NrrXi+90I3o8Ig5U33Y16/4t/Zc+GGvXv9uSi60Rx1Fm+3+Qatex0PQ/Cuh/8ACK+FtP8A7P0+v6I4i4twn1TE/VT8I4d4GxeExeG+tf8AMOXr7/Tr77dXceCL/A+w15zV7/jyr+VsJi/qmLP6GPfqK5HQvE9hrOFXAvAMYrrq/ZMHjAPJvDeh6kPG+u63q6ggsBZ57L3r1mub0bwxYaLe319Z8G+IJHpXSV89lGD+qYQAr5z8b332zW8V6H4o8Ubf9Bsep615dfWP26vNzfNv+YUDFq5oeuf2Hffbqp0V5oH0/pusWesWf22xbctN1ixsdXsDp139y7GP618wWN9fWP8Ap1jXU/8ACa+KP+f4flX0n1z/AKCgPWrKy0bwBo20cIOp9a8J1rW73Wb0Xt6MAcYFUr6+vr7/AE6+p1fOW/5hcKAVcsf+P+qdbVjY/Ya4MXsBeooor5kAooooAKKKKACiiigAooooAw9c/wCf6sOu4vrH7d/oNcP/AMeP+g31fpHDuM/5hQCiiivsACiiigAq9Y/6dfVRrqrGx+w14GbYz6phAL1cRofws+HPhXxV4g+Iuh+H7LT/ABBr/wDx+3v/AD/129FfkwBRRRQAUUUUAf/W/WyiiivwcAq9/wAeVUaKAOqsfFOtkYq1/wAJprH9wflXF0V6v1zGAXr6+vr7/j+qjRRXlAFFFFABXU2fijWrMYcAj3rlqKr64B2n/Caax/cH5Vj32uX19xe1h0V6f1zGAFFFFeUBSvrGsSuoo+w/bq9PB4wDl6Ku/wBhik/sS+9P8/nXofXAKdFXf7DFbf2H7DR9cApWNjV2iivnACiiigAooooAKKKKACiiigAooooAKL6x+3UUUAcrfWN9Y1i16JRX22D4iA85+3WNXvsN9fV3FFP/AFjAo2Nj9hq9RRXxX1wAoooqQCiiigAooooA/9f9sv7CsaP7Csa3qK4PqeEAwf7CsaP7Csa3qKPqeEAwf7CsaP7Csa3qKPqeEAwf7CsaP7Csa3qKPqeEAwf7CsaP7Csa3qKPqeEAwf7CsaP7Csa3qKPqeEAwf7CsaP7Csa3qKPqeEAwf7CsaP7Csa3qKPqeEAwf7CsaP7Csa3qKPqeEAwf7CsaP7Csa3qKPqeEAwf7CsaP7Csa3qKPqeEAwf7CsaP7Csa3qKPqeEAwf7CsaP7Csa3qKPqeEAwf7CsaP7Csa3qKPqeEAwf7CsaP7Csa3qKPqeEAwf7CsaP7Csa3qKPqeEAwf7CsaP7Csa3qKPqeEAwf7CsaP7Csa3qKPqeEAwf7CsaP7Csa3qKPqeEAwf7CsaP7Csa3qKPqeEAwf7CsaP7Csa3qKPqeEAwf7CsaP7Csa3qKPqeEAwf7CsaP7Csa3qKPqeEAwf7CsaP7Csa3qKzeDwYH//0P3QooooAKK5Cw8VaDqXim+8M2GoA3+n83ll9af4q8VaH4H0P+3PFWof2fp9el9TOD65hDrKK5PxV4q0PwPY/wBueKtQ/s/T65Hwn8U/A/ia9Og2GdPvh/y5X1ibE/rT+p4v/eifreE/3U9aory/xP8AFHwT4V1gaBrV+Y78L9rCfYL2+wBxkbc4/Ctbwr448K+OLH7d4V1D+0P7Po+p4v8A3oPreE/3U7qivM/EvxI8KeGLtdG1rUD/AGhqI/48rMG+P5ECtLwr448K+OLH7d4V1D+0KPqeL/3oPreE/wB1O6orPryf/hdvw6/tPf8A2h/xLsf8f32I/wBn/wDgb0oweDxeL/3UrGYzCYP/AHo9oorkr7xToVh/Z/2zUP8AkYP9Csqv65rmieFdE1DXNc/4l+n6fXnfUyfrhvUVzsevaLZ65YeFiMX9/Zm9H4V51e/HD4eWN5f2OoX97nT+v+gX9ej9VxZWMxmEwZ7PRWBoetWGuWP9u6Hf/wBoaff1S/4SrRf+Eq/4Qb+0P+Kg+xfbvsVed9TJ+uHWUVwfinxx4W8D/YP7dv8AH9oVn+GPin4H8UXZ0XQtQ/4mCj/jywbE/wCNej9Txf8AvQfW8J/up6ZRXJ+KvHHhXwPYfbvFWof2fXP+G/iR4V8T3DaLZEjUAP8AjyvB9hP4DBz+VH1PF/70H1vCf7qemUV5hrnxT8E+EtWXQtTvLwah2Bsb+9H6A10fhXxx4V8cWH27wrqH9oUfVcWH1vCf7qdZRRXIeF/HHhbxV/aP9hX41A6fe/Yr3615h6J19FeH/wDC/fhx/wBBC+/8AL+uksviP4WvrCx1pNQzYX979hANif8Aj/8AevW/sjFnD/a+E/6CD0yiufsNc0S/1zUNEsTm/sP+P2kvNc0Oy16w8Lf8v+of6bXl/UyPrh0NFeQ6/wDFTwT4b1YaJeXxvtRbBxZ2RvSPxXNdl4V8U6H4q0P+3ND1D+0NPr0fquLD63hP91OsooorzD0QooooAKKKKACiiigAooooAKKKKACiiigAooooA//R/dCiiigD4314ponxj8X/ABCfBOgXthZ3oP8Az4X1iOfwOKX4+qPFR8QWeALHwhY/bc/9P9/0r3uT4cWL3njC+u5Ptth4uIJssZ4FiLIj8RxXMWPweNj8K9Q+HX/CQf8AEw1D/j9va/RsHm+E/wBmxR+WYvKMX9UxOFItdRb34+6FY3QzYWei399Z/wDYQ+3AfyqT4+hV8Etrqj/iYWN9YGz+v24D+VdT478DjxYljeWl/wD2Fr1h/wAeV7XIWfw48V6zrNhqPxD18a9Yabi9s7O0sPsH+mjvnv8Aia87B4vCf7Nij0MXg8X/ALThSzYf8l+1H/sCWH/pdUXi2xNl8YPAN9YqGv7/AO32V4D/AM+I5H61e8QfDrxRe+N/+E38LeIP7BP2H7Fj7B9vNaHhL4cjRNYTxZ4pv/7e1/AsvtvTH4VP1vCf70P6pi/91MT4POL688f69ff8f51u/sf/AAApupyJpvx70/UbTpqOi3wvfrYnA/U1Z8QfDjW7XXLzxT8PNc/sG+1AZvbX7B9usb04/Ajj0rT8C+Bb3QL6+8T+Jr8a9rt8MC8HH/Ev7AUfW8J/vQfVMX/upU+OF9fWPwr8QX1j/wA+Neh2WgaLZ6INFsbHGniz+xfh6U++sbDXbHUNDv8A/iYWOoV45YfDf4jWNiPC1n4//wCJFj/nw/0+uDB/7p9VPosX/vf1oTxxoNh4VPww0XQ/+PCw1sD8q0fj7/yR/wAQf5/5fq19c+Fuh3ngmy8DWJ+wHT8Gyu/S+rC/4V14s1oafZeN/Fxv9PseTZWdgLAXvHfn+Vejg8XhP9mxR87i8Ji/9pwv1Ym17/kt/h//ALAl/S/BD/kB+IP+w3f12l54TF3440/xst/gafZGy+w/U5rzix+FfjbRV1Cz0Xxd9gsdQvr+9/48P+f6n9bwn1T6qej9TxeDxf1oXwQ2n6D8RvH2hWf/AB4WP2C9H1v+a8C/4WJ4J2f8LT/tE/8ACQ/219t+x/8ATh/x4fYa+mW+FS2PgfX/AAvoeof8TDXv+P29va7r+w9D/wCEV/4RX/mH/YfsNen/AGvhD53+ycWebfEL/kdvhh/1/t/6RGk+PenhfBJ12wXGoaHfWDWZ9xfAfyovPhVrY0XwjYWfiDGoeEv+X02Oc1a0/wCHetajrNlrHxA8R/8ACQf2bm6srMWIsbFSB755+v415n1vCf7MejjMHi/9p/2Yg2i8+Pm27H/IP0T/AEL8etM+MJS3Twjrdjhr6w1uxWyB6f6fwRXV+OvAa+ILyx8TaPfjQdesRg3hHBBGCDXP2Hw41m+1ux8SfEHxF/b50/8A487IWP2GyBI4POefrUfW8J/vQYvB4v8A3U46/wDFV/ofxv8AEH2HQL3X/wDQbD/jyrT+Ekdz4t1vX/ig1h/Z9nr/ANis1suNy/YARm89wDivS9N8ILpvjjUPGy3/APyELOys/sXobIkn+dUfC/gb/hFdf17UbG9Bsde/037F6Xx6/wAhVYzGYT6oGDyjF/Wx3xS8VHwP4G1/xS5BYD/QvrXgPw51vwR4X+I3h/wr4W1Cyv8A+39G+xXuD1v7CvonxX4RHijW9B1G7vwtpoV79tNnjk46Z9cUeO/C7eN7Cws7K/8AsN7p15Y31leYyTj0FGDxmE+qfVT0cZg8X9b+tHGfEb/ko3w//wCv6/8A/SCl+MP/AB5eD/8AsabCu11/wkviDWdA1hr/ACug3v20/Q0njXwkPE66eBqH9n/2ff2N/wD+AJzXnYPGf7sGLweL/wBpOI8UKPCfxT8P+KQMaf4gzot9+PNjTfBqtr3jbxf8RkAJyNEst3TFgfm/8nc13XjfwufG/hS/0L7d/Z5P/Hle+laHhTwrY+B/Cun+FrH/AJh9P65/sg/qn+1nm3wEsrUfDnT9cQZ1HUDfXt9/1/E8/pSeFF+x/GLxfZ2qgWF/ZWN7ef8AX/Tf+FdeK9Eur68+HviH+wbDUP8ATGsruw+3DPfvkfnmuv8AA/gceFRqF9fah/aGv6h/x+3tehjMZhP9pxR5uEweL/2bCnpNFFFfFH6EFFFFABRRRQAUUUUAFFFFABRRRQAUUUUAFFFFAH//0v3QooooAKKKKACiiigAooooAKKKKACiiigAooooAKKKKACiiigAooooAKKKKACiiigAooooAKKKKACiiigAooooAKKKKACiiigAooooAKKKKACiiigAooooAKKKKACiiigD/9P90KKKKAM+l+3WHpXDa3/x/GsOgD1X7dYelH26w9K8qooA9V+3WHpR9usPSvKqKAPVft1h6UfbrD0ryqigD1X7dYelH26w9K8qooA9V+3WHpR9usPSvKqKAPVft1h6UfbrD0ryqigD1X7dYelH26w9K8qooA9V+3WHpR9usPSvKqKAPVft1h6UfbrD0ryqigD1SivK69Gvr7/QaAL326l+3WHpXlVFAHqv26w9KPt1h6V5VRQB6r9usPSj7dYeleVUUAeq/brD0o+3WHpXlVFAHqv26w9KPt1h6V5VRQB6r9usPSj7dYeleVUUAeq/brD0o+3WHpXlVFAHqv26w9KPt1h6V5VRQB6r9usPSj7dYeleVUUAeq/brD0o+3WHpXlVFAHqlaFcL4VruqACiiigD//U/dCiiigDzfW/+P41h1ua3/x/GsOgAooooAKKKKACiiigAooooAw77xVodjffYb7ULLT63Pt1j9u+w/8AMQryv4c2Njrngf7dfaf/AGh/wkH/AB/V5z9uvrHwPp+uWP8AyMGn31/Y2P8A0/2FfRf2Ofn3+sP/ADFH0b/blh/0EP8AP50n26w+3fYf7Q/4mFeH31jY/wDCq9PvrH/iYf2hfWF99urDvv8AiR/FTxB44/6B99YWN7/14X9jXo/2OLF8RfUz6Mvr6xsf+P7UP+QhVG+8VeFbG++w32oWOn/9v9eH+Kv+J54q0/XP+Yf4fvrCxsf/AG+rqtD/ALc/4WN8QP7D0+x1D/jw/wDSGj+xw/1j/wBrPRv+Eq8K/wDQfsf/AAYf/Wo/4Svwr9h+3f2hY/2f/wBf9cr8Ruvh/wD7DdhVHxx9u/4Srwf9h/5/q8/B4M9HGZti8GejWN9Y31j9usdQ/tCqNj4q0O+vvsNjqFjqGoV4f/zKuofbv+Jf/wAJBrf+nWP/AD4V3HxUsbGx8D/brHT/APiYeH/+PGl/Y553+sWL+qfWT1Su4vv+QHXD13F9/wAgOvnT9COHooooAKKKKACiiigAooooAKo32uWOh8a7qH9n1eryv4jX32HXPB9//Z/9of6dXpYPB/WzhzbGfVMIejf25of2H+3P7Qsv7P8A+f6ix1zRNc/5AeoWOoV4D4q0O+sfA/jDXL7T/wCz/wC0L6wvvsP/AG/13Gh/br74jahfa5p/9n6hp9j/AOB//T9Xpf2Svqh8X/rFi/rf1Y7ix8VeFb7/AEGx8QWP/gfV7+3ND+3f2H/aFl/aH/PjXlfwO/tv/hB/D/8AxL7H+z6LGx/4Qf8A0HXNP/tDT9Qvv+P7/p/v6MXg/wDa/qoYPNsX9Uw2KPVP7c0P7d/Yf9oWX9of8+Ncr4q8Va5od9/yD/7Q0/8A6/65W+sf+EHvtQvtc0/+0PD+oX3237d/z4Vh/Ea+sfFWuf2H/aH9n/8ACP2P27/t/r0MHgx4zNsX9UPcPt3/ABI/t2uf8S//AJ/qLLXND1z/AJAWoWOof9eNePfb7HxxfeD/ALd/yD9Q/wBN+w/9P9dT4qsTY+KvB+uWP/IQ1C++w/8AbhXm/Uz0f7X/AOYo9Gooor50+wOr8K/8f9dzXDeFf+P+u5oAKKKKAP/V/dCiiigDzfW/+P41h1ua3/x/GsOgAoorD1zxVomh/wDIc1Cx0+gr64dVY2N9ff8AHjVGu+8A6hoeuWH9r6FfWuoB/wCJO39a1PE+htegX1n170EnltFFFABRRVG++3fYNQ+w/wDIQoA5X/hB7H/iYWNjqF9p+n6h/wAuNjV6x8DaHY32n31j/wAw+x/0Kxrw/wCHOuWFjYf8VXqGt6f4w0+x/wBOsb6//wCP/wDz/wBONdVonxi1C+sNA8U614Q/s/QPEF7YWNj/AKf/AM/9en9axZwf2RhDuP8AhB9D+w6hYj7d/Z/277dV7/hB9D+3eIPt3/Mwf8f1eV+B7G/+Kmh6h441zUL7/iYX3+hfYb/7B9gsKueCRqPjjQdRsPE+o3ofwfreoWINlf8A2AX5sKPrWLD+yMId1Y+B9DsdD0/Q7H/mH3326r3/AAg//E81DXLHUL7T/wC0P+P7/jxrh/g7fX19oeofbtQ/tDT/ALdf/Yb6+/58K9io+tYsP7Iwhh65odjrljp/27/mH3326i+0Oxvr7T76+/5h9blFL64T9TOVvvA+h339ofb/APmYP+P6qP8Awg//ACD/AO3NQvtQ/s//AJ/q7iin9axZX9kYQK7i+/5AdcPXcX3/ACA68w7zh6KKKACivQ9G8EhATf1uf8IVon900AeQUVtazot5o14GU5B6Gur0XwuLs/bb/qaAPOqK9f8A+EK0T+6a4nW9EGjDcOQaAOWrDvtCsdcvtPvr7/mH1uV4D8VL77F8RvB9jfahff2fqH2//jx+3f8AtjQB7F4q0Ox8VaH/AGHfUX2h2N9rmn67/wAxDT6+ZfCvxUvvCvhXUP8AiX3viD+0PFP9iWNjff8AH/8A9v1dtrXxzu/DI8QWnibQRY3/AIesrG8+xDUM/b7G+OCPwPBqvrh531M9J0PwP/withp+h2PiC+/s/T/+vH/5BpP+EH+3f8f2oX2oafp979t+w1ww+KfjYa3p/hO88H41+/sfto/0/wD9Lq9H8D+Kv+E48K/25/Z/9n16P1rFnD/ZGEKN94Hsb7/Qb7UL7UNP+3fbvsNbmh6HY6H/AGh9h/5iF79urcopfXD0PqeEOH/4Vzon/T9/x/fbv+vCr1j4VsbHXP7cvtQvtQ1D/p+rqqKf1rFh/ZGECiiivMO86vwr/wAf9dzXDeFf+P8AruaACiiigD//1v3QooooA831v/j+NYdbmt/8fxrDoA5bxxrn/CK+FdQ1z/oH18yfCv4O/wDC1P8AiqvHGoX3/Ewr6b8caH/wlXhXUND/AOghXzh8H/jDafB5D4U+Idheq2njg4ziv1fh3639UxH9l/7yfhXF31T+1sP/AGp/uxY8Z+DNY/Zg8aaF4p8LX97qOgXxKupwcHHQ/ga/SP8AtCJra21SNsWhXJ+h4Br83PGXjLWv2n/Gug+FvC1ibHQLElmZjyT+g6DFfpb9hH2H7HRxF/umH+tf7yHA31T63iP7M/3Y8r8U6KLK+N8Dn7fwa5avVL7GueFs15XX5QfuoUX3277F/oP/ACEKKKAPAfFXhXxx4qsdPvvHH2HT/wDhH/t99/oP/L/f1yvw58D+N/FXw5+H9j4q1Cx/4R/T/sF9/wBP/wDoH/HjY19UUUAeO6H4V+I3gcahofhX7DqGn6hffbrH7d/y4Vhah8KPE9l4X0/wxod//aFjf3v23Wjff6Ab/dXv9FAGH4VsL6xsfsN9p9jp/wDZ/wDz41uUUUAFFFFABRRRQAV3F9/yA64eu4vv+QHQBw9dR4Z/5DFl9K5er2h332G++3UAe/UVy+peJdC0bRH8SXt3t0+0U7m7elfNB1n40/EVf+E98Gn+w9OsBm0sX5/tAe/avo8Hk/1s8DNs3+pn138lyntUlfEnijwp8VPjBot54r1gDwp/YeLzRtHyM/bQCQb/AB157D1zW74s8c3fxP8ABXhPwd4XG2/8f8X2MZsrDj7b+PYD/wCtXo/6unz/APrd/wBQ59E/8Jt4L/6Dtj/4HD/GsXWvGvgm70a8A1+x27cEi+A/rXNf8M6fCH/oALXJeJvgf8GLG2aztdAT7Z/Dtzn8a4P+Egj/AIyEnsb6xvv+PDUP7QriPFXhXxVfeKvD/irQ/sP/ABT/ANv/AOP7/p/rb0PwP4V8K/8AID0/+z/7Qrqq+cxX/UKfZ4P63/zFHx38RvCvirQ/7P1z+0LH/hIPEHjaw/68LCu18TfCHxP49HiDXta1Cy0/X9QsrGwsvsXFh9gB+2nr9K+j6Kk7zh/+EVvh8RtP8cf8w/T9E+w0fDnwrfeFdD/sO+/5/r++/wDA+/ruKKACiiigAooooAKKKKAOr8K/8f8AXc1w3hX/AI/67mgAooooA//X/dCiiigDzfW/+P41h1ueKf8Aj+rl/tt9/wBA+gC5XT6P4I8LeKbD/ip9PstQP0zXnn26+/6B9eh/D3W2N21hdnDY4oHjMH9cPQtC0DRPDVl9j0WyFjH6Af1ro6KKBHB+GFB0e9s/7uf1FeX167dWsfhvQb6RDkEZFeRUAFFFFABRRRQAUUUUAFFFFABRRRQAUUUUAFdxff8AIDrh67i+/wCQHQBw9FFFAHlGjaDrvjnxO178QzjQrC9/0HRcZwa+07D7J9k/0H7teB11Oh65/Yf/AGD69LF4z62fP4TKPqZ7HXhvgH4N6N4C8U654ksZBdf2i4+yqQD9jXHKj6+te0Wd3a3yfabY7geM1zPiXxVZaL/oobN4wBUY9aPrh6WLwmExf+1D9c1xNHTs14w/DFeXf8ftYd9rn26qP9t2Pr/n8q807jcorE/twUf24KANuisT+3BR/bgoA26Kw/7bsfX/AD+VXv7dsaAL1FUft1jV/wC3WHpQAlFFFABRRRQB1fhX/j/rua838LX326/r0igAooooA//Q/dCiiigDzfW/+P41h1ua3/x/GsOgAooooA9SsvG9kRi8OKu/8Jron9415BRQAninW9b1q9wONPrlrHXf+f8Arqqo31jY31ABY31jfVerlb7Qv+fCqP8Abl9Y0AdxRXK2Pimx/wCX6tz+3bGgC9RVH+3bGj7dY0AXqKo/brGr/wBusPSgBKKKKACiiigAruL7/kB1519vH+RXot9/yA6APOft1jVH+3P+fGr32Gxq9QBh/wDE8o+w32P9O1CtyigC9ol7e6KP9DHBqj9h+3X326+oooAX7DYetJRRQAUUUUAFH2GiigBfsNh61Q+w2NXqKAKP9hWNUv7DFbdYd9rljQBR+w31L9uvrGk+3X19/wAeFXrHQ/8An+oAw/8AhK77/lxq9Y/Yf+X6ur+w2HrVD+wrGgDq/Cv2H/lxr0evN/C1j9hr0igAooooA//R/dCiiigDzfW/+P41h1e8VX32G+rh/wDTr6gDq/t1h6VQ/t2xql/YYq7/AGFY0AUv7cFUPt19W5/x5Ve+3UAcr9h12r39iX3p/n863KKAMT+wxSf2JY+n+fzrcooA5X/hFLGqP9h31jXcUUAcPY31j/y//wCf0rqvsNjfUX32GsP7B/z40Abn9hWNH9hWNYn/ABVVlV3/AEG+/wCP7UKAD7DY2P8AzEKo/wCnf8uNdX9hsPWkoAw/+J5VH/Qf+X7T66qigCj9usa9Gvv+QHXnP2Gxr0a+/wCQHQBw9FUft/8Az/UfbrG+oAvUUUUAFFFFABRRRQAUUv26w9Kwv7bsfX/P5UAblFcr/bt9VH/Tr6gDqv7dsaw77Xb6ix0L/n/rcsbGxsaAOV+w319W5Y6HY/8AL/W5RQAUUUUAFFFFAHV+Ff8Aj/rua4bwr/x/13NABRRRQB//0v3QooooA5PXND+3Vif8Irff9BCtvXL6+sf+PGsP+2771/z+VAC/8Irff9BCj/hFb7/oIUn9t33r/n8qP7bvvX/P5UAL/wAIrff9BCj/AIRW+/6CFJ/bd96/5/Kj+2771/z+VAFL/hFL+k/4Qa//AOghV7+2771/z+VH9t33r/n8qAKP/CK33/QQo/4Qa/8A+ghV7+2771/z+VH9t33r/n8qAKX/AAg99R/wg4q7/bd96/5/Kj+2771/z+VAC/8ACL33p/n8qP8AhFb7/oIUn9t33r/n8qP7bvvX/P5UAL/wit9/0EKo/wDCKX9Xf7bvvX/P5Uf23fev+fyoApf8IOKvf8Irff8AQQpP7bvvX/P5Uf23fev+fyoAX/hFb7/oIUf8Irff9BCk/tu+9f8AP5Uf23fev+fyoALHwrff8v1dx9h/0H7DXD/23fev+fyruPt3+g/bqAOI/wCEXvvT/P5VR/4QcVd/tu+9f8/lR/bd96/5/KgCj/wit9/0EKv/APCK33/QQpP7bvvX/P5Uf23fev8An8qAF/4RW+/6CFH/AAit9/0EKT+2771/z+VH9t33r/n8qAF/4RW+/wCghVD/AIRW+/6CFXv7bvvX/P5Uf23fev8An8qAKX/CDij/AIQcVd/tu+9f8/lR/bd96/5/KgCl/wAIOKvf8Irff9BCk/tu+9f8/lR/bd96/wCfyoAX/hFb7/oIUf8ACK33/QQpP7bvvX/P5Uf23fev+fyoAX/hFb7/AKCFH/CK33/QQpP7bvvX/P5Uf23fev8An8qAF/4RW+/6CFH/AAit9/0EKT+2771/z+VH9t33r/n8qAF/4RW+/wCghR/wit9/0EKT+2771/z+VH9t33r/AJ/KgDqtDsfsNb1cnod99urrKACiiigD/9P90KKKKAPN9b/4/jWHW5rf/H8aw6ACiiigAooooAKKKKACiiigAor5zsfHGufYdPvrHxB/aGof239h+w/6BXcfEbXPFVj/AKD4V/5CGn/6dff9eFhX0v8AZOL/AN1Pjv8AWLCfVPrR6pRXnPirxVffYfB99of/ACD/ABBfWH/gBXVeKtc/sPwrqF9Y/wDIQ/5cf+v+vM+pnpf2vhDcorznwrrmuf8ACK+ILHXdQ/4qDw/XD6H8RvFX/CudQ/tz/kYNPsft1en/AGTizy/9YcIe/UV5z/bmua5fafoVjqH9n/6F9uvr6tz7dfeFND1DXNd1D+0NP0//AE6vM+pno/2wdVRXnPw513xVff2hofir/kIaf/7f16NRi8H9UPTweM+uYT60Fdxff8gOuHruL7/kB15p3nD0UUUAFFFFABRRRQAUUUUAFUr7XLHQ7H7dfVdrzn4qf8gTT/8Ar+sP/S6vUweD/wBrPPzbGfVMJ9aOq/4SrQ/sP27/AKB9Xr7XNEsb/wCw/wDb9XnPxG/tv/hBtQ+3af8AYKv2P/JVB/2BLD/0uru+pnz39sYv639VNux8VaHfX32Gx1Cty+1zRND/ALP+3f8AMQrh/A//ACHPGH/X9VHxx9u/4Tjwf9h/6f8A/wBIav6n/tYf2xi/qn1o9Gsdcsdcsft2h6h/aFFjrmh65/yA9Q/tD+z68PsdcvvCth8QLH/mYPt3/pf/AMeFXvA/2Hwr4q/4RWx+3f2fqFj/AM+H2D/T7Cu7+xzz8HxF/ux6poeuaHrlh9u0LUP7Q/s+l/4SrQ/sOn339of8hD/jxr5y8DqPC3hXTvFR/wCQfr/2+yvf/A7/AEGur8K/8ePww/68arGZQebg+LcXi/qx7fY65oeuf8eOoVerzj/mqn+g/wDQE/07/wAD69Hr57Fn6Hg8YdX4V/4/67muG8K/8f8AXc15Z6AUUUUAf//U/dCiiigDzfW/+P41h1ua3/x/GsOgAooooAKKKKACiiigAooooA8O/wCEU8U/8IvqHgn/AIR//kIXv/H9/oNdXY+Fb++1zUNc1z7dp/8Ay42X/XhXD+CPirrnxG0/w/ZaFp1kdQ/4/tbvf+XCwruLH4xfDm+vtP0Ox1D+0P7Q/wBBsv8AQL6vov7YPjsHw7hDlf8AhFfFVjofh/Q7HT/7Q/4R/W/t3/bhXVa5Y6344v8AT7G+0++0/T9P/wBO/wCXCuV+I3irXP8AhOPD/hXQ9Q/5B9jf63e/9uH/AB41R8cfEbxVY/s5/wDCxrH/AIl/iD+xLC+o/tgn/V7CHVX3hXXLHXNQvrH/AImGn+ILH7Dff9f9cr4q+HOt33w58P2Nj/yMGn2P2GvRtD+I3gfxVff2Foeof8TD/j+ruKv+1sWXi+HcIeV31jrnhW+0/wAVWOn/ANof6D9hvrGqN/8A258RtD0//iX/ANn+H9Qvv+f/AP5cK9Uv7GxvrH7Dff8AEwq9Y2P2H/QbGo+uE/2Oec/8IrfWPirT9csf+Jh/y5X1ejUUV5+Mxh9HhMJ9UCu4vv8AkB1w9dxff8gOvNO84eiiigAooooAKKKKACiiigAqjfaHY65/oN9V6igCjfWNjrlj9hvv+QfR/YVh9v8A7d/5iH2H7DV6ig876mUbHQ7GxvtQvrH/AJf6o654V0PXL/T76+/5h/8Ax41uUVX1wr6nhDlbHwP4Vsf+Yf8A8v326ty+0Oxvv7P+3f8AMP8A9Oq9RXofXA+p4Qw7Hwrodjon/CK/2f8A8S+qP/CD6H9h0+x/s/8A5B//AB411VFP61iw+p4Qw9D0PRNE/wCPH/mIVuUUV5h3nV+Ff+P+u5rhvCv/AB/13NABRRRQB//V/dCiiigDzfW/+P41Rsf9OvvsNXtb/wCP40aH/wAhzT6APXLLRrSyHyDNeAfG7472HwpKWOn2P2/W7wAKo4HFfSdfJHxB/Zgi+IfjC+8UXGv/AGM3oA2rZKxGB6sRn86+l4d+qfW/+FM+P4t/tb6p/wAJZ8y2P7YXxSW92Xoscelfdnwh+L+i/FzRft1jmyv7I4u7Q8lCf6V83f8ADEtp/wBDU/8A4AL/AI17J8G/gIvwl1bUL+11tr4aj1VhzX6HxFi+HcXhP9lPxfhHCcWYTF/8Kn+7Hs+uaHZX1jXj1fRlfOdfi5/TAUUUUAfHXgfwv4p+FXgfT9cstP8A+JfqNl/xO7H/AJ8P+n6qXwr/AOJHofw/vvHGn63Yaf8A8uP/AB4/YPt9/wD+T1faX/H9/oN9XnNj8K/A9j/Z/wBh0/8A5B//AB4/6fffYKAOH8K2P/CVWPxA8cf9DB9vsbH/AK8LCuH8Vfbtc/Zz/wCFc2Ph/W/+Eg/sSwsfsX2C/r6osbGx0Ox+w6Fp/wDZ+n6fV6gDwL/TvHHxG+H99Y+H73w/p/h/7f8Abvt3/T//AMuNe+0UUAFFFFABRRRQAV3F9/yA64eu4vv+QHQBw9FFFABRRRQAVRvr77DY6hfX3/MPqjrnirQ9D/5Dmof2fXlmufGLwPfWGoaH/p2of2hXqYTCYvFnz+MzbCYQ4b/hf2t/bv8AkH/8S+vprQ76x1yx0/XLH/mIV8P+FfhzfeK/+QHqFj/Z9fcGh2Njoeh6fodj/wAw+vsuIsHhP+YU+M4SxmbYv/ei9RRRX5yfqYUUUUAFFFFABRRRQAUUUUAFFFFAHV+Ff+P+u5rhvCv/AB/13NABRRRQB//W/dCiiigDzfW/+P40aH/yHNPo1v8A4/jRof8AyHNPoA9wooooAKKKKACvnOvoyvnOgAooooAKKKKACiiigAooooAKKKKACiiigAruL7/kB1w9dxff8gOgDh6KPt1jY1T/ALc0P/oIWNAFyisP/hKtD/6CFlV77dY33FjqFAHx3Y6HYeOL7xB4q8Vah/xL9Prx2vcPipfaH4Vsf+Fc+Ff+v6+rw+v6byj/AKCj+R+If+gU9U+DuujQ/HGn/wDUQr7grwHXPg7fX2h+H/7D/wCJfqGn11Wh2Hxisb7/AInmoWOoafX5Xm/1TF/7Ufs3Dv1vKP8AZcUeqUUUV+cH6kFFFFABRRRQAUUUUAFFFFABRRRQB1fhX/j/AK7muG8K/wDH/Xc0AFFFFAH/1/3QooooA831v/j+NUbG++w3326r2t/8fxrlb6+sbH/j+oA+krW7hvYhPbHKnjmrFfK//CxrGy/48dQqgfij421AY0UZHvQB9b0V8krrXxSveF1Cj/iuP+X7xBfUAfUWsalZaPaNfXv3Vr56/tyw/wCgh/n865W+8D/bv+Q5qF9qFJ/wrnQ/S+/z+NAG7/bmh/8AQQpP+Eq0P/oIVQ/4QfwrR/wg/hWgC/8A8JVof/QQo/4SrQ/+ghVD/hB/CtH/AAg/hWgDQ/tzQ/8AoIVe/tyw/wCgh/n865T/AIVzofpff5/GqP8Awrmx/wCghfUAejUV5X/wrj/nx1Cj/hFfFVjxY6hQB6pRXjv/ABXFl/z/AFH/AAnGt2X/AB/UAexUV5X/AMLUsbH/AJDlUf8AhY39uf6D4VoA9iruL7/kB14fofhX7d/p2uah/aFe4X3/ACA6APK/+EV0P/oH1R/4Qfwr/wBA/wDz+VdVRQB4D8RtD/sOw0++8K+H/wC0P+f6vHb7xxof2H/QdPvtP1CvuCsO+8K+Fdc/5Dun2OoV9Lg8ZhP+YrDHx2MweL/5hcSfCPhXwrrnji+/0GjxV4VvvCtfftjY2Oh2P2Gx0/8As+uG+KljY33w51D7dX2eD4h/2s+MxnCWE/snEHK/Dn4qWN9oen/27XsVjfWN9/x418y/B3wPY65oeoX19/z/AFdVffDnXND/ANO0PUK+MzfCfVMWfovDuM+t4TDHv1FeA2PjjxVY/wDH9/xMK9V0Pxxoeuf9Q+vmj3zqaKKKACiiigAooooAKKKKACiiigDq/Cv/AB/13Neb+Fb6xvr7/Qa9IoAKKKKAP//Q/dCiiigDxvxxod9fX/8AoOof2fXEWPgfQ/8Al+/4mFep63/x/GsOgCjY6Hodj/zD6vUUUAFFFFABRRRQAUUUUAFFFFABRRXK33jjQ7GgDqqK8Q1z4jX19/x4f8S+sKx0PXPFXWgD1TXPiNodjzY/8TCvOb7XPFXir/QbCu40P4c6HY/8f3/Ewr0axsbGx/48aAPHbH4O6H/x/a5/xMK3P+Fc6Gf+PH/iX16NRQB5XY+B9c0O+0+9sa+jL7/kB1w9dxff8gOgDzn/AK8aX7eP8iuUvvHFhY/8eP8AxMK5a+8Va5fUAew1RvtcsbH/AI/tQrx2x0PxVfVe/wCEH+w/8f3/AJI0AdxfeONDrx34qeOPt3hX7D/0EK9VsfCvhWtv/hFdD/6B9eng8Z9Uxf1o8/NsH9bwn1U8B8D65rmh+FdPsbCu4+3eOL7/AJ/q9i/48f8AjxopYvGfWx4PB/U8J9VPHr7wr4q1z/j+rlL74O65/wAuOof+T9fRlFead58r32h+N/Cv/H9qF9V6xvvt3N9qH9n19NVyt94H8K33/MPoA5Wx8K319/p1j4gq/wD8Irrn/QwVhX3ge+0P/TtD1CqVj8Rr7Q/9B13/AImFAHU/2H4q/wCghR9h8cWNFj44vtc/5Aen/wDgdW5/YeuX3/Ic1D/wBoAw/wDhKvFVj/x/afR/wsf/AKh9dX/wiuhVd+w2P/QPoA85/wCEqvtc/wCYh/Z9blj4Wsb7/Tr7UL7UK3f+EV0O+/5h9YX/AAg9j/y4/wDEvoA9U8D2NjY/6DY16RXlPw5sb6x/tCxvtQ/tCvVqACiiigD/0f3QooooA4XXbG+/4/rGuX/0/wD6B9epX1/VL7eP8igr64edf6f/ANA+j/T/APoH16L9vH+RR9vH+RVfUzzPrh51/p//AED6P9P/AOgfXov28f5FH28f5FH1MPrh51/p/wD0D6P9P/6B9ei/bx/kUfbx/kUfUw+uHnX+n/8AQPo/0/8A6B9ei/bx/kUfbx/kUfUw+uHnX+n/APQPrBvrHxVfD/Qf+JfXsf28f5FH28f5FH1MPrh8y33wr1y+/wCP7UP7Qqh/wp6vqn7eP8ij7eP8ij6mH1w8OsfA+h6H/wAePh+us/0//oH16L9vH+RR9vH+RR9TD64edf6f/wBA+j/T/wDoH16L9vH+RR9vH+RR9TD64edf6f8A9A+j/T/+gfXov28f5FH28f5FH1MPrh5x9hvr3/mH16N9h/0D7DS/bx/kVdqT0T5zsfhzY2P/AB/6f/aFdVY6H9h/48dPr2KigDy3/T/+gfR/p/8A0D69SooA8dvrE33/AB/afVH/AIRU/wDLjp/9n17hRQB4h/Yeuf8AT7R9h8V/5H/169vooA8d+w+KapfYfFf+R/8AXr2+igDw/wDsPxV/0EL6qP8Awiv/AD/fbtQr36igDw//AIRWx/6F+r32H/qH17FRQB4DfeB9Dvv+ZfqjY+CNbsf+QHqF9X0ZRQB47Y2Gtn/j+rQ/0/8A6B9epUUAeW/6f/0D6P8AT/8AoH16lRQByuhWN9/x/X1d1WfWhQAUUUUAf//S/dCiiigDk77/AI/6KL7/AI/6K+kwh8fiwooor0DywooooAKKKKACiiigAooooAKKKKACiiigAooooAKKKKAKN9/x411dj/x4Vyl9/wAeNdXY/wDHhXz+LPpMIX6KKK8s+gCiiigAooooAKKKKACiiigAooooAKKKKACiiigAooooAKKKKACiiigAooooA//T/dCiiigDk77/AI/6KL7/AI/6K+kwh8fiwooor0DywooooAKKvfYb6j7DfV556BRooor0DzwooooAKKKKACiiigAooooAKKKKAKN9/wAeNdXY/wDHhXKX3/HjXV2P/HhXz+LPpMIX6KKK8s+gCiiigAooooAKKKKACiiigAooooAKKKKACiiigAooooAKKKKACiiigAooooA//9T90KKKKAOTvv8Aj/oovv8Aj/or6TCHx+LCiiivQPLCu3sNFFl901geGbPZdlj2Fbuqa9ouhoH1m+t7LP8AfIH86+fxZ9Lg/wDoKM7xb418MeB9P/tHxNfrY2mMZNHhLxr4Y8caf/aPhm/W+tMYyK+R/wBr3xT4a134c2Fpo99Z3pa9HylsgfTFS/sm+KtE0HwNqFnrV/ZWJF6cAHGa+y/1d/4SPrR+d/62/wDGRf2WfY1/oovfvGuIrtdL17RdcQvo19b3uP7hB/lWF4ms992GHcV8bhD9Dxn/AEFGPRRVH/pxr6A+bL1FU6b9usb7/mIUAXqKp037dY0AXqKo2N9Y33/HjV6gAooooAo33/HjXV2P/HhXKX3/AB411dj/AMeFfP4s+kwhfoooryz6AKKKKACiiigAooooAKKKKACiiigAooooAKKKKACiiigAooooAKKKKACiiigD/9X90KKKKAOTvv8Aj/oq99h/06l+wD/Jr0cHjD5/GYMoUVf+wD/Jo+wD/Jr0frh5v1M2PDXW8+teD/tJfCnxP8TdF0Wy8MMAbFyx59QB/SvbrH/Qb6tv+2x6fp/9erwmL+qYv61hT0sZlP1vCfVcUfkH8Rfgn40+Fujf2z4nNibC/vRZ49j0/lR8O/gj40+KNiNd8MGxH2A459a/Rf4w/DZfjD4YsdHF/wD2e1jei8J9hnH86Pg78OE+EGh3uim//tA399ke1fqn+vP+yf8AUSfzN/xCX/hX/wCoY4/9mv4WeJ/hguvf8JMwL3/2Irj1AIP5E19DeKPuCr/9tj0/T/69Yl9/p19X5VjM2+uYv61ij+h8HlH9j4T6rhTCr5Xvvt2h/Efxh44sf+Yf9g+3f9eH2Cvrf7AP8muUsfA9jY654g1z/oYK9DCZthMIfPZtw7i8Z9WPAb6+/wCJJ4wvrLUP+Qhrdh/5P/Ya6r4qaHofhXwP/bmh6f8A2fqHh/8A48q6rQ/gfoeh6HqHhb+0P+JfqF79uraHw3vL17Gy1vXft9hYdbL1r6X+18IfHf6u4v6oed/25Y+B/FXjCxvv+QfqFl/bdl/7fVh6Hof+neD/AArrn/MQ+363ff8AX/XsXjj4V2Pjj+z76+1D/kH1d13wP/bgsL7+0PsGoaf/AMeV7R/a+EO//V7FnnOuWFjonxG8H32i/wCgDUDf2V7XsdYVl8OVbXD4n16//tC/sOLHPSwrrPsA/wAmvm8ZjD7TKcpxZQoq/wDYB/k0fYB/k15n1w7/AKmYV9/x411dj/x4VR+wD/Jq7XDiz6TCmhRRRXlncFFFFABRRRQAUUUUAFFFFABRRRQAUUUUAFFFFABRRRQAUUUUAFFFFABRRRQB/9b90KK+K/8AhrX/AKk//wAn/wD7ho/4a1/6k/8A8n//ALhqvqYH2pRXxX/w1r/1J/8A5P8A/wBw0f8ADW//AFJ//k/R9TA+1KK+K/8AhrX/AKk//wAn/wD7ho/4a1/6k/8A8n//ALho+pgfalFfFf8Aw1r/ANSf/wCT/wD9w0f8Na/9Sf8A+T//ANw16H1MD7Uor4r/AOGtf+pP/wDJ/wD+4aP+Gtf+pP8A/J//AO4aPqYH2pRXxX/w1r/1J/8A5P8A/wBw0f8ADWv/AFJ//k//APcNH1MD7Uor4r/4a1/6k/8A8n//ALho/wCGtf8AqT//ACf/APuGj6mB9qUV8V/8Na/9Sf8A+T//ANw0f8Na/wDUn/8Ak/8A/cNH1MD7Uor4r/4a1/6k/wD8n/8A7ho/4a1/6k//AMn/AP7ho+pgfalFfDt9+2J9h/5k/wD8n/8A7hq9/wANa/8AUn/+T/8A9w0fUwPtSiviux/aov76++w2Pg//AImH/X//APcNe4f8Jx44vrD7dYeH7LUP+nH7f/8AcNeaB7JRXxxfftUX+h6h9h1zwf8A2ff/APX/AP8A3DVL/hrX/qT/APyf/wDuGvS+pgfalFfFf/DWv/Un/wDk/wD/AHDR/wANa/8AUn/+T/8A9w0fUwPtSiviv/hrX/qT/wDyf/8AuGj/AIa1/wCpP/8AJ/8A+4aPqYH2pRXw7Y/tiG+sft3/AAh//k//APcNXv8AhrX/AKk//wAn/wD7ho+pgfalFfFf/DWv/Un/APk//wDcNH/DWv8A1J//AJP/AP3DR9TA+1KK+K/+Gtf+pP8A/J//AO4aP+Gtf+pP/wDJ/wD+4aPqYH2pRXxX/wANa/8AUn/+T/8A9w0f8Na/9Sf/AOT/AP8AcNH1MD7Uor4r/wCGtf8AqT//ACf/APuGj/hrX/qT/wDyf/8AuGj6mB9qUV8V/wDDWv8A1J//AJP/AP3DR/w1r/1J/wD5P/8A3DR9TA+1KK+Hf+Gt/wDqT/8Ayf8A/uGr3/DWv/Un/wDk/wD/AHDR9TA+1KK+Hf8Ahrf/AKk//wAn/wD7ho/4a3/6k/8A8n//ALho+pgfcVFfDv8Aw2N/1J//AJPf/cVH/DY3/Un/APk9/wDcVH1MD7ior4d/4bG/6k//AMnv/uKj/hsb/qT/APye/wDuKk8HqB//1+sq5RRX0h54UUVRvtdsbGvRweExeL/3U8/GYzCYP/ei9RWJ/bgq7Y31jfV6OM4dxeD/AOYc+dwfFuU4v/mJL1FeO/HDxxffDnwP9usf+QhqH+g2Vcr/AMKP8Vf8Ir/yUDW/+Eg/6/8A/QK+L+uH6ng8H/zFYo+jKp18/wBj8VPFWh/B3UPFXirT/wCz/EGn/wCg/wCnf6B9vqj4V+HPirxX4V/tzXPiBren6hqH+nf6Df8A+gf6fR9cK/sj/oKPpqivlnwvrnjfxx4J8Y+B7zUMeLvD/wDy+2X+gV6J8D/FX/CcfDnT76+/4mGoaf8A6DfUfXBYzJ/qZ7FRXzn8Hdc1zxx448YeOP7Q/wCKf/48bH/nwrh/g74q8VX3wP8AGGuX2oX2oahp/wBv/wBO/wC3Cj64eh/Y59cUV8c/DfwP438cfDnT/HGi/EDW9P8AEH+n/wDH7qH2+wr2L4O+OL/xxomoWPir/kYPD999hvqWDxh5+Myf6meyUVcr4t8VeKvjFY+Kvh/Y+KtQsdP0/wAQX1h/oVjTxmMDB4P62fW2uf8AHj9u/wCn6wrx/Rfj34Y8TaiU8MA31ivBvTwQa8u/aY+NmjaKP+FXWGf+JgcXvB/0Gx9B718H6g3hg3Y1r4dk6ffafzjtXpHzp+hHxG/aZ8U/B3xT4fPhWwsf7P1Cy/4/aTwr+3d44sb7+3P9Br531zXPE+teCF0T4v6dmw1D/jy1o/8AH/YHP/L9XzHoljff25f2N5/zD68s9A/pIvPil8Hv2ivCun/8VDomgeL9P/5cft9jf/8ApDXgf2H7D/oNfD+h/B6+0P4Wf25oWof8I/4g+xfbr3/5Bq944+I2uf8ACgfB99Y6h/Z+oah/oP8A0/8A+gVf1v6mfS4PKPrf+6n2pRXxX4p+I3ir/hnPw/rljqH/ABMNQvvsN9ff8v8AXv3ha+/4RX4WafruuX97f/2fZfbr37b/AMf9L64eZjMn+pnq1FfAPwd+I3ir/hY2n/8ACcahfahp/iD/AJ/v+PCvcf2jPFWueFfCun32h6h/Z+ofbqf1z/mKPTxnDuL+t/VT36x/48bCr9cn4Vvvt3hXw/ff9ONhXznfeKtasf2mfsN94gvv+Ef/AOfL7f8A6B/x4Uvrh5mDyf64fXFFfFdjrnir44fEbUP7D8QX3h/w/p//AD4/bq+tvFVjfX3hXULHQ/8AiX6hqFj/AKDSweMDGZP9TN6ivzl8cWPxh+Ff9n/254wvtQ/tD/nyv76vYtD8D/HDwrfahrnirxh/aGn6fZX/APy/31P64eli+Hf+Yr6yfXFFfMn7OfinxV4qsfEF9rmof2hVD/hY3ir/AIaM/wCEH/tD/in/APnx/wC3Cj64ed/ZP+14nCn1VRXxXZeOPjF4q+I3iDwP4V8QWOn/ANn31/8A8f1h/wBP3/XjW58OfiN8RrH4qf8ACufiN/xMP8/b6Prh6P8Aq6fXFFfI/wAKtc1y++OPjDQ77UL7UNP0/wC3/wCg/wDb9V7/AITjxV/w01/wiv8AaH/Ev/58f+3Cj64eb/Y59VUUUV6R86Z9FFFABRR/x4+1fMvjj9ozwrof+g+Ff+Kg1D/yQoxmL+pnpYPKMXjP91Ppqivz61b9oL4pxTaXqdjqH2H7dZg/6HYehqr/AMNHfGT/AKGG/wD/AABr5x5vhD7B8D4s/9Dqvt32Gx+3X1XqP+P73rQr0Dzzk9cvv+XGuXq5fVueBtc0PQ9c+3eKtP8A7Q0+v6+yjB/VMIfwlm+b/wBr4s5eivfP+FO2P27+3P7Q/wCKP/4/vt1eV+Odc0PXNc+3eFdP/s/T69DCYz64ebi8o+qf70fMv7Rn26++HP8A2D76vpqx1zQ77Q/7c/tD/iX/AGH7d9urlf8AQf8Al+rh/wDhmX4c/bv+X3+z/wDnx+3/AOgV/PHHOU/U8X9awp/Zvh3xF/a+U/VcV/zDnK/FTXLH4xfBDUPFWh6fff8AEvvq+gPCuuf8JV4V0/XLH/mIWNXLHwroeh6H/wAIrY6f/wAS/wD58a8dvv2ZfhzfX2ofYdQvtP0/UP8Alysf+PCvyg/ZvrmExf8AspyvwB/07xV8QPFVj/yD9Qvv9B/8nq4nXdbv/g7rXxA8L2P/ACDvEFl9tsf9P+wf8f8A/oP+gf5/5ca+0ND0Ox0PRNP0PQ/+Jfp+n1w/jj4V+FfHGuafrmuf8w//AMn/APr+qvqZ6ODzfCfW/wDaij8HfCv/AAg/w50/Q/8AmIf8f19XgPwd/wCSA/ED/t//APSCvtKvK/Cvwr0Pwr4H1DwPY6hff2f4g/8Ab+j6medhM2/6CjlfgDfWNj8HdPvr7/p//wDS6vOfg7Y654q/4WB4q8K6h/wj/wDwkF9/oV7Xc2P7Mvw5sb7/AE7UL7UNP/58a9v0PQ7Hwroen6Hoen/2fp+n0fUz0MXjMJ/tH1U4fwPofxG0O+1D/hOPEH/CQaf/ANeFeV/H6x1y+8VfD/8A4RX/AJCH26/+w/8AkjXqnxG+KnhX4c6H9u1zUP8AiYf8+NeK/D347+LfGXhTX7+zvtG00aDe8G/GLCwsL7iyx9DxX0ODyf62fPf2v9Txf1o+YP2k/hh4rsdQPxZ8ZGx07UPEZsNmk2Z+2Fc2S8k5x0X8K+fIWsbXUbJ7qP8Atu6a1siqdQucfLn2GK+v/wBqLxtrXi34Xadp+o6pY659g1wc2XQf6D1r4c8L2IvtQ/0zpTxmD+p4s+ewp9T6HffbrHT7z+z7HT/+3Cxv/wDQKw/gx4FOt+JF0Oe8tY7TU/8ARLuxN9tvTd2XIIGB36Y4qleXps/C9/ejkmyrr/2MvDSv8Uh4o1of8uV/9iPrfgYH5c0Ys7j9H9c8K32ueFfEGh2P/IQ1Cx+w1+e3wr+3eOPFPg/wPff8g/T777d/9w1+oNeO+B/gf4H+HPirUPFWh/bq+dxmDPtMozf6nhMSfAq6DqGo3+n/AAqvP9A1DT9b+xfbf+v/AOw2NfWv7VHir7D4W0/Q/wDoYL7/ANIK9F/4Uf4HsfHH/Cxv+Yh/x/fYf+XCr2ufB3Q/FXjjT/HF9qF9/aGn/YPsX/bhXmfUz08XxFhMXi8Pij4D8U+ONDvvCvg+x8K6f/Z+oeH69w+P3iqx8VfDnwfrlj/zEP8ATq+tvFXhWx8caHqHhXXP+QfqFeV33wB8K33hXT/Ct9qF9/Z+n/8AHjXp/Uw/1hwn+zHo/gf/AJEjw/8A9eNhXw98VND1zxV8ftQ0PQ/+QhqH/wAg179ffsy+B76++3X2oX3/ABMK9G/4VXof/Cxv+Fqf2hff2h/mxpYzB/XDzMHjMJhMX9awp4F8AddvvA/irUPg7rn/AD/fbq+xa8b8cfA/wr448Vf8JVfahfafqH/TjXuFenhD57NsZhMX/tR8P/ta/wDMn/8Ab/8A+2NfTXxG/wCSc+ML7/qCX9UfiN8K9D+Kn9n/ANuahe/8S/8A58a7jXNDsNc0PUNDvv8AmIWP2Gsz0cZjP9kw2FPgT4O/CvW/FWi6hrmh+ML3QP8ATvsX+hVd8K6HfeFP2mtP0PXNQ/4SDUP+f7/txr7F8D/DnQ/hzof9h6H9u/4/vt3+nVhf8Kr0P/hY3/C1P9O/tD/7g+w1w/Uz6LGcRf7XiT5JsbHxx/wuLxh/wrnUP7P1D/T/AP0uruf2c/sPirxVqHjjxVqH9oeMK+i9C+Feh+FfHGoeOLH7d/aHiD/2/qjY/B3wtofjj/hOND1C+0/UNQ/8AKWDwYYvN8JizwH4V31j/wANGeMP+oh9v/8AS6qNjfWN9+1t/oP+f9Br37xx8D/A/jjXP7cvvt2n6h/041e+HPwd8K/Dn+0L7Q/+QhqH/L9fU/qYf2vhP96PVqKKK+iPykKz777BY/6dfVoV8A/H74xWPiq+/wCEV8K6h/xT+n/8f3/T/Xm4vF/Uz6TKMo+t4v6qYnxi+MV943vv7D0P/kX/AP0vrwCiivzvGYw/qnB4T6n/ALLhTb13/kHaB/14n/0uvq5yuj13/kHaB/14n/0uvq5yvNO8/9HuK0KKK9ADze+rc8DaHoeua59h8Vah/Z+n0a5Y/wDL9XL1/XuU5t/a+EP4CzfKP7IxZ75/wuKx+3f2H/Z//FH/APHj9hryvxzoeh6Hrn2HwrqH9oafXL0V6OEwf1M83F5v9b/3ouWNekVyeh2P/L9fV1lfhXHGbfW8X9VP6q8O8o+qYT61igooor8mP2UKKKKACs+tCigDPoorlfHGuX3hXwr4g12x/wCYfY399QB+V/x/1u+vviN4g+3ah/aH2C++xV574IbXNQXxB4Wshe77+zJNnZdT9h9ayPG3iS91rWL7UXyXYj7Zd4PN7zk5+oxXR/B7XNc0TW/+JF4g/s/UNQr7bCnz5wHiPTtd8Kyf8I1r2nvp14hBa0uhyvp9KyfCv/H/AF9BftGjWD4nsR4u8Pf2B4g+xr9sK6gL+0vSSPmVTj7J/u5/LrXzfoutahp5xZ18/jf98PQPY/G1+1h4XFnedb/kfhXsf7NPxS1wfEfw/ofTTz/oX+hWOeDXh+sSeGrnRtO0eNjesOhBwRXof7Od/Y/8Li8H/bqk9A/XqiiigAooooAKKKKACiiigAooooPPCiiigAooooAp0VcooAp0VcooAp0UV4d8cPip/wAK50T7Dof/ACMGof8AHjXm/XD08HhPrn+y4U5T4/fFQ+FbH/hFfCuof8TDUP8Aj+/6cK+A6vX19fX199uvqo1+d4vGfWz+qcoyj6nhPqoUUUV5p9AaPiz/AJAGkf8AYNf/ANLTXlVeoaj/AMg2x+hrDoA//9L0iiirlegBTrPvtDsb6tyivTweMxeE/wB1PPxmU4TF/wC9HEf8Iof+gj/n8q27HQ7Gxrcor0cZxDm2M/5iT57B8JZThP8AmGCiiivmz7EKKKKAKdFXKKAKdFXKp0AFYPirQ/7c0PUND/6CFj9hreooA/C/xx4VvvCuuahod/8A8w++rzu9Bsm23lfvR4q8K6H440P+w/FWn/2hp9fK/ir9lf4PaHoeoeKtc1DW9Q0/T7H7dVfXAPyivr77bVCiivNA9VN9ZX1j/YZ0/wDs+vY/hz4XP/CxPB95n5RfWH/Lh9g/5fq8T0fOoWVho/Uf6d9jPuRXsHhaysrv4j+Ata0+y+wA63YA2QzixH2+vpAP2EorQorywM+tCiigArPrQooAz6K0KKAM+itCigDPorQooAz6K0Kz6ACiiigAooryz4qfEax+HPhX7d/yENQ1D/jxoKweD+t/7KUPip8VLH4c6H/0EPEGof8AHjY1+bOua5reua5qGua5qH9oahqFGua5rmt32oa5rmof2hqGoVTr89xeM+tn9U8O8O/2QZ9FaFFeafYmfRRRQAUUUUHnn//T9UooooAKK0KKAM+itCigDPorQor0AM+itCigDPorQooAz6KKKAKdFXKKAKdeO/G2+stE+D/i++vOv9iX9kMf9P8AXt1ed/EPwVovxC8MX3gvWDixviCDY9iKAP596K+s/jZ+zXqHwe0qw1uK9Gu6dIcfa1X7GPYAMT/jXy5Z2RY5PWvPA3ubXwv/ANvn8hXeeB/HupaHq/8AaVgP+Jjp5W8+2dz9iGRxTRJ4JbwV9k0fTr2z8Q2N6bz7af8AnwxgdPSvdfBHwj8Y/FrwxYatYeELMJd2v2Qau1/9iXcOMlTwT2ORXqYQrGYM/WOiiisyQooq5QBToq5RQBToq5RQBToq5RQBTooooAKKKKACs+tCigDB1zXLHwroeoa5ff8AIP0+vyh8ceKr7xx4q1DXL7/+Ar6M/ao8b/bdc0/wPY/8w/8A06+/6/6+S6/Ps3xZ/TXA2U/VMJ9aCiiivnD9WCiiigArPrQooAz6KKK9A8s//9T1Wx/48Kv1g6H/AMeOn1vUAFFFFABRRVygCnRRVygCnRVyigCnRVyigCnRRRQAUUV5T8VPipY/Dmx/6CGoah/x42Nelg8H9bA9WrBvr6xsbH7dff8AEv0/T6+SfCv7Teua5ffYdc0+x0//AKfv+XCu98aeGb/41eK7Dwuuv2P/AArLT7Gwvb06Jf8AOuHj/Qhz1+vT64I+kxnDuLwf+1Hz+DzfCYs+Rf2jfH3ij4teGRq2k6edP+G2nXxsbW6+6by/GQbw5H/Hof0+uQPiCv0t/ag1ddT0TUPA/ha02aD8P7Rb29GCflP2KxsrPI/u/bR+dfmEp+2/6COK83CHoE4N27brU/8AHlacn0Hf+dftB+zTaWtp8H9PsbVskYGc/YeL3/ThX40/bTo1p/oXUnrX7Efs7eNtc+Ip8QX+uZ+32P8AoV5ZHiwsBU/UwPpeiitCvNPQM+itCigDPorQooAz6K0KKAM+itCigDPorQrPoAKKKKACqP8A1/Verzj4xX1jofwr8QX1/wD8+P2H/wAD/wDQK889PB4P63i/qp+X3irXL7xV4q1DxVff8xC+rDoor8rP7s+plOirlFAynRVyigCnRVyigCnRRRQeef/V9G8K/wDID0//AK8a5f4weNr74d/DzX/G9lYfb9QsD1PQV1Oh/wDID0//AK8aoeOPCuh+OPCuoeFdc/5B+oUAfO/w8+Inxf1vwT4f+IutvYHTtQ1rT7LP2A/8eP237D9t/wCP0d+PTPfHNei/G34h+K/Bh09fCYsjwx/00Z+7fWNj/wC31UNF/Z28E+GdE0/RLPUb4nT9aGtf9v4GB+leieOPhzY+OP8Aj+1C+0//AEH7D/oP2H/2+/68aAPPPg98UfHfinWzovisWWL6y+2Wd9Zdj/oP/tjfWNeV658bvjB/buoWHgiwscafe39l/pv+gf8AHhffYf8Aj++3f9P1fRHgf4O6H4H1zUNcsdQvdQ1DUP8An+rmdc/Z18K65d6gjX17p/8AaH+nfYrL7Dkfb/sPH/Hj/wBONAGFrXxU8a6H8BL/AOIuo2Flp3i7Tz9hNkObD/j/APsHtXm/wr+KnxivviN4P8K+ONQsdQ0/xhY/bv8AyR+319NX3wr0PXPhzqHw51zUL7UNP1D/AJfv+X//AI/vt1ec/Dn9mXwP8OfFOn+KtD1C+1DUNP8A+f6gD3DXfFWh6H/aH27UP+QfY/br7/P/AG41y2ofFLwTp/8AZ/2/UP7O0/8A0/8A03/rwvvsP/pdXcX2h6He/wDH9p9lqFUf+EV0P/oH2X+f9OoA5Sx+KnhX+w/7c/07+z/+vC+q9rnjjQ7G++w/8xD7dYWP/gf9h/8Ak6t3/hFfCv2H7D/wj9j/AGf/ANeFJ/wivhX7dqF9/Z//ABMNQ/07/wBIf/kGgDcooryv4qfFSx+HOh/bv+YhqH/HjY16WDwf1sCj8YvjFofwr0P/AKCHiDUP+PGxr8r9cvtb+I2uf25rn/Ew/wCv6r2uX2ufEbXP7c1z/iYUX19Y2Nj/ANBDT9Q+3/8AHlf1/RGUcO4TB4T/AGo/PcZjA+3fYP8AQdD/AOQhp/8Ax/fbf+X+u4+FfxGHge++3WP/ACAP+vD/AE/7fXh99fX327/TtQ/4mGn/APL99vq9Y31j/wAf3/kj9vr6H64fN/Uz3n40+JbnwR8KZPhJpNje6gvisrrd7rF91fJ5A9OPsRz/AI18LWP/AE419dabJ4J1fRP+FeeJtRshoGDeWWt/6d/x/kYNePaL8OfE1943/wCFeJ9iF9ni7JzY4+uAP89K/LM4yj6ofZ4PGHF6zaajo9toPiC0Q2u7Js73PJNj3+ucV9sfAHxvolj4q8IWH/CP/wDFQahY/Yft1jf/APLh/wBP1jXyt8V7HSNA8VDwN4f1a91uw0Y7Cc/L9tPB+xgZOOnavu79nPwr/wAXG0/XP+gf4JsP/A+/r4s+jPvCiirlfFnoFOirlFAFOirlU6ACirlFAFOirlFAFOirlU6ACirlU6ACvD/j7/yR3xD/ANuH/pfXuFeN/H//AJI94g/7cP8A0uq8X/up9Nw7/wAjbDn5f0UUV+MH91BRRRQAVn1oUUAZ9FaFFAGfRRRXoHnn/9b0ax+3fYf+QfV77dff9A+tCrlAGL/p/wD0D6vfbb7/AKB9XPt1H26gCn9tvv8AoH037drf/QPrd+3j/Io+3j/IoAwvt2t/9A+l/wCJ5/0D63Pt4/yKPt4/yKAMP/ief9A+qP8AxO/+gfXVfbx/kUfbx/kUAcp9u1z/AKB9L/xO/wDoH11X28f5FUPt1egB498VPiNffDnwrqGuHT/+Jh/y41+bOueKviL4qvv+Eq8V6f8A8JB/z/X17/x4f9v32Gqn7UvxS1vUfjBf2Nif9B0E4Arw4/EO/vQCRjd/x+1+j5R/ZOEPBxn1s9Gvru+F8NFsrC9Gvk2AsbL7B/x//wBa5L7dfX39oa7Y/wDb7/oH/HhWJmx+w/Yv9B/s/wD5/f8ATqp/brK7FjeNptj/AKB/1/f6fX2WMzf62fN/UzZvv+33+z/+XL/QKPt1/wD9xD/l+rlv9B/6cv8AiYf+SFUK8364eh9TO6fxRfCybTw162nD/jxshf8A/Hh+deq6N4nbxrfadY699uHiGxvc/wBtfb//AAOr5j+3H0/4/wCvuP8AY/8AClh43bxBoWuEHT7+xv8A7dj/AI/687+2A+pnwtqN/JqOsXmr/wDP5eH9ST/Wv1Z/ZO/ty98E6j4msNC8xbz7AAe2NPsfsPFfnH8Y7DQtE+KHizSNAsjY2FhrN8tpZnOEstx2jP8AugV+xP7Mtj/Yfwr8P6H/ANOX/pfX56fRHqn/ABVX/QPFXvsPiv8AyP8A69dV9vH+RR9vH+RXm/XD0DlPsPin/pxql9h8V/8ATj+X/wBeu4+3j/Io+3j/ACKkDhvsPir/AJftPsaX7D4r/wCnH8v/AK9dx9vH+RVD7dQBh/YfFP8A040fYfFP/TjW59uo+3UAYf2HxT/040fYfFP/AE41ufbqv/bx/kUAcP8AYfFf/Tj+X/16PsPiv/px/L/69dx9vH+RVD7dVfXAOW+w+K/+nH8v/r0n9ieKv+nGuq+3UfbqkDlvsPiv/px/L/69ecfFTwP8RvHHgfUPCtj9h/4mFe4fbqPt1BWD/wBkPzZ/4ZJ+MP8A0ENE/wDJ/wD+Qav/APDHXxT/AOhg0T/yfr9F/t1H26vA/sjCH2v+t2bf9BJ+e/8Awx343/6GCx/z+NXP+GO/FX/L94wsf/ACvvz7dR9uo+p4QP8AW7Nv+gk+E/8Ahi3XP+hx/wDJD/7vpv8Awxbf/wDQ3/8Akh/93V9+/bx/kUtH1PCB/rdm3/QSfAP/AAxbf/8AQ3/+SH/3dR/wxbf/APQ3/wDkh/8Ad1ff1FH1PCB/rdm3/QSfAP8Awxbf/wDQ3/8Akh/93Uf8MW3/AP0N/wD5If8A3dX39RWbweDIfF2b/wDQSf/X8ysv2ktGvbW9uf8AhEfExsbKy+2i++xrgH7Eb3ls4HTqTjHPSvPf+G5Phd/z4a3+Vn/8m1+4f9h/25ffYb7/AIl9fMvxivr74O2P9uX2n32oeH/+f77f/wAeFeeel9TPgnwZ+1f4W+IF+NC8L6Dreo6i3OMWQ/neiu0Pxh1v7df2P/CAeKP7Q0//AJ8bD7f/AOkN9Xol9+1Rof8AxL/sPh/W9Q/tD/p/rh779sSx+3fYbHw/ff8Agf8A/cNa/wC1klG++MXjixvvsP8Awp/xt/4IK7jQ/FXxU8Vf8ePwv8U/9v32Gw/9Lr6uH/4a2/4nn2G+8P8A9n6hqH/L9/b/APy4Vhn9tK+/6F/+0K6wPZLwfG9rLFl8MdbUepv9C/pfUAfGGxs/tl98MNb+v2/Qv/k6vG779sTxVY332G+8H/8ApfW5/wANpa59u+w33h+x/tD/AK/61/2sD0i9vfjBZH/T/hjrY+t/oX/ydV3/AIvh/wBEv1v/AMD9C/8Ak6uVsf2tvHGuaHp+uaH8P7H/AI8ft3/H/fVyl9+2J45/4/v+EPsf7P8A+v8AqPrhX1M9w0Pwt8U9bvTZah4f/wCEf/6fr2/sf/k6u5/4U78R/wDpxr5k/wCGtviNff8AHj8P7H/yerE/4a28Vf8AQP0Sj65iw+pnkn7UX7CnxHsrXXPij4Zex1BFP229srTJvVB6nH68V+U9jX7Zf8NbeKvsP/Iv2OK/OD48eCf+J7/wm+i2A0/+0R9svbG06WGf5UYU808Krb+3X3277d/aH/Ew/wCf2uIs70qcHrW5X6Hg8YfPifbx/kV0X/CPeIF8K/8ACarp5Gg2F59jN5/0+43fy5rp/hT8LfFXxf8AFP8AYmhafeEn/nyGcfnXdfHvx/f6nN4d+FtnHY2vh3wjk2S2NmqnF6QzEsT/AKX7MRz09a8/GYw7/qZ8w1+sH7HPw6+KJ+Ft/wCKfDNloo0zX77k3t/9hP8AoHt9iva/J3/Qq/VDwP448cfDnwP4f8K+FdQ/5cbD/Qf+v/8A0/8A9vq+cxmMPTwp8QfGe6H/AAu3xCuvAZttYb7Z9j78/wCm7ffIxX6Xfs2aH8ZL7wa2iWun2q3nh+8WyF7qOoXti1/Y4H2IWJFjejGc4OOmOK/IzX/Fk/iHVdav9db7dfa1e/arq8ycnLFjgfU17L8H/wBpbxz8ONPHhfT9Q+w6cf0o+uEn7B/2J8f/APoH+F//AAf3/wD8g03+zvjf9rz/AGL4b3f9hq9x+f8AY1fLWh/G7xVrXhf7ZZ/EDGoaf/x5Xv8Ab/8AZ/8A6X1dvvjF8ftcsf8AkcNb/s/T/wDQft1cX+1nq/7IfVP9h/GLGof8S/wt/wCB99/8o6w/sPxj/wCX7T9E/wDA+/8A/lHXxZrnxU+P2t2P2H/hYGt/+B99XD2N98VL6x/07xBreof9v99UfXDI/Rn+w/ip/wBSt/4P7/8A+Qau/wBh/FT/AKgmof8Ab/f/APyDX50X1j8RrH/Qf+Egvv8An+/5f/sFJff8LGvv+Zgvv7Q/7f6kD9GLHwr8Rvt3+nfYf7P/AOf3/Tv/AJBruLH4c+Kr7/Tv7Q/8kK/L2+sfiLY/2fY32oX3/Ewr374AfB3xx4q1z/hKtc8Qa3p+n6fff8//ANg+31X1wD7E/wCFH/Eb7D/yMH/IQ/5fvsH/AN3VuWPwB8cf8S/7d4wsf/AD/wC7q9w8K/YdDsf9BruLG/rzPrhX1M+c/wDhmXxz/wAuPjCx/wDAD/7urlf+GZfjFY2P/I4WOof9wD/7ur7usb+r/wBvH+RR9cD6mfnPrnwd1w659hsPGFlp/wD1/f8A8dWAnwv8bWo3a38T/C4+osR/PXK/Qzxx4H8D/Eax+w+KtP8A7Qr8d/jF+yvrnwd1v7DoWn2OoeH/APlxvv8A5Oo+uB9TPfr7wr/Yd9/xPPiBon9n/wDTj9g/+Tqo58K2P+g658QLL+0P+X6vh+++HPiqxOoWNj/xMNP0+ix+Dv8AxPPsN99h/s//AJ/v82NeiSfd/wDwlXwP+3f8jh/5P2P/AMg1d+3fA/8A6KBY6f8A9v8AY1+bVj8Odc+3fb77T/7P/wC3+tv/AIQfXL6+0/8A4l//AJP2NB559+f8JV8Af+igf5/8AaLHxV8Ab6++w2PxA/6fv8/6DXwj/wAIPrn/AED/APp+rD/4QfxVY32n/wDEvvtQ/wCP+gD9JrG++B//AEUCx/z/ANuNbn/Fq7Gx+3X3jCx0/T/+v/7f/wCkNfmX/wAIrffbv+Qfff2hR/Yf+g/8g++r0vqYH6Tf258D76++w/8ACwLH/iYf5/58axP+FqfA+xvv+Rg/tD/wOr85v7D1z/l+8P33/gBW5Y6Hff8AHjY+H77T6PqYH6M/8LV+AH/Ll4wsf/J+j/hanwR/6HCx/wDJ+vzKvfCWual/xLf7Pvv9B4/48L/vVD/hWmuf9A++/wDAC/pPB6ieMP/Q/V/7eP8AIpPsNjfWP2G+/wCQfqFec2N9Y11djfV8+fSH5efH74A+Ffhzrn/Ej0//AIp/xBXh994U8K/8v2n1+vXxi8K/8Jx8OdQsT/yENP8A9Nsa/KH7Df8ArX0WFPPxZif2Hof/AED6S+0PQ77/AJh//IQ/5fq0KT7AP8mpPLE+w2P2H7D/AGfY1RvtD0O+/wCYfY1e/wBNq9fWP2GgA0O+/wCEV/5Af/Evqj9h0Oxvvt1jp9H/AC+1e+w3/rQByuua54q8K/8AID0+x/s/T/8ATf8Al+/9sbGvAf8AheHgf7d9u/s/RP7Q/wC37/5Br62/4RXXL7/jx0+r/wDwivir/oH31AHxhrPxe0WS12aF/wAIqG/2rG9vR+ZsQK8r8T/HvxV/wjA8JWY0T+z/APpysQv6mv0w/wCEI8c/9A++/wDBf/8AXqj/AMK68c/9C/e/+C+gD8P66LTtP1e/uzZ2dl9vYdsZz+Nftb/wrfxz/wBA++/z+NH/AAqrxx/0D76gD8wdF1j4+eFNC/sTQrLWrDT/AEGnn+orLX4Q/ELxhqn2u/zZ3d8efttjfqT+K2RH5V+r/wDwqv4jf9A+tD/hTvxH/wCgf/6QUAfl7bfsx/EO1uBc/aNOXHQhpDj8DaEfpX2PqeufGq/ax+1ajZfb/wDjyF7fX1hf/wDHh/3BD/M17z/wp34i/wDQPq9/wo/xx6UAfAGr/s4eIvGV5/a/inUrPT7snJSxsbHax9xZfYhn8KsWf7Nei2Nsba6NnfHOQfsF9kfiL0V+g3/CgfFP/TjV3/hnLxV/0ELGgD4g8L/BHRPC1/uP2H8Ptw/9vq99/wCXH7DY/wDIPr3H/hnLxV/0ELGrv/DOWuf8v2oWNAHgX26+vqWvor/hnO+/5fvEH/khR/wzn/1MH/khVfXCvqZ86WN9Sfbr6voz/hnP/qYP/JCr3/DOf/UwUfXA+pnznY/6dffYb6vqjQ/FVjY2NeA/Eb4c2Pge+0+xsdQ/tCuIsb6+sb6pO4+7bHxVXcWOuV+c99441yx4ruND+Kl9XnnqH6FWOu31dVY65/y4mvknQ/FVejWPin/TvsNeeB9GWOuf8/1UfFWh2PjjQ9Q0PXP+QfqFedfbrD0rt7HXKAPyv8caHrnhXxVqGh33/MPrif8AT/8AoIV+mXxU+HPgfxVrn9ua5p//ABMNQryv/hR/w5vv+YfX0X1w836mfEHH/H9Sfbq+0v8AhR/w6/6B/wDn8qP+FO/Dn/jx/s+j64H1M+H777DV6vtL/hR/w6/6B/8An8qP+FO/Dr/oH0fXA+pnw/8AYbGj/Qq+4P8AhTvw3/6B/wD6X0f8Ke+HP/H9/Z//AJP0fXA+pnw/fWNjfUfYbGxr7g/4VX8Of+gf/wCT9Xv+FV/Dn/oH0fXA+pnwjY1pV9uf8K5+HNlx/Z9H/CEfDn/oH1Dxgng9T//R+07G+ruPt4/yK8AsbHxV9h/5B9dxY/8ACVWN/wD8g+x/8D6+fPpD3+xvq+Vr7Q/Cv277D/wj9j/4AV7F9u1z7D/oNbljfWNjY/6d/wAhCgDwH/hFfCt9/wAy/Y/+AFXv7D0T/oAWNew32uH/AJcfsNO+36H/ANONAHlX2Gx/5cdPo+3fYa9U+3aHff8AH9/xL6o/27Y/9ONAHD/btc/5cdPvtQosdd1y+/0Gurvv7Dq99usPSgDlPt19/wAv1F9f31dxfX1jVL+3NDvv9OoA5Sx+3f8AL9R/p3/LjW5fX1j/AMuNF9rv/PhQByv26+/6B9L/AKd9urc+3WHpSf23Y+v+fyoAo/6bVH/ief8AL9qFj/4AVuf27Y/8eNUf+ErsaAD/AE6y/wCP+j/Tr++o/tz/AE77dR/wldAF77Df+tFjY31Uf+Eq/wBOo/t2xoAvf2Jfen+fzo/sPXP+XHUL6qP9uUf259u/5h9AF7+w77/l+1C+q9/Yd9fWP/L9VH/hKr6xo/4Sv/nxoAvf8Irff9BCj/hFfsNj9uvtQ/5B9H9u31Uft1/6UAfnP8VPjh8OfFXjj/QNQ/5B/wDoP+nf6BRY32h33/HjqFfoVfX19fWP2G+/5B9cPffDn4c3199uvvB+iah/24WNegB8W31jY31jXD/6BfX326x/5h9ffn/Cq/hzj7D/AMIfY1yt78AfhXff8w++0/8A7f76vPPQPnPQ9cvq9i8K+OK6qx+APw5sf+f7/wAD63f+FO+B/wDoH33/AIH0AXbHxVXqmh659u/4/q4ix+HPhXQ777dY6f8A+B3+n1t2Oh2NjffbrHT6APVL77D4q/s+x/tD/iYViX3hWxrlP9B0O++3WOn2P9oVe/4SvXPT/P5UHnm59h+w/wDMPqj9h/6h9Fjrt9S/bx/kUAUvsP8Ay/1csbDP+nVR+3Ufbr/0oAvfYf8ATqp/6f8A9A+k/twVR+3j/IoA3PsA/wAmk+w2NUf7bvvX/P5Ufbr7/oH0ALfX1jZHFZ/9vWFP1tjrRB1qw+3EVzv9haB/0L1AH//S9+/4aL+B/wD0OFjVH/hpr4Af9DhX4ZfYtDpP+JFXnfUz0vrh+53/AA018D/+hwpf+GjPgf8A9B+vwx+xaHV3/iR0fUw+uH7gf8L++B//AEH6o337RnwBsf8AmcK/D/8A4kVH/Eio+ph9cP3Asf2mvgf/ANDBWL/w1t8Af+hg/wDJCvxa+26HSf8AEio+ph9cP2J/4bS+AP8A0EL7/wAAKo/8NwfA7/p+r8krH/hFbGj/AIkdH1MPrh+tn/DcHwPvr77D/p1Yn/DaXw5sb7ULC+0//kH3tflBfX2h2NjXEWP+nf6dR9TD64fsP/w3d8K/sP8AyD6P+G4Phz9h/wCQfX5DfYbD1pP9Ao+ph9cP1f8A+G7/AIc/9C/fVR/4bv8ACv8A0J//AJP1+V1H26j6mH1w/VH/AIbf0P8A6F//AMqH/wBaqP8Aw2/of/Qv1+Xn26j/AECvRJP0m/4bu/58fB9Ub79u6+/6F+yr85/9Aq9ffYaAPu7/AIb81z7D/wAifY/2hVL/AIb88c/9CfY18IVfsb6g88+4f+G+/iN/0J+iVQ/4bu+OH/Ljp+iaf/24V8dfbqPt1AH1T/w3b8ff+gfY/wDgvpLH9uD9oz7d/p32H+z/APrwr5X+3Ve/tygD641r9t/4pWOuH/hFdPsv+Jh/x+Vhf8N3/tGf9QT/AMAK+OrG++3a5qFbn+gUHoH0YP27v2mr7/mIWP8A4AVS/wCG3/2mv+ghY/8AgBXgFU6Dzz6L/wCG3/2mv+ghY/8AgBVL/ht/9pn/AKCH/khXgNN+w2NAHv3/AA2l+01/0H//ACQsav8A/Db/AO01/wBBCx/8AK+cv9Cq9/oFAHuF9+2j+01/0MH9n0v/AA2J+0xfXn/I4c/9eFeHf6DY0UAe/f8ADb/7TX/QwWX/AIAVRvv20f2mv+hg/wDJCvD6Pt1AHuNj+2J+01/0MH/khXU337Yvx+sf7PvrHxB/Z/8AaFjXzL9u/wCofR9uoA9+/wCGxP2jL7/mcKL79rb9ozp/wmF9XiFjffYaofbqAPf/APhrb9pr/ooF7XKX37Rv7TX/AEUC+rzn+3b6xo/t2+oA9i/4ab/aY/sX/koF99up3/DTX7Rf/RQL6vDft1/6Uf6fQB7h/wANM/tF2fH/AAmF7R/w1T+0Z/0OF7Xh/wBuv/Sj7df+lAH/0/K/+Hev/VQP/JD/AO7qP+Hev/VQP/JD/wC7q/Siiv4U/wCIicQf9BIH5r/8O9f+qgf+SH/3dR/w71/6qB/5If8A3dX6UUUf8RE4g/6CQPzX/wCHev8A1UD/AMkP/u6r/wDw70H/AEUD/wAkP/u6v0Zoo/4iJxB/0Egfmv8A8O9f+qgf+SH/AN3Uf8O9f+qgf+SH/wB3V+lFFH/EROIP+gkD81/+Hev/AFUD/wAkP/u6j/h3r/1UD/yQ/wDu6v0ooo/4iJxB/wBBIH5r/wDDvX/qoH/kh/8Ad1UbH/gnN9h/5qB/5If/AHdX6bUUf8RE4g/6CQPzX/4d6/8AVQP/ACQ/+7qP+Hev/VQP/JD/AO7q/Siij/iInEH/AEEgfmv/AMO9f+qgf+SH/wB3Uf8ADvX/AKqB/wCSH/3dX6UUUf8AEROIP+gkD81/+Hev/VQP/JD/AO7qP+Hev/VQP/JD/wC7q/Siij/iInEH/QSB+a//AA71/wCqgf8Akh/93Uf8O9f+qgf+SH/3dX6UUUf8RE4g/wCgkD81/wDh3r/1UD/yQ/8Au6j/AId6/wDVQP8AyQ/+7q/Siij/AIiJxB/0Egfmv/w71/6qB/5If/d1H/DvX/qoH/kh/wDd1fpRRR/xETiD/oJA/Nf/AId6/wDVQP8AyQ/+7qP+Hev/AFUD/wAkP/u6v0ooo/4iJxB/0EgfmVY/8E5/sV99u/4WB/5If/d1bn/DvQf9FA/8kP8A7ur9GaKP+IicQf8AQSB+c3/DAdj/ANFA/wDJD/7uo/4YDsf+igf+SH/3dX6M0Uf8RE4g/wCgkD89P+GA7D/ocP8AyQ/+7qof8MB/9VA/8kP/ALur9GqKP+IicQf9BIH5zf8ADvQf9FA/8kP/ALupP+GA/wDqoH/kh/8Ad1fo1RR/xETiD/oJA/PP/hgOx+w/8jhff+AFUv8Ah3rY/wDRQP8AyQ/+7q/Rmij/AIiJxB/0Egfnp/wwHYf9Dj/5T/8A69Xv+GA/Cv8A0OF9/wCAFfftFH/EROIP+gkD88779gPwr9g/0Hxhff2h/wBeFUbH/gnrY2P/ADUC+/8AACv0aoo/4iJxB/0EgfAN9+wJ4V/5cfGF9p9UbH9gPQ/+X/xhff8AgBX6GUUf8RE4g/6CQPgGx/YD8K/8v3jC+rq9c/Yf+HN9Y6f9h1C90/8A68a+06K83/iIfEX/AEEgfB//AAwH4G/6GC+rqtc/Yt+HOuWP+g/8U/8A9eNfY1Fel/xETiD/AKCQPh7/AIYQ+HP/AEMF9R/wwh8Of+hgvq+4aKh+InEP/QSB/9T7Uooor/LsAq5Y2N9fX32GxqnX0J4LFh8P/BJ8ZX+De6iMWoPoe1fS8O5T9bxYGjaeCfh54VsLCx8Z4/tDUOmfWvLPiJ4KvPBd2HQ5049DWLrninXNavftl5qHAr174eeOB4oB8F+Kv9PN8Dz7V+ifXMpzf/hLwoHzzRW1rmh/2JrmoaKv/MPrFr8YxeD+qAFFFFSAV2fgzwx/wmertpH282O0E4HXj0rjK9f+D4vbTWtQvLPkfYv5V9Lw9g8JjMXhsLigO/vfgXp32CztLS+KXsf8R6HHXFVf+FDj/oON+VaP/Cw/in/0J5/M0f8ACw/in/0J5/M1/RX1PhP/AKBgMzUPgTHd6h9qsdR+w2WM7R1qaw+CFjZDN9f/AG+rv/Cw/in/ANCefzNH/Cw/in/0J5/M0fU+E/8AoGA8c8bfDz/hCfsH+nm/+3nHNee17r8Xby+vdI8LahfWf2K/Y33y/wB04H8+teFV+DcXYPCYPN/quFAKKKK+JAK2dE0W81m9Nnop+3346msavsv4X+FLPwvoovMf6bqHJ/oK/RuEuHf7Xxf1UDl9F+CNmBu8UX39omu2/wCFPeAP+gaPzr0uiv7NwfCWU4T/AJhgPmzxL8FWY/a/DF72z9jvOVP4189X1jfWN99hvq/RivC/jd4W+3aIfE1iMX+nDI+lfjPHPh3hPqn1rKwPk+iiiv5SAKKKKACiiu08L+CrvxRZa9e2RwbE4HucZ/pXq4PB4vF/7LhQOLor0Nvh0Lyw082eoYv7/wD5cq5a+0Ox+w6hfWOof2h/Z999ioxeUYvCAYtFd83g6HTdG/tiSS8vmOOLKxAPNj9tH68fWqPiHw4nh64S3ja7dXGQbqx+xKfoe9ehi8oxeEA4+iiivmgCiiigAr6d8GfBe0W1W58TITu/5dP4R9TXhXgj/kePD/23r9tr78r+i/Dvh7CYv/asUB5JrXwg8G3tpstY/sA9V6frXy54p0W98L62NFvDkHkGvv6vm348/Zf+JFeP2c4+lfZ+InCOE+qfWsKB820UUV/IIBRRRQB//9X7Uooor/LsAr6B+J6Y+H/hW0/vEfooryTwzo6+JdZsdHtThb0Ek+gHWvVfjFfWP/Ev8K2P/MPr9Hyj/kU4nFAeCV2/gj/keNP/AOv6uUrc0O+/sPXNPvv+gfXx+U/72B0/xe/5HS++grzCvePi9otlfmw8aWV//oV91/8ArV4PX0HFuD/4VsQAUUUV8QAV6t8KLpLXV9evLTpp+kXZH1VwR/KvKa9W+FNylvq+vXlp0GkXbD6q4I/lX2/CP/I2wwHY6F8U/FN7Y69e3v2If2dY/bRTLH4n+Jr3wxr2vj7FnTfsOOTj5jk1J4W+IXibUbHXmvxn+zrLI+vrSWHxC8T33hbX7/A/tDTvsP68n86/ZcJm/wD1EgP/AOFp+Kf+EV/t3/Qf7Q+3fYqjv/id4nsvCun66RZf8TD7d3P8JyKpf8LD8a/8IR/aG0f2h9tx+HpRffEHxnZeFvD9+VB1DUft3b06flXn/wBr/wDUSBn/ABQ1G513wz4S1e64a9+3ZHpkcV4tXtfxSu73WfC/hK/vf+P9zfn8cY/kBXilflPF3/I2AKKKK+JA2vCtj9u1zT7G+/5iF9X2b8QdR1rRtEa80T768GviSxv/ALDffbrH/mH19xyajq+uaNY6v4XFoPtgDf6WG6H02/TpX9FeHX+6YnCgcXZ+JI9F8KXutWOv/wBvBOn2zjHtxVC+tfHGj+HG8QvrbG+C7vshA2H269fwrQj+H13qEevNrX2MX2oj/lzBB/Hdz+dLf+E/GWsaMfDl9fWX2EjGQCTgdq/R/qebAUdc8TXD3+nm+vrvQbG9s89Bw3r9a7K9OfAGof8AEw+3f6De/wCmevB/z+FO1rSfE/lDS9EFkdPI5+1gt+grB1e3g8I/C/ULS4Odtm6n63ZKkfma9D/a8J9Z+tAfHVFFFfw8AUUUUAYV9fX3277DY1698PdYu5F1HT9GFiQRYXn4G+/0GvEv7D+w32oa5/1/1s/Dy7vPDGt6heuAf7QshZf6F/oHI6V+9fU8p/3rC4g/PsHjMX9b/wBqPcRd+KNCu/7ZvvsVhffbb+9+xd6wLOyOipr+iXJs20+wvhzefbf+P/8A7cqra54qsdcsf9O0/wD4mH+n/wDk/V288U6JeC/X+z73/T737bxf18b9bwn/AEEH6CXPFFprP9kNHrn2LOnXgsz+NjZf4Vg+MN/9rJ5n2T+0vtv+n/ZPtu7Pv9s4z9OKvp40CjXEvNPzf64PsIzk2Pp/x5nmsLxJqyeJLpblVvFVRgC7vvtyj6DtSzfFYT/mGA5yiiivzgAooooAuf8AHj/p1fXvhj4paTrdqLXWW/s++6FT/MV81fDzRf8AhJ/E9jaXwzp4BOK+ytb8K+HdcH/E4slk9z/9av6L8O8Hm3+9YUCvrPjfw1oVmb2/vlCdsda+PvG3ii98T6yLtBgDgV9Z2Hw88F2J+12enqDXlPxs8NWRtLLxLafeXFn+Bzj+VfZcc4PNsXlP+1AfNtFFFfyEAUUUUAf/1vtSiiiv8uwNnRdZvdG1qw1q0XIseCK988LfGD+2tY0/T9asLOw+3++T+tfNVFfbZRxDi8o/3UD7N8TeIPGuk6wLTTdBGo6cehFReKPGv/CLaFZXN9ZWo1C+/wCXTPJz6V88WfxQ8Z2dkLOzvgSOhIrmNb1u91m9W91u/wDt4FfqmL8RP+gUDqvG/wARr7xvp/2D+z/7P0+vO6KK/CsXi8Xi/wDasUAUUUV5QBXq/wAKLhILrXryz/h0i7YfVXBH8q8orY0XWdZ8M3Zu9HvhYqeoIyDX0uU4z6ni/rQHsfhb4ieKdQsdfa/XP9nWWRSaf8Q/E974W8QX4GNQ0/7B+vJrkv8Ahbnj7/n8X8hR/wALc8ff8/i/kK/RP9bcJ/0E1gOs/wCFh+Nf+EI/tDaP7Q+24/D0ovfiB4zHhfw/fqoGoaj9u7enT8q5P/hbnj7/AJ/F/IUf8Lc8ff8AP4v5Cn/rFhP+gisBvfFK8vrzwv4Sv73/AJCDfbz+OMf4V4pXTaz4n1jxMNus3wvhp/pxXM1+dcRYv65i/rQBRRRXzQBXtfwv+IX/AAjA/sPWuLIdD6GvFKK9TKc2xeUYv61hQP0as7u1vk+02x3A8Zq1X56aH4p1rRAV0S/+wCu0/wCFuePv+fxfyFf1Vg/FvCf8xWGA+wbu/sNHsjeXpFonevkD4h/ERfGt8bHTxjT7A5P1rir7XNc1w/8AE81D7fWLX5Vxbxzi83/2XDAFFFFfiwBRRRQAUUUUAFFFFABRRRQAUUUUAFFFFAH0T8BLEfbdRvvWvpuvgHRvE+seGRt0a+FiNQ9ea6f/AIW54+/5/F/IV/TfCXHOEyjKfquKA+164D4oWn27wVqEXooNfM//AAtzx9/z+L+Qqne/FDxreWIsby+A+38DA6Cvo828T8pxeE+qgefUUUV/IIBRRRQB/9f7Uooor/LsAor0Ky+IXjTRLP7HZXwNjp4xnHOPSrf/AAtzx9/z+L+Qr6b6plX/AEEgeZUV6b/wtzx9/wA/i/kKP+FuePv+fxfyFH1TKv8AoJA8yor03/hbnj7/AJ/F/IV59fX19rl99uvv+QhqFebi/qn/ADCgU6KKK8sAooooAKKKKACiiigAooooAKKKKACiiigAooooAKKKKACiiigAooooAKKKKACiiigAooooAKKKKACiiigAooooAKKKKACiiigAooooA//Q+1KKKK/y7AKKKKACiiigAooooAKKKKACiiigAooooAKKKKACiiigAooooAKKKKACiiigAooooAKKKKACiiigAooooAKKKKACiiigAooooAKKKKACiiigAooooAKKKKACiiigD//R+1KKKK/y7AKKKKACiiigAooooAKKKKACiiigAooooAKKKKACiiigAooooAKKKKACiiigAooooAKKKKACiiigAooooAKKKKACiiigAooooAKKKKACiiigAooooAKKKKACiiigD//Z','','12345','casa','','','125444',1,1632420570388,1633003436710,'WEB'),(24,212,'alberto','/9j/4AAQSkZJRgABAQAASABIAAD/4QC8RXhpZgAATU0AKgAAAAgABQESAAMAAAABAAEAAAEaAAUAAAABAAAASgEbAAUAAAABAAAAUgEoAAMAAAABAAIAAIdpAAQAAAABAAAAWgAAAAAAAABIAAAAAQAAAEgAAAABAAeQAAAHAAAABDAyMjGRAQAHAAAABAECAwCgAAAHAAAABDAxMDCgAQADAAAAAQABAACgAgAEAAAAAQAAAXegAwAEAAAAAQAAAyykBgADAAAAAQAAAAAAAAAA/8AAEQgDLAF3AwEiAAIRAQMRAf/EAB8AAAEFAQEBAQEBAAAAAAAAAAABAgMEBQYHCAkKC//EALUQAAIBAwMCBAMFBQQEAAABfQECAwAEEQUSITFBBhNRYQcicRQygZGhCCNCscEVUtHwJDNicoIJChYXGBkaJSYnKCkqNDU2Nzg5OkNERUZHSElKU1RVVldYWVpjZGVmZ2hpanN0dXZ3eHl6g4SFhoeIiYqSk5SVlpeYmZqio6Slpqeoqaqys7S1tre4ubrCw8TFxsfIycrS09TV1tfY2drh4uPk5ebn6Onq8fLz9PX29/j5+v/EAB8BAAMBAQEBAQEBAQEAAAAAAAABAgMEBQYHCAkKC//EALURAAIBAgQEAwQHBQQEAAECdwABAgMRBAUhMQYSQVEHYXETIjKBCBRCkaGxwQkjM1LwFWJy0QoWJDThJfEXGBkaJicoKSo1Njc4OTpDREVGR0hJSlNUVVZXWFlaY2RlZmdoaWpzdHV2d3h5eoKDhIWGh4iJipKTlJWWl5iZmqKjpKWmp6ipqrKztLW2t7i5usLDxMXGx8jJytLT1NXW19jZ2uLj5OXm5+jp6vLz9PX29/j5+v/bAEMAAgICAgICAwICAwUDAwMFBgUFBQUGCAYGBgYGCAoICAgICAgKCgoKCgoKCgwMDAwMDA4ODg4ODw8PDw8PDw8PD//bAEMBAgMDBAQEBwQEBxALCQsQEBAQEBAQEBAQEBAQEBAQEBAQEBAQEBAQEBAQEBAQEBAQEBAQEBAQEBAQEBAQEBAQEP/dAAQAGP/aAAwDAQACEQMRAD8A/WyiiivwcAooooAKKKKACiiigAooooAKKKKACiiigAooooAKKKKACiiigAooooAKKKKACiiigAooooAKKKKACiiigAooooAKKKKACiiigAooooAKKKKACiiigAooooAKKKKAP//Q/WyiiivwcAooooAKKKKACiiigAooooAKKKKACiiigAooooAKKKKACiiigAooooAKKKKACiiigAooooAKKKKACiiigAooooAKKKKACiiigAooooAKKKKACiiigAooooAKKKKAP//R/WyiiivwcAooooAKKKKACiiigAooooAKKKKACiiigAooooAKKKKACiiigAooooAKKKKACiiigAooooAKKKKACiiigAooooAKKKKACiiigAooooAKKKKACiiigAooooAKKKKAP//S/WyiiivwcAooooAKKKKACiiigAooooAKKKKACiiigAooooAKKKpfbx/kUAXaKp0V6X1MC5RVOk+3j/Io+pgXaKKK80AooooAKKKKACiiigAooooAKKKKACiiigAoqjfX1jY1R/t3/qH16uDwmLA3KKw/7cvv+gfR/blj/wBg+j+ycWBuUUUV5QBRRRQAUUUUAFFFFAH/0/1sooor8HAK7TRvBl1dEXuotgntWNYmx0PRNQ8U33/MPqG10f4g+MANYvL46AccKoycV61v+oYD1Wz8L6HZjEdkoP51d/sTSf8AnzX8q8G1vQr7QR/xPPH98PajRLC91s/ZLHx9ekj86n/WH/mF+rAep33gxCP9COPrXnn/AB4/8f1Wrvwx8RdHH26z143/ALEVuWN+PGnhhdYxi/ss9PWl/vf+y/Vvq4HF0UVt6Jog1m9LHgCvMAuaN4autYGXIGnnp716JZ+GNIsfuJn6muhor9YweUYTCAZX9iaT/wA+a/lWJqHg2wu1Bsv9CP8Asiuwor0fqeEA8AvbS90a9FpdnIPSqVe8X+n2ms2hs7wZBrwe+/0G++w1+d4zKPqgFOiiivOAKK9D0PwQP+P3XOvpXUf8IP4X/wCfAV9J/ZOLA8Uor0PXPBA/4/dD6+leeV5mMwf1MAq5VOm2NecBeooorywCiiigAooooAKKKKACiiigArDvr7/lxsava5ffYbGuVr7bKcJ/zFAFFFFfoQBRRRQAWN99h/7B9dxXD1e0K+/5cK+OzfB/8xQHVUUUV+cAFFFFABRRRQB//9T9bKKKK/BwOi+KFmLPwhZWQ5/0tf5mvRr67Gh+GGvj/wAuVpn8lH+FcN8XmH/CO2VyP4LtP1zXdXlpa65orWDdL60x+BAx/OvpcJ/yNsT9VA88+Hvhe0vrH/hKtaxf31/ySateN/B1j/ZF5rGh/wCg39opIYdOKx/BPioeGIz4Y8S4sTYjg9iKs+M/H9jrFqfDPhbF/f342gDoBXxf1zKf7J+qgd34I1dtb8L2Wo3PDMP5dK474V9PEH/X9XkUH7Qvw4+H9iPC+LvUJNM/4+2tF3bT69Qf1Fd58BfFGh+LbHX9Y0QZVr0g1+r4vKM2wn9n4rFYY+fwfEWExeL+q4XEmhrFoLTWb60XowBH416F4Lt1TR0ue75/SvPvFH/Ibv69H8K/8gOvPyn/AHs+gOqrybx14p1iO+sfDfhkgX98CcnsK9Zrm/8AhFtO/tz/AISLb/puMZ7fSvoM2wmLxeE+q4UDy2/8FeMtGsjqtl4gvdR1DHQ46fSvRvBPiZfFOjDUQOelYfjXxR/Ytkuj2Y+26hfZAFX/AAP4XPhjRFs7ohrw5yev0xXxuT4T6nm31XCgd7XjfxEscXgvPavZK8r+Iv8AzD6+zzf/AHMDzuu08EWa3199tJ/48OK4uvRPh1/zEK+ewn+9gelXl7a2ahrptoNecax4mv8AXLK70rwaPtcgXH2oHKgn8Ovap/HHgceMxYkXxsfsJzxUFn4ofw0Y9K8T6eNPXGftdopFjz7nBH5VOb4zF/W/quK/2fDAdB4ItfEtpoSweJ3DXo7g5FcX40sRYayLsH/j+4/KvTdG1qw1uy+26UwZD68c1wfxF/5h9ej9Uwn9k/7KB53RRRXxgFyiiivLAKKKKACiiigAooooAKKKKAOV13/j+qjV7Xf+P6qNftWT/wC6AFFcrfaHff8ALjR9hv8A7BqH2H/iX13AdVVOsG+sb69+wf8AUP8A/kGqP2L/AKh3+fzoA7inf8v+n02j/l/q8YB3FeBfDv8A4aK/4XD4/wD+FifYv+EA/wCYL9i/4/699r47+D3hX4c2P7RnxP1zQ/ihe+IPEGof8f2if8+FfjAH2JRRRXlgFFFFAH//1f1sooor8HA9QsUsfFPhv+yLzuMEfSuFtNH+JfhUix0llv7EdMkZH0p+jXV3pF2bq1XcrDBBr1/TtasdWUm0bdX0v1TCYwDyDULX4g6sM6loVhej/aOP51xHjm1+KFh4J15NF0Kx05msjgWR5OOuK+qqK9HB8O/U8X9a+snBjMH9cwf1U/L34H2Xwr/4Qfxh/bn27+0PsX+nf/cNegfsn3Nja614vvdCN6PCIOVN92Nev+Lf2XPhhr17/bkoutEcdRZvt/kGrXsdD0Pwrof/AAivhbT/AOz9Pr+iOIuLcJ9UxP1U/COHeBsXhMXhvrX/ADDl6+/06++3V3Hgi/wPsNec1e/48q/lbCYv6piz+hj36iuR0LxPYazhVwLwDGK66v2TB4wDybw3oepDxvrut6uoILAWeey969Zrm9G8MWGi3t9fWfBviCR6V0lfPZRg/qmEAK8B8U3327W8V2vijxRt/wBBsep6155Xzub5t/zCgU6uaJfDRL77dVOivNA+h7G+tL60+22fKmodYsbHV7A6dd/cuxj+tfPljfX1j/x41sf8Jl4k/wCf0flX0f8Aa/8A0FAep2Njo/grRxZA4QfrXkWt3w1u++3VRvr6+vv+P6nV87i8Z/zC4UAptjTquV5wBRRRXlgFFFFABRRRQAUUUUAFFFFAGHrn/P8AVh13F9Y/bv8AQa4f/jx/0G+r9I4dxn/MKAUUUV9gAUUUUAFXrH/Tr6qNdVY2P2GvAzbGfVMIBeriND+Fnw58K+KvEHxF0Pw/Zaf4g1//AI/b3/n/AK7eivyYAooooAKKKKAP/9b9bKKKK/BwCr3/AB5VRooA6qx8U62RirX/AAmmsf3B+VcXRXq/XMYBevr6+vv+P6qNFFeUAUUUUAFdTZ+KNasxhwCPeuWoqvrgHaf8JprH9wflWPfa5fX3F7WHRXp/XMYAUUUV5QBVOrlFeoBTopPsA/yaPsA/yaAFopPsA/yau0AFFFFeWAUUUUAFFFFABRRRQAUUUUAFFFFABRfWP26iigDlb6xvrGsWvRKK+2wfEQHnP26xq99hvr6u4op/6xgUbGx+w1eoor4r64AUUUVIBRRRQAUUUUAf/9f9sv7CsaP7Csa3qK4PqeEAwf7CsaP7Csa3qKPqeEAwf7CsaP7Csa3qKPqeEAwf7CsaP7Csa3qKPqeEAwf7CsaP7Csa3qKPqeEAwf7CsaP7Csa3qKPqeEAwf7CsaP7Csa3qKPqeEAwf7CsaP7Csa3qKPqeEAwf7CsaP7Csa3qKPqeEAwf7CsaP7Csa3qKPqeEAwf7CsaP7Csa3qKPqeEAwf7CsaP7Csa3qKPqeEAwf7CsaP7Csa3qKPqeEAwf7CsaP7Csa3qKPqeEAwf7CsaP7Csa3qKPqeEAwf7CsaP7Csa3qKPqeEAwf7CsaP7Csa3qKPqeEAwf7CsaP7Csa3qKPqeEAwf7CsaP7Csa3qKPqeEAwf7CsaP7Csa3qKPqeEAwf7CsaP7Csa3qKPqeEAwf7CsaP7Csa3qKPqeEAwf7CsaP7Csa3qKPqeEAwf7CsaP7Csa3qKzeDwYH//0P3QooooAKK5Cw8VaDqXim+8M2GoA3+n83ll9af4q8VaH4H0P+3PFWof2fp9el9TOD65hDrKK5PxV4q0PwPY/wBueKtQ/s/T65Hwn8U/A/ia9Og2GdPvh/y5X1ibE/rT+p4v/eifreE/3U9aory/xP8AFHwT4V1gaBrV+Y78L9rCfYL2+wBxkbc4/Ctbwr448K+OLH7d4V1D+0P7Po+p4v8A3oPreE/3U7qivM/EvxI8KeGLtdG1rUD/AGhqI/48rMG+P5ECtLwr448K+OLH7d4V1D+0KPqeL/3oPreE/wB1O6orPryf/hdvw6/tPf8A2h/xLsf8f32I/wBn/wDgb0oweDxeL/3UrGYzCYP/AHo9oorkr7xToVh/Z/2zUP8AkYP9Csqv65rmieFdE1DXNc/4l+n6fXnfUyfrhvUVzsevaLZ65YeFiMX9/Zm9H4V51e/HD4eWN5f2OoX97nT+v+gX9ej9VxZWMxmEwZ7PRWBoetWGuWP9u6Hf/wBoaff1S/4SrRf+Eq/4Qb+0P+Kg+xfbvsVed9TJ+uHWUVwfinxx4W8D/YP7dv8AH9oVn+GPin4H8UXZ0XQtQ/4mCj/jywbE/wCNej9Txf8AvQfW8J/up6ZRXJ+KvHHhXwPYfbvFWof2fXP+G/iR4V8T3DaLZEjUAP8AjyvB9hP4DBz+VH1PF/70H1vCf7qemUV5hrnxT8E+EtWXQtTvLwah2Bsb+9H6A10fhXxx4V8cWH27wrqH9oUfVcWH1vCf7qdZRRXIeF/HHhbxV/aP9hX41A6fe/Yr3615h6J19FeH/wDC/fhx/wBBC+/8AL+uksviP4WvrCx1pNQzYX979hANif8Aj/8AevW/sjFnD/a+E/6CD0yiufsNc0S/1zUNEsTm/sP+P2kvNc0Oy16w8Lf8v+of6bXl/UyPrh0NFeQ6/wDFTwT4b1YaJeXxvtRbBxZ2RvSPxXNdl4V8U6H4q0P+3ND1D+0NPr0fquLD63hP91OsooorzD0QooooAKKKKACiiigAooooAKKKKACiiigAooooA//R/dCiiigD4314ponxj8X/ABCfBOgXthZ3oP8Az4X1iOfwOKX4+qPFR8QWeALHwhY/bc/9P9/0r3uT4cWL3njC+u5Ptth4uIJssZ4FiLIj8RxXMWPweNj8K9Q+HX/CQf8AEw1D/j9va/RsHm+E/wBmxR+WYvKMX9UxOFItdRb34+6FY3QzYWei399Z/wDYQ+3AfyqT4+hV8Etrqj/iYWN9YGz+v24D+VdT478DjxYljeWl/wD2Fr1h/wAeV7XIWfw48V6zrNhqPxD18a9Yabi9s7O0sPsH+mjvnv8Aia87B4vCf7Nij0MXg8X/ALThSzYf8l+1H/sCWH/pdUXi2xNl8YPAN9YqGv7/AO32V4D/AM+I5H61e8QfDrxRe+N/+E38LeIP7BP2H7Fj7B9vNaHhL4cjRNYTxZ4pv/7e1/AsvtvTH4VP1vCf70P6pi/91MT4POL688f69ff8f51u/sf/AAApupyJpvx70/UbTpqOi3wvfrYnA/U1Z8QfDjW7XXLzxT8PNc/sG+1AZvbX7B9usb04/Ajj0rT8C+Bb3QL6+8T+Jr8a9rt8MC8HH/Ev7AUfW8J/vQfVMX/upU+OF9fWPwr8QX1j/wA+Neh2WgaLZ6INFsbHGniz+xfh6U++sbDXbHUNDv8A/iYWOoV45YfDf4jWNiPC1n4//wCJFj/nw/0+uDB/7p9VPosX/vf1oTxxoNh4VPww0XQ/+PCw1sD8q0fj7/yR/wAQf5/5fq19c+Fuh3ngmy8DWJ+wHT8Gyu/S+rC/4V14s1oafZeN/Fxv9PseTZWdgLAXvHfn+Vejg8XhP9mxR87i8Ji/9pwv1Ym17/kt/h//ALAl/S/BD/kB+IP+w3f12l54TF3440/xst/gafZGy+w/U5rzix+FfjbRV1Cz0Xxd9gsdQvr+9/48P+f6n9bwn1T6qej9TxeDxf1oXwQ2n6D8RvH2hWf/AB4WP2C9H1v+a8C/4WJ4J2f8LT/tE/8ACQ/219t+x/8ATh/x4fYa+mW+FS2PgfX/AAvoeof8TDXv+P29va7r+w9D/wCEV/4RX/mH/YfsNen/AGvhD53+ycWebfEL/kdvhh/1/t/6RGk+PenhfBJ12wXGoaHfWDWZ9xfAfyovPhVrY0XwjYWfiDGoeEv+X02Oc1a0/wCHetajrNlrHxA8R/8ACQf2bm6srMWIsbFSB755+v415n1vCf7MejjMHi/9p/2Yg2i8+Pm27H/IP0T/AEL8etM+MJS3Twjrdjhr6w1uxWyB6f6fwRXV+OvAa+ILyx8TaPfjQdesRg3hHBBGCDXP2Hw41m+1ux8SfEHxF/b50/8A487IWP2GyBI4POefrUfW8J/vQYvB4v8A3U46/wDFV/ofxv8AEH2HQL3X/wDQbD/jyrT+Ekdz4t1vX/ig1h/Z9nr/ANis1suNy/YARm89wDivS9N8ILpvjjUPGy3/APyELOys/sXobIkn+dUfC/gb/hFdf17UbG9Bsde/037F6Xx6/wAhVYzGYT6oGDyjF/Wx3xS8VHwP4G1/xS5BYD/QvrXgPw51vwR4X+I3h/wr4W1Cyv8A+39G+xXuD1v7CvonxX4RHijW9B1G7vwtpoV79tNnjk46Z9cUeO/C7eN7Cws7K/8AsN7p15Y31leYyTj0FGDxmE+qfVT0cZg8X9b+tHGfEb/ko3w//wCv6/8A/SCl+MP/AB5eD/8AsabCu11/wkviDWdA1hr/ACug3v20/Q0njXwkPE66eBqH9n/2ff2N/wD+AJzXnYPGf7sGLweL/wBpOI8UKPCfxT8P+KQMaf4gzot9+PNjTfBqtr3jbxf8RkAJyNEst3TFgfm/8nc13XjfwufG/hS/0L7d/Z5P/Hle+laHhTwrY+B/Cun+FrH/AJh9P65/sg/qn+1nm3wEsrUfDnT9cQZ1HUDfXt9/1/E8/pSeFF+x/GLxfZ2qgWF/ZWN7ef8AX/Tf+FdeK9Eur68+HviH+wbDUP8ATGsruw+3DPfvkfnmuv8AA/gceFRqF9fah/aGv6h/x+3tehjMZhP9pxR5uEweL/2bCnpNFFFfFH6EFFFFABRRRQAUUUUAFFFFABRRRQAUUUUAFFFFAH//0v3QooooAKKKKACiiigAooooAKKKKACiiigAooooAKKKKACiiigAooooAKKKKACiiigAooooAKKKKACiiigAooooAKKKKACiiigAooooAKKKKACiiigAooooAKKKKACiiigD/9P90KKKKAM+l+3WHpXDa3/x/GsOgD1X7dYelH26w9K8qooA9V+3WHpR9usPSvKqKAPVft1h6UfbrD0ryqigD1X7dYelH26w9K8qooA9V+3WHpR9usPSvKqKAPVft1h6UfbrD0ryqigD1X7dYelH26w9K8qooA9V+3WHpR9usPSvKqKAPVft1h6UfbrD0ryqigD1SivK69Gvr7/QaAL326l+3WHpXlVFAHqv26w9KPt1h6V5VRQB6r9usPSj7dYeleVUUAeq/brD0o+3WHpXlVFAHqv26w9KPt1h6V5VRQB6r9usPSj7dYeleVUUAeq/brD0o+3WHpXlVFAHqv26w9KPt1h6V5VRQB6r9usPSj7dYeleVUUAeq/brD0o+3WHpXlVFAHqlaFcL4VruqACiiigD//U/dCiiigDzfW/+P41h1ua3/x/GsOgAooooAKKKKACiiigAooooAw77xVodjffYb7ULLT63Pt1j9u+w/8AMQryv4c2Njrngf7dfaf/AGh/wkH/AB/V5z9uvrHwPp+uWP8AyMGn31/Y2P8A0/2FfRf2Ofn3+sP/ADFH0b/blh/0EP8AP50n26w+3fYf7Q/4mFeH31jY/wDCq9PvrH/iYf2hfWF99urDvv8AiR/FTxB44/6B99YWN7/14X9jXo/2OLF8RfUz6Mvr6xsf+P7UP+QhVG+8VeFbG++w32oWOn/9v9eH+Kv+J54q0/XP+Yf4fvrCxsf/AG+rqtD/ALc/4WN8QP7D0+x1D/jw/wDSGj+xw/1j/wBrPRv+Eq8K/wDQfsf/AAYf/Wo/4Svwr9h+3f2hY/2f/wBf9cr8Ruvh/wD7DdhVHxx9u/4Srwf9h/5/q8/B4M9HGZti8GejWN9Y31j9usdQ/tCqNj4q0O+vvsNjqFjqGoV4f/zKuofbv+Jf/wAJBrf+nWP/AD4V3HxUsbGx8D/brHT/APiYeH/+PGl/Y553+sWL+qfWT1Su4vv+QHXD13F9/wAgOvnT9COHooooAKKKKACiiigAooooAKo32uWOh8a7qH9n1eryv4jX32HXPB9//Z/9of6dXpYPB/WzhzbGfVMIejf25of2H+3P7Qsv7P8A+f6ix1zRNc/5AeoWOoV4D4q0O+sfA/jDXL7T/wCz/wC0L6wvvsP/AG/13Gh/br74jahfa5p/9n6hp9j/AOB//T9Xpf2Svqh8X/rFi/rf1Y7ix8VeFb7/AEGx8QWP/gfV7+3ND+3f2H/aFl/aH/PjXlfwO/tv/hB/D/8AxL7H+z6LGx/4Qf8A0HXNP/tDT9Qvv+P7/p/v6MXg/wDa/qoYPNsX9Uw2KPVP7c0P7d/Yf9oWX9of8+Ncr4q8Va5od9/yD/7Q0/8A6/65W+sf+EHvtQvtc0/+0PD+oX3237d/z4Vh/Ea+sfFWuf2H/aH9n/8ACP2P27/t/r0MHgx4zNsX9UPcPt3/ABI/t2uf8S//AJ/qLLXND1z/AJAWoWOof9eNePfb7HxxfeD/ALd/yD9Q/wBN+w/9P9dT4qsTY+KvB+uWP/IQ1C++w/8AbhXm/Uz0f7X/AOYo9Gooor50+wOr8K/8f9dzXDeFf+P+u5oAKKKKAP/V/dCiiigDzfW/+P41h1ua3/x/GsOgAoorD1zxVomh/wDIc1Cx0+gr64dVY2N9ff8AHjVGu+8A6hoeuWH9r6FfWuoB/wCJO39a1PE+htegX1n170EnltFFFABRRVG++3fYNQ+w/wDIQoA5X/hB7H/iYWNjqF9p+n6h/wAuNjV6x8DaHY32n31j/wAw+x/0Kxrw/wCHOuWFjYf8VXqGt6f4w0+x/wBOsb6//wCP/wDz/wBONdVonxi1C+sNA8U614Q/s/QPEF7YWNj/AKf/AM/9en9axZwf2RhDuP8AhB9D+w6hYj7d/Z/277dV7/hB9D+3eIPt3/Mwf8f1eV+B7G/+Kmh6h441zUL7/iYX3+hfYb/7B9gsKueCRqPjjQdRsPE+o3ofwfreoWINlf8A2AX5sKPrWLD+yMId1Y+B9DsdD0/Q7H/mH3326r3/AAg//E81DXLHUL7T/wC0P+P7/jxrh/g7fX19oeofbtQ/tDT/ALdf/Yb6+/58K9io+tYsP7Iwhh65odjrljp/27/mH3326i+0Oxvr7T76+/5h9blFL64T9TOVvvA+h339ofb/APmYP+P6qP8Awg//ACD/AO3NQvtQ/s//AJ/q7iin9axZX9kYQK7i+/5AdcPXcX3/ACA68w7zh6KKKACivQ9G8EhATf1uf8IVon900AeQUVtazot5o14GU5B6Gur0XwuLs/bb/qaAPOqK9f8A+EK0T+6a4nW9EGjDcOQaAOWrDvtCsdcvtPvr7/mH1uV4D8VL77F8RvB9jfahff2fqH2//jx+3f8AtjQB7F4q0Ox8VaH/AGHfUX2h2N9rmn67/wAxDT6+ZfCvxUvvCvhXUP8AiX3viD+0PFP9iWNjff8AH/8A9v1dtrXxzu/DI8QWnibQRY3/AIesrG8+xDUM/b7G+OCPwPBqvrh531M9J0PwP/withp+h2PiC+/s/T/+vH/5BpP+EH+3f8f2oX2oafp979t+w1ww+KfjYa3p/hO88H41+/sfto/0/wD9Lq9H8D+Kv+E48K/25/Z/9n16P1rFnD/ZGEKN94Hsb7/Qb7UL7UNP+3fbvsNbmh6HY6H/AGh9h/5iF79urcopfXD0PqeEOH/4Vzon/T9/x/fbv+vCr1j4VsbHXP7cvtQvtQ1D/p+rqqKf1rFh/ZGECiiivMO86vwr/wAf9dzXDeFf+P8AruaACiiigD//1v3QooooA831v/j+NYdbmt/8fxrDoA5bxxrn/CK+FdQ1z/oH18yfCv4O/wDC1P8AiqvHGoX3/Ewr6b8caH/wlXhXUND/AOghXzh8H/jDafB5D4U+Idheq2njg4ziv1fh3639UxH9l/7yfhXF31T+1sP/AGp/uxY8Z+DNY/Zg8aaF4p8LX97qOgXxKupwcHHQ/ga/SP8AtCJra21SNsWhXJ+h4Br83PGXjLWv2n/Gug+FvC1ibHQLElmZjyT+g6DFfpb9hH2H7HRxF/umH+tf7yHA31T63iP7M/3Y8r8U6KLK+N8Dn7fwa5avVL7GueFs15XX5QfuoUX3277F/oP/ACEKKKAPAfFXhXxx4qsdPvvHH2HT/wDhH/t99/oP/L/f1yvw58D+N/FXw5+H9j4q1Cx/4R/T/sF9/wBP/wDoH/HjY19UUUAeO6H4V+I3gcahofhX7DqGn6hffbrH7d/y4Vhah8KPE9l4X0/wxod//aFjf3v23Wjff6Ab/dXv9FAGH4VsL6xsfsN9p9jp/wDZ/wDz41uUUUAFFFFABRRRQAV3F9/yA64eu4vv+QHQBw9dR4Z/5DFl9K5er2h332G++3UAe/UVy+peJdC0bRH8SXt3t0+0U7m7elfNB1n40/EVf+E98Gn+w9OsBm0sX5/tAe/avo8Hk/1s8DNs3+pn138lyntUlfEnijwp8VPjBot54r1gDwp/YeLzRtHyM/bQCQb/AB157D1zW74s8c3fxP8ABXhPwd4XG2/8f8X2MZsrDj7b+PYD/wCtXo/6unz/APrd/wBQ59E/8Jt4L/6Dtj/4HD/GsXWvGvgm70a8A1+x27cEi+A/rXNf8M6fCH/oALXJeJvgf8GLG2aztdAT7Z/Dtzn8a4P+Egj/AIyEnsb6xvv+PDUP7QriPFXhXxVfeKvD/irQ/sP/ABT/ANv/AOP7/p/rb0PwP4V8K/8AID0/+z/7Qrqq+cxX/UKfZ4P63/zFHx38RvCvirQ/7P1z+0LH/hIPEHjaw/68LCu18TfCHxP49HiDXta1Cy0/X9QsrGwsvsXFh9gB+2nr9K+j6Kk7zh/+EVvh8RtP8cf8w/T9E+w0fDnwrfeFdD/sO+/5/r++/wDA+/ruKKACiiigAooooAKKKKAOr8K/8f8AXc1w3hX/AI/67mgAooooA//X/dCiiigDzfW/+P41h1ueKf8Aj+rl/tt9/wBA+gC5XT6P4I8LeKbD/ip9PstQP0zXnn26+/6B9eh/D3W2N21hdnDY4oHjMH9cPQtC0DRPDVl9j0WyFjH6Af1ro6KKBHB+GFB0e9s/7uf1FeX167dWsfhvQb6RDkEZFeRUAFFFFABRRRQAUUUUAFFFFABRRRQAUUUUAFdxff8AIDrh67i+/wCQHQBw9FFFAHlGjaDrvjnxO178QzjQrC9/0HRcZwa+07D7J9k/0H7teB11Oh65/Yf/AGD69LF4z62fP4TKPqZ7HXhvgH4N6N4C8U654ksZBdf2i4+yqQD9jXHKj6+te0Wd3a3yfabY7geM1zPiXxVZaL/oobN4wBUY9aPrh6WLwmExf+1D9c1xNHTs14w/DFeXf8ftYd9rn26qP9t2Pr/n8q807jcorE/twUf24KANuisT+3BR/bgoA26Kw/7bsfX/AD+VXv7dsaAL1FUft1jV/wC3WHpQAlFFFABRRRQB1fhX/j/rua838LX326/r0igAooooA//Q/dCiiigDzfW/+P41h1ua3/x/GsOgAooooA9SsvG9kRi8OKu/8Jron9415BRQAninW9b1q9wONPrlrHXf+f8Arqqo31jY31ABY31jfVerlb7Qv+fCqP8Abl9Y0AdxRXK2Pimx/wCX6tz+3bGgC9RVH+3bGj7dY0AXqKo/brGr/wBusPSgBKKKKACiiigAruL7/kB1519vH+RXot9/yA6APOft1jVH+3P+fGr32Gxq9QBh/wDE8o+w32P9O1CtyigC9ol7e6KP9DHBqj9h+3X326+oooAX7DYetJRRQAUUUUAFH2GiigBfsNh61Q+w2NXqKAKP9hWNUv7DFbdYd9rljQBR+w31L9uvrGk+3X19/wAeFXrHQ/8An+oAw/8AhK77/lxq9Y/Yf+X6ur+w2HrVD+wrGgDq/Cv2H/lxr0evN/C1j9hr0igAooooA//R/dCiiigDzfW/+P41h1e8VX32G+rh/wDTr6gDq/t1h6VQ/t2xql/YYq7/AGFY0AUv7cFUPt19W5/x5Ve+3UAcr9h12r39iX3p/n863KKAMT+wxSf2JY+n+fzrcooA5X/hFLGqP9h31jXcUUAcPY31j/y//wCf0rqvsNjfUX32GsP7B/z40Abn9hWNH9hWNYn/ABVVlV3/AEG+/wCP7UKAD7DY2P8AzEKo/wCnf8uNdX9hsPWkoAw/+J5VH/Qf+X7T66qigCj9usa9Gvv+QHXnP2Gxr0a+/wCQHQBw9FUft/8Az/UfbrG+oAvUUUUAFFFFABRRRQAUUv26w9Kwv7bsfX/P5UAblFcr/bt9VH/Tr6gDqv7dsaw77Xb6ix0L/n/rcsbGxsaAOV+w319W5Y6HY/8AL/W5RQAUUUUAFFFFAHV+Ff8Aj/rua4bwr/x/13NABRRRQB//0v3QooooA5PXND+3Vif8Irff9BCtvXL6+sf+PGsP+2771/z+VAC/8Irff9BCj/hFb7/oIUn9t33r/n8qP7bvvX/P5UAL/wAIrff9BCj/AIRW+/6CFJ/bd96/5/Kj+2771/z+VAFL/hFL+k/4Qa//AOghV7+2771/z+VH9t33r/n8qAKP/CK33/QQo/4Qa/8A+ghV7+2771/z+VH9t33r/n8qAKX/AAg99R/wg4q7/bd96/5/Kj+2771/z+VAC/8ACL33p/n8qP8AhFb7/oIUn9t33r/n8qP7bvvX/P5UAL/wit9/0EKo/wDCKX9Xf7bvvX/P5Uf23fev+fyoApf8IOKvf8Irff8AQQpP7bvvX/P5Uf23fev+fyoAX/hFb7/oIUf8Irff9BCk/tu+9f8AP5Uf23fev+fyoALHwrff8v1dx9h/0H7DXD/23fev+fyruPt3+g/bqAOI/wCEXvvT/P5VR/4QcVd/tu+9f8/lR/bd96/5/KgCj/wit9/0EKv/APCK33/QQpP7bvvX/P5Uf23fev8An8qAF/4RW+/6CFH/AAit9/0EKT+2771/z+VH9t33r/n8qAF/4RW+/wCghVD/AIRW+/6CFXv7bvvX/P5Uf23fev8An8qAKX/CDij/AIQcVd/tu+9f8/lR/bd96/5/KgCl/wAIOKvf8Irff9BCk/tu+9f8/lR/bd96/wCfyoAX/hFb7/oIUf8ACK33/QQpP7bvvX/P5Uf23fev+fyoAX/hFb7/AKCFH/CK33/QQpP7bvvX/P5Uf23fev8An8qAF/4RW+/6CFH/AAit9/0EKT+2771/z+VH9t33r/n8qAF/4RW+/wCghR/wit9/0EKT+2771/z+VH9t33r/AJ/KgDqtDsfsNb1cnod99urrKACiiigD/9P90KKKKAPN9b/4/jWHW5rf/H8aw6ACiiigAooooAKKKKACiiigAor5zsfHGufYdPvrHxB/aGof239h+w/6BXcfEbXPFVj/AKD4V/5CGn/6dff9eFhX0v8AZOL/AN1Pjv8AWLCfVPrR6pRXnPirxVffYfB99of/ACD/ABBfWH/gBXVeKtc/sPwrqF9Y/wDIQ/5cf+v+vM+pnpf2vhDcorznwrrmuf8ACK+ILHXdQ/4qDw/XD6H8RvFX/CudQ/tz/kYNPsft1en/AGTizy/9YcIe/UV5z/bmua5fafoVjqH9n/6F9uvr6tz7dfeFND1DXNd1D+0NP0//AE6vM+pno/2wdVRXnPw513xVff2hofir/kIaf/7f16NRi8H9UPTweM+uYT60Fdxff8gOuHruL7/kB15p3nD0UUUAFFFFABRRRQAUUUUAFUr7XLHQ7H7dfVdrzn4qf8gTT/8Ar+sP/S6vUweD/wBrPPzbGfVMJ9aOq/4SrQ/sP27/AKB9Xr7XNEsb/wCw/wDb9XnPxG/tv/hBtQ+3af8AYKv2P/JVB/2BLD/0uru+pnz39sYv639VNux8VaHfX32Gx1Cty+1zRND/ALP+3f8AMQrh/A//ACHPGH/X9VHxx9u/4Tjwf9h/6f8A/wBIav6n/tYf2xi/qn1o9Gsdcsdcsft2h6h/aFFjrmh65/yA9Q/tD+z68PsdcvvCth8QLH/mYPt3/pf/AMeFXvA/2Hwr4q/4RWx+3f2fqFj/AM+H2D/T7Cu7+xzz8HxF/ux6poeuaHrlh9u0LUP7Q/s+l/4SrQ/sOn339of8hD/jxr5y8DqPC3hXTvFR/wCQfr/2+yvf/A7/AEGur8K/8ePww/68arGZQebg+LcXi/qx7fY65oeuf8eOoVerzj/mqn+g/wDQE/07/wAD69Hr57Fn6Hg8YdX4V/4/67muG8K/8f8AXc15Z6AUUUUAf//U/dCiiigDzfW/+P41h1ua3/x/GsOgAooooAKKKKACiiigAooooA8O/wCEU8U/8IvqHgn/AIR//kIXv/H9/oNdXY+Fb++1zUNc1z7dp/8Ay42X/XhXD+CPirrnxG0/w/ZaFp1kdQ/4/tbvf+XCwruLH4xfDm+vtP0Ox1D+0P7Q/wBBsv8AQL6vov7YPjsHw7hDlf8AhFfFVjofh/Q7HT/7Q/4R/W/t3/bhXVa5Y6344v8AT7G+0++0/T9P/wBO/wCXCuV+I3irXP8AhOPD/hXQ9Q/5B9jf63e/9uH/AB41R8cfEbxVY/s5/wDCxrH/AIl/iD+xLC+o/tgn/V7CHVX3hXXLHXNQvrH/AImGn+ILH7Dff9f9cr4q+HOt33w58P2Nj/yMGn2P2GvRtD+I3gfxVff2Foeof8TD/j+ruKv+1sWXi+HcIeV31jrnhW+0/wAVWOn/ANof6D9hvrGqN/8A258RtD0//iX/ANn+H9Qvv+f/AP5cK9Uv7GxvrH7Dff8AEwq9Y2P2H/QbGo+uE/2Oec/8IrfWPirT9csf+Jh/y5X1ejUUV5+Mxh9HhMJ9UCu4vv8AkB1w9dxff8gOvNO84eiiigAooooAKKKKACiiigAqjfaHY65/oN9V6igCjfWNjrlj9hvv+QfR/YVh9v8A7d/5iH2H7DV6ig876mUbHQ7GxvtQvrH/AJf6o654V0PXL/T76+/5h/8Ax41uUVX1wr6nhDlbHwP4Vsf+Yf8A8v326ty+0Oxvv7P+3f8AMP8A9Oq9RXofXA+p4Qw7Hwrodjon/CK/2f8A8S+qP/CD6H9h0+x/s/8A5B//AB411VFP61iw+p4Qw9D0PRNE/wCPH/mIVuUUV5h3nV+Ff+P+u5rhvCv/AB/13NABRRRQB//V/dCiiigDzfW/+P41Rsf9OvvsNXtb/wCP40aH/wAhzT6APXLLRrSyHyDNeAfG7472HwpKWOn2P2/W7wAKo4HFfSdfJHxB/Zgi+IfjC+8UXGv/AGM3oA2rZKxGB6sRn86+l4d+qfW/+FM+P4t/tb6p/wAJZ8y2P7YXxSW92Xoscelfdnwh+L+i/FzRft1jmyv7I4u7Q8lCf6V83f8ADEtp/wBDU/8A4AL/AI17J8G/gIvwl1bUL+11tr4aj1VhzX6HxFi+HcXhP9lPxfhHCcWYTF/8Kn+7Hs+uaHZX1jXj1fRlfOdfi5/TAUUUUAfHXgfwv4p+FXgfT9cstP8A+JfqNl/xO7H/AJ8P+n6qXwr/AOJHofw/vvHGn63Yaf8A8uP/AB4/YPt9/wD+T1faX/H9/oN9XnNj8K/A9j/Z/wBh0/8A5B//AB4/6fffYKAOH8K2P/CVWPxA8cf9DB9vsbH/AK8LCuH8Vfbtc/Zz/wCFc2Ph/W/+Eg/sSwsfsX2C/r6osbGx0Ox+w6Fp/wDZ+n6fV6gDwL/TvHHxG+H99Y+H73w/p/h/7f8Abvt3/T//AMuNe+0UUAFFFFABRRRQAV3F9/yA64eu4vv+QHQBw9FFFABRRRQAVRvr77DY6hfX3/MPqjrnirQ9D/5Dmof2fXlmufGLwPfWGoaH/p2of2hXqYTCYvFnz+MzbCYQ4b/hf2t/bv8AkH/8S+vprQ76x1yx0/XLH/mIV8P+FfhzfeK/+QHqFj/Z9fcGh2Njoeh6fodj/wAw+vsuIsHhP+YU+M4SxmbYv/ei9RRRX5yfqYUUUUAFFFFABRRRQAUUUUAFFFFAHV+Ff+P+u5rhvCv/AB/13NABRRRQB//W/dCiiigDzfW/+P40aH/yHNPo1v8A4/jRof8AyHNPoA9wooooAKKKKACvnOvoyvnOgAooooAKKKKACiiigAooooAKKKKACiiigAruL7/kB1w9dxff8gOgDh6KPt1jY1T/ALc0P/oIWNAFyisP/hKtD/6CFlV77dY33FjqFAHx3Y6HYeOL7xB4q8Vah/xL9Prx2vcPipfaH4Vsf+Fc+Ff+v6+rw+v6byj/AKCj+R+If+gU9U+DuujQ/HGn/wDUQr7grwHXPg7fX2h+H/7D/wCJfqGn11Wh2Hxisb7/AInmoWOoafX5Xm/1TF/7Ufs3Dv1vKP8AZcUeqUUUV+cH6kFFFFABRRRQAUUUUAFFFFABRRRQB1fhX/j/AK7muG8K/wDH/Xc0AFFFFAH/1/3QooooA831v/j+NUbG++w3326r2t/8fxrlb6+sbH/j+oA+krW7hvYhPbHKnjmrFfK//CxrGy/48dQqgfij421AY0UZHvQB9b0V8krrXxSveF1Cj/iuP+X7xBfUAfUWsalZaPaNfXv3Vr56/tyw/wCgh/n865W+8D/bv+Q5qF9qFJ/wrnQ/S+/z+NAG7/bmh/8AQQpP+Eq0P/oIVQ/4QfwrR/wg/hWgC/8A8JVof/QQo/4SrQ/+ghVD/hB/CtH/AAg/hWgDQ/tzQ/8AoIVe/tyw/wCgh/n865T/AIVzofpff5/GqP8Awrmx/wCghfUAejUV5X/wrj/nx1Cj/hFfFVjxY6hQB6pRXjv/ABXFl/z/AFH/AAnGt2X/AB/UAexUV5X/AMLUsbH/AJDlUf8AhY39uf6D4VoA9iruL7/kB14fofhX7d/p2uah/aFe4X3/ACA6APK/+EV0P/oH1R/4Qfwr/wBA/wDz+VdVRQB4D8RtD/sOw0++8K+H/wC0P+f6vHb7xxof2H/QdPvtP1CvuCsO+8K+Fdc/5Dun2OoV9Lg8ZhP+YrDHx2MweL/5hcSfCPhXwrrnji+/0GjxV4VvvCtfftjY2Oh2P2Gx0/8As+uG+KljY33w51D7dX2eD4h/2s+MxnCWE/snEHK/Dn4qWN9oen/27XsVjfWN9/x418y/B3wPY65oeoX19/z/AFdVffDnXND/ANO0PUK+MzfCfVMWfovDuM+t4TDHv1FeA2PjjxVY/wDH9/xMK9V0Pxxoeuf9Q+vmj3zqaKKKACiiigAooooAKKKKACiiigDq/Cv/AB/13Neb+Fb6xvr7/Qa9IoAKKKKAP//Q/dCiiigDxvxxod9fX/8AoOof2fXEWPgfQ/8Al+/4mFep63/x/GsOgCjY6Hodj/zD6vUUUAFFFFABRRRQAUUUUAFFFFABRRXK33jjQ7GgDqqK8Q1z4jX19/x4f8S+sKx0PXPFXWgD1TXPiNodjzY/8TCvOb7XPFXir/QbCu40P4c6HY/8f3/Ewr0axsbGx/48aAPHbH4O6H/x/a5/xMK3P+Fc6Gf+PH/iX16NRQB5XY+B9c0O+0+9sa+jL7/kB1w9dxff8gOgDzn/AK8aX7eP8iuUvvHFhY/8eP8AxMK5a+8Va5fUAew1RvtcsbH/AI/tQrx2x0PxVfVe/wCEH+w/8f3/AJI0AdxfeONDrx34qeOPt3hX7D/0EK9VsfCvhWtv/hFdD/6B9eng8Z9Uxf1o8/NsH9bwn1U8B8D65rmh+FdPsbCu4+3eOL7/AJ/q9i/48f8AjxopYvGfWx4PB/U8J9VPHr7wr4q1z/j+rlL74O65/wAuOof+T9fRlFead58r32h+N/Cv/H9qF9V6xvvt3N9qH9n19NVyt94H8K33/MPoA5Wx8K319/p1j4gq/wD8Irrn/QwVhX3ge+0P/TtD1CqVj8Rr7Q/9B13/AImFAHU/2H4q/wCghR9h8cWNFj44vtc/5Aen/wDgdW5/YeuX3/Ic1D/wBoAw/wDhKvFVj/x/afR/wsf/AKh9dX/wiuhVd+w2P/QPoA85/wCEqvtc/wCYh/Z9blj4Wsb7/Tr7UL7UK3f+EV0O+/5h9YX/AAg9j/y4/wDEvoA9U8D2NjY/6DY16RXlPw5sb6x/tCxvtQ/tCvVqACiiigD/0f3QooooA4XXbG+/4/rGuX/0/wD6B9epX1/VL7eP8igr64edf6f/ANA+j/T/APoH16L9vH+RR9vH+RVfUzzPrh51/p//AED6P9P/AOgfXov28f5FH28f5FH1MPrh51/p/wD0D6P9P/6B9ei/bx/kUfbx/kUfUw+uHnX+n/8AQPo/0/8A6B9ei/bx/kUfbx/kUfUw+uHnX+n/APQPrBvrHxVfD/Qf+JfXsf28f5FH28f5FH1MPrh8y33wr1y+/wCP7UP7Qqh/wp6vqn7eP8ij7eP8ij6mH1w8OsfA+h6H/wAePh+us/0//oH16L9vH+RR9vH+RR9TD64edf6f/wBA+j/T/wDoH16L9vH+RR9vH+RR9TD64edf6f8A9A+j/T/+gfXov28f5FH28f5FH1MPrh5x9hvr3/mH16N9h/0D7DS/bx/kVdqT0T5zsfhzY2P/AB/6f/aFdVY6H9h/48dPr2KigDy3/T/+gfR/p/8A0D69SooA8dvrE33/AB/afVH/AIRU/wDLjp/9n17hRQB4h/Yeuf8AT7R9h8V/5H/169vooA8d+w+KapfYfFf+R/8AXr2+igDw/wDsPxV/0EL6qP8Awiv/AD/fbtQr36igDw//AIRWx/6F+r32H/qH17FRQB4DfeB9Dvv+ZfqjY+CNbsf+QHqF9X0ZRQB47Y2Gtn/j+rQ/0/8A6B9epUUAeW/6f/0D6P8AT/8AoH16lRQByuhWN9/x/X1d1WfWhQAUUUUAf//S/dCiiigDk77/AI/6KL7/AI/6K+kwh8fiwooor0DywooooAKKKKACiiigAooooAKKKKACiiigAooooAKKKKAKN9/x411dj/x4Vyl9/wAeNdXY/wDHhXz+LPpMIX6KKK8s+gCiiigAooooAKKKKACiiigAooooAKKKKACiiigAooooAKKKKACiiigAooooA//T/dCiiigDk77/AI/6KL7/AI/6K+kwh8fiwooor0DywooooAKKvfYb6j7DfV556BRooor0DzwooooAKKKKACiiigAooooAKKKKAKN9/wAeNdXY/wDHhXKX3/HjXV2P/HhXz+LPpMIX6KKK8s+gCiiigAooooAKKKKACiiigAooooAKKKKACiiigAooooAKKKKACiiigAooooA//9T90KKKKAOTvv8Aj/oovv8Aj/or6TCHx+LCiiivQPLCu3sNFFl901geGbPZdlj2Fbuqa9ouhoH1m+t7LP8AfIH86+fxZ9Lg/wDoKM7xb418MeB9P/tHxNfrY2mMZNHhLxr4Y8caf/aPhm/W+tMYyK+R/wBr3xT4a134c2Fpo99Z3pa9HylsgfTFS/sm+KtE0HwNqFnrV/ZWJF6cAHGa+y/1d/4SPrR+d/62/wDGRf2WfY1/oovfvGuIrtdL17RdcQvo19b3uP7hB/lWF4ms992GHcV8bhD9Dxn/AEFGPRRVH/pxr6A+bL1FU6b9usb7/mIUAXqKp037dY0AXqKo2N9Y33/HjV6gAooooAo33/HjXV2P/HhXKX3/AB411dj/AMeFfP4s+kwhfoooryz6AKKKKACiiigAooooAKKKKACiiigAooooAKKKKACiiigAooooAKKKKACiiigD/9X90KKKKAOTvv8Aj/oq99h/06l+wD/Jr0cHjD5/GYMoUVf+wD/Jo+wD/Jr0frh5v1M2PDXW8+teD/tJfCnxP8TdF0Wy8MMAbFyx59QB/SvbrH/Qb6tv+2x6fp/9erwmL+qYv61hT0sZlP1vCfVcUfkH8Rfgn40+Fujf2z4nNibC/vRZ49j0/lR8O/gj40+KNiNd8MGxH2A459a/Rf4w/DZfjD4YsdHF/wD2e1jei8J9hnH86Pg78OE+EGh3uim//tA399ke1fqn+vP+yf8AUSfzN/xCX/hX/wCoY4/9mv4WeJ/hguvf8JMwL3/2Irj1AIP5E19DeKPuCr/9tj0/T/69Yl9/p19X5VjM2+uYv61ij+h8HlH9j4T6rhTCr5Xvvt2h/Efxh44sf+Yf9g+3f9eH2Cvrf7AP8muUsfA9jY654g1z/oYK9DCZthMIfPZtw7i8Z9WPAb6+/wCJJ4wvrLUP+Qhrdh/5P/Ya6r4qaHofhXwP/bmh6f8A2fqHh/8A48q6rQ/gfoeh6HqHhb+0P+JfqF79uraHw3vL17Gy1vXft9hYdbL1r6X+18IfHf6u4v6oed/25Y+B/FXjCxvv+QfqFl/bdl/7fVh6Hof+neD/AArrn/MQ+363ff8AX/XsXjj4V2Pjj+z76+1D/kH1d13wP/bgsL7+0PsGoaf/AMeV7R/a+EO//V7FnnOuWFjonxG8H32i/wCgDUDf2V7XsdYVl8OVbXD4n16//tC/sOLHPSwrrPsA/wAmvm8ZjD7TKcpxZQoq/wDYB/k0fYB/k15n1w7/AKmYV9/x411dj/x4VR+wD/Jq7XDiz6TCmhRRRXlncFFFFABRRRQAUUUUAFFFFABRRRQAUUUUAFFFFABRRRQAUUUUAFFFFABRRRQB/9b90KK+K/8AhrX/AKk//wAn/wD7ho/4a1/6k/8A8n//ALhqvqYH2pRXxX/w1r/1J/8A5P8A/wBw0f8ADW//AFJ//k/R9TA+1KK+K/8AhrX/AKk//wAn/wD7ho/4a1/6k/8A8n//ALho+pgfalFfFf8Aw1r/ANSf/wCT/wD9w0f8Na/9Sf8A+T//ANw16H1MD7Uor4r/AOGtf+pP/wDJ/wD+4aP+Gtf+pP8A/J//AO4aPqYH2pRXxX/w1r/1J/8A5P8A/wBw0f8ADWv/AFJ//k//APcNH1MD7Uor4r/4a1/6k/8A8n//ALho/wCGtf8AqT//ACf/APuGj6mB9qUV8V/8Na/9Sf8A+T//ANw0f8Na/wDUn/8Ak/8A/cNH1MD7Uor4r/4a1/6k/wD8n/8A7ho/4a1/6k//AMn/AP7ho+pgfalFfDt9+2J9h/5k/wD8n/8A7hq9/wANa/8AUn/+T/8A9w0fUwPtSiviux/aov76++w2Pg//AImH/X//APcNe4f8Jx44vrD7dYeH7LUP+nH7f/8AcNeaB7JRXxxfftUX+h6h9h1zwf8A2ff/APX/AP8A3DVL/hrX/qT/APyf/wDuGvS+pgfalFfFf/DWv/Un/wDk/wD/AHDR/wANa/8AUn/+T/8A9w0fUwPtSiviv/hrX/qT/wDyf/8AuGj/AIa1/wCpP/8AJ/8A+4aPqYH2pRXw7Y/tiG+sft3/AAh//k//APcNXv8AhrX/AKk//wAn/wD7ho+pgfalFfFf/DWv/Un/APk//wDcNH/DWv8A1J//AJP/AP3DR9TA+1KK+K/+Gtf+pP8A/J//AO4aP+Gtf+pP/wDJ/wD+4aPqYH2pRXxX/wANa/8AUn/+T/8A9w0f8Na/9Sf/AOT/AP8AcNH1MD7Uor4r/wCGtf8AqT//ACf/APuGj/hrX/qT/wDyf/8AuGj6mB9qUV8V/wDDWv8A1J//AJP/AP3DR/w1r/1J/wD5P/8A3DR9TA+1KK+Hf+Gt/wDqT/8Ayf8A/uGr3/DWv/Un/wDk/wD/AHDR9TA+1KK+Hf8Ahrf/AKk//wAn/wD7ho/4a3/6k/8A8n//ALho+pgfcVFfDv8Aw2N/1J//AJPf/cVH/DY3/Un/APk9/wDcVH1MD7ior4d/4bG/6k//AMnv/uKj/hsb/qT/APye/wDuKk8HqB//1+sq5RRX0h54UUVRvtdsbGvRweExeL/3U8/GYzCYP/ei9RWJ/bgq7Y31jfV6OM4dxeD/AOYc+dwfFuU4v/mJL1FeO/HDxxffDnwP9usf+QhqH+g2Vcr/AMKP8Vf8Ir/yUDW/+Eg/6/8A/QK+L+uH6ng8H/zFYo+jKp18/wBj8VPFWh/B3UPFXirT/wCz/EGn/wCg/wCnf6B9vqj4V+HPirxX4V/tzXPiBren6hqH+nf6Df8A+gf6fR9cK/sj/oKPpqivlnwvrnjfxx4J8Y+B7zUMeLvD/wDy+2X+gV6J8D/FX/CcfDnT76+/4mGoaf8A6DfUfXBYzJ/qZ7FRXzn8Hdc1zxx448YeOP7Q/wCKf/48bH/nwrh/g74q8VX3wP8AGGuX2oX2oahp/wBv/wBO/wC3Cj64eh/Y59cUV8c/DfwP438cfDnT/HGi/EDW9P8AEH+n/wDH7qH2+wr2L4O+OL/xxomoWPir/kYPD999hvqWDxh5+Myf6meyUVcr4t8VeKvjFY+Kvh/Y+KtQsdP0/wAQX1h/oVjTxmMDB4P62fW2uf8AHj9u/wCn6wrx/Rfj34Y8TaiU8MA31ivBvTwQa8u/aY+NmjaKP+FXWGf+JgcXvB/0Gx9B718H6g3hg3Y1r4dk6ffafzjtXpHzp+hHxG/aZ8U/B3xT4fPhWwsf7P1Cy/4/aTwr+3d44sb7+3P9Br531zXPE+teCF0T4v6dmw1D/jy1o/8AH/YHP/L9XzHoljff25f2N5/zD68s9A/pIvPil8Hv2ivCun/8VDomgeL9P/5cft9jf/8ApDXgf2H7D/oNfD+h/B6+0P4Wf25oWof8I/4g+xfbr3/5Bq944+I2uf8ACgfB99Y6h/Z+oah/oP8A0/8A+gVf1v6mfS4PKPrf+6n2pRXxX4p+I3ir/hnPw/rljqH/ABMNQvvsN9ff8v8AXv3ha+/4RX4WafruuX97f/2fZfbr37b/AMf9L64eZjMn+pnq1FfAPwd+I3ir/hY2n/8ACcahfahp/iD/AJ/v+PCvcf2jPFWueFfCun32h6h/Z+ofbqf1z/mKPTxnDuL+t/VT36x/48bCr9cn4Vvvt3hXw/ff9ONhXznfeKtasf2mfsN94gvv+Ef/AOfL7f8A6B/x4Uvrh5mDyf64fXFFfFdjrnir44fEbUP7D8QX3h/w/p//AD4/bq+tvFVjfX3hXULHQ/8AiX6hqFj/AKDSweMDGZP9TN6ivzl8cWPxh+Ff9n/254wvtQ/tD/nyv76vYtD8D/HDwrfahrnirxh/aGn6fZX/APy/31P64eli+Hf+Yr6yfXFFfMn7OfinxV4qsfEF9rmof2hVD/hY3ir/AIaM/wCEH/tD/in/APnx/wC3Cj64ed/ZP+14nCn1VRXxXZeOPjF4q+I3iDwP4V8QWOn/ANn31/8A8f1h/wBP3/XjW58OfiN8RrH4qf8ACufiN/xMP8/b6Prh6P8Aq6fXFFfI/wAKtc1y++OPjDQ77UL7UNP0/wC3/wCg/wDb9V7/AITjxV/w01/wiv8AaH/Ev/58f+3Cj64eb/Y59VUUUV6R86Z9FFFABRR/x4+1fMvjj9ozwrof+g+Ff+Kg1D/yQoxmL+pnpYPKMXjP91Ppqivz61b9oL4pxTaXqdjqH2H7dZg/6HYehqr/AMNHfGT/AKGG/wD/AABr5x5vhD7B8D4s/9Dqvt32Gx+3X1XqP+P73rQr0Dzzk9cvv+XGuXq5fVueBtc0PQ9c+3eKtP8A7Q0+v6+yjB/VMIfwlm+b/wBr4s5eivfP+FO2P27+3P7Q/wCKP/4/vt1eV+Odc0PXNc+3eFdP/s/T69DCYz64ebi8o+qf70fMv7Rn26++HP8A2D76vpqx1zQ77Q/7c/tD/iX/AGH7d9urlf8AQf8Al+rh/wDhmX4c/bv+X3+z/wDnx+3/AOgV/PHHOU/U8X9awp/Zvh3xF/a+U/VcV/zDnK/FTXLH4xfBDUPFWh6fff8AEvvq+gPCuuf8JV4V0/XLH/mIWNXLHwroeh6H/wAIrY6f/wAS/wD58a8dvv2ZfhzfX2ofYdQvtP0/UP8Alysf+PCvyg/ZvrmExf8AspyvwB/07xV8QPFVj/yD9Qvv9B/8nq4nXdbv/g7rXxA8L2P/ACDvEFl9tsf9P+wf8f8A/oP+gf5/5ca+0ND0Ox0PRNP0PQ/+Jfp+n1w/jj4V+FfHGuafrmuf8w//AMn/APr+qvqZ6ODzfCfW/wDaij8HfCv/AAg/w50/Q/8AmIf8f19XgPwd/wCSA/ED/t//APSCvtKvK/Cvwr0Pwr4H1DwPY6hff2f4g/8Ab+j6medhM2/6CjlfgDfWNj8HdPvr7/p//wDS6vOfg7Y654q/4WB4q8K6h/wj/wDwkF9/oV7Xc2P7Mvw5sb7/AE7UL7UNP/58a9v0PQ7Hwroen6Hoen/2fp+n0fUz0MXjMJ/tH1U4fwPofxG0O+1D/hOPEH/CQaf/ANeFeV/H6x1y+8VfD/8A4RX/AJCH26/+w/8AkjXqnxG+KnhX4c6H9u1zUP8AiYf8+NeK/D347+LfGXhTX7+zvtG00aDe8G/GLCwsL7iyx9DxX0ODyf62fPf2v9Txf1o+YP2k/hh4rsdQPxZ8ZGx07UPEZsNmk2Z+2Fc2S8k5x0X8K+fIWsbXUbJ7qP8Atu6a1siqdQucfLn2GK+v/wBqLxtrXi34Xadp+o6pY659g1wc2XQf6D1r4c8L2IvtQ/0zpTxmD+p4s+ewp9T6HffbrHT7z+z7HT/+3Cxv/wDQKw/gx4FOt+JF0Oe8tY7TU/8ARLuxN9tvTd2XIIGB36Y4qleXps/C9/ejkmyrr/2MvDSv8Uh4o1of8uV/9iPrfgYH5c0Ys7j9H9c8K32ueFfEGh2P/IQ1Cx+w1+e3wr+3eOPFPg/wPff8g/T777d/9w1+oNeO+B/gf4H+HPirUPFWh/bq+dxmDPtMozf6nhMSfAq6DqGo3+n/AAqvP9A1DT9b+xfbf+v/AOw2NfWv7VHir7D4W0/Q/wDoYL7/ANIK9F/4Uf4HsfHH/Cxv+Yh/x/fYf+XCr2ufB3Q/FXjjT/HF9qF9/aGn/YPsX/bhXmfUz08XxFhMXi8Pij4D8U+ONDvvCvg+x8K6f/Z+oeH69w+P3iqx8VfDnwfrlj/zEP8ATq+tvFXhWx8caHqHhXXP+QfqFeV33wB8K33hXT/Ct9qF9/Z+n/8AHjXp/Uw/1hwn+zHo/gf/AJEjw/8A9eNhXw98VND1zxV8ftQ0PQ/+QhqH/wAg179ffsy+B76++3X2oX3/ABMK9G/4VXof/Cxv+Fqf2hff2h/mxpYzB/XDzMHjMJhMX9awp4F8AddvvA/irUPg7rn/AD/fbq+xa8b8cfA/wr448Vf8JVfahfafqH/TjXuFenhD57NsZhMX/tR8P/ta/wDMn/8Ab/8A+2NfTXxG/wCSc+ML7/qCX9UfiN8K9D+Kn9n/ANuahe/8S/8A58a7jXNDsNc0PUNDvv8AmIWP2Gsz0cZjP9kw2FPgT4O/CvW/FWi6hrmh+ML3QP8ATvsX+hVd8K6HfeFP2mtP0PXNQ/4SDUP+f7/txr7F8D/DnQ/hzof9h6H9u/4/vt3+nVhf8Kr0P/hY3/C1P9O/tD/7g+w1w/Uz6LGcRf7XiT5JsbHxx/wuLxh/wrnUP7P1D/T/AP0uruf2c/sPirxVqHjjxVqH9oeMK+i9C+Feh+FfHGoeOLH7d/aHiD/2/qjY/B3wtofjj/hOND1C+0/UNQ/8AKWDwYYvN8JizwH4V31j/wANGeMP+oh9v/8AS6qNjfWN9+1t/oP+f9Br37xx8D/A/jjXP7cvvt2n6h/041e+HPwd8K/Dn+0L7Q/+QhqH/L9fU/qYf2vhP96PVqKKK+iPykKz777BY/6dfVoV8A/H74xWPiq+/wCEV8K6h/xT+n/8f3/T/Xm4vF/Uz6TKMo+t4v6qYnxi+MV943vv7D0P/kX/AP0vrwCiivzvGYw/qnB4T6n/ALLhTb13/kHaB/14n/0uvq5yuj13/kHaB/14n/0uvq5yvNO8/9HuK0KKK9ADze+rc8DaHoeua59h8Vah/Z+n0a5Y/wDL9XL1/XuU5t/a+EP4CzfKP7IxZ75/wuKx+3f2H/Z//FH/APHj9hryvxzoeh6Hrn2HwrqH9oafXL0V6OEwf1M83F5v9b/3ouWNekVyeh2P/L9fV1lfhXHGbfW8X9VP6q8O8o+qYT61igooor8mP2UKKKKACs+tCigDPoorlfHGuX3hXwr4g12x/wCYfY399QB+V/x/1u+vviN4g+3ah/aH2C++xV574IbXNQXxB4Wshe77+zJNnZdT9h9ayPG3iS91rWL7UXyXYj7Zd4PN7zk5+oxXR/B7XNc0TW/+JF4g/s/UNQr7bCnz5wHiPTtd8Kyf8I1r2nvp14hBa0uhyvp9KyfCv/H/AF9BftGjWD4nsR4u8Pf2B4g+xr9sK6gL+0vSSPmVTj7J/u5/LrXzfoutahp5xZ18/jf98PQPY/G1+1h4XFnedb/kfhXsf7NPxS1wfEfw/ofTTz/oX+hWOeDXh+sSeGrnRtO0eNjesOhBwRXof7Od/Y/8Li8H/bqk9A/XqiiigAooooAKKKKACiiigAooooPPCiiigAooooAp0VcooAp0VcooAp0UV4d8cPip/wAK50T7Dof/ACMGof8AHjXm/XD08HhPrn+y4U5T4/fFQ+FbH/hFfCuof8TDUP8Aj+/6cK+A6vX19fX199uvqo1+d4vGfWz+qcoyj6nhPqoUUUV5p9AaPiz/AJAGkf8AYNf/ANLTXlVeoaj/AMg2x+hrDoA//9L0iiirlegBTrPvtDsb6tyivTweMxeE/wB1PPxmU4TF/wC9HEf8Iof+gj/n8q27HQ7Gxrcor0cZxDm2M/5iT57B8JZThP8AmGCiiivmz7EKKKKAKdFXKKAKdFXKp0AFYPirQ/7c0PUND/6CFj9hreooA/C/xx4VvvCuuahod/8A8w++rzu9Bsm23lfvR4q8K6H440P+w/FWn/2hp9fK/ir9lf4PaHoeoeKtc1DW9Q0/T7H7dVfXAPyivr77bVCiivNA9VN9ZX1j/YZ0/wDs+vY/hz4XP/CxPB95n5RfWH/Lh9g/5fq8T0fOoWVho/Uf6d9jPuRXsHhaysrv4j+Ata0+y+wA63YA2QzixH2+vpAP2EorQorywM+tCiigArPrQooAz6K0KKAM+itCigDPorQooAz6K0Kz6ACiiigAooryz4qfEax+HPhX7d/yENQ1D/jxoKweD+t/7KUPip8VLH4c6H/0EPEGof8AHjY1+bOua5reua5qGua5qH9oahqFGua5rmt32oa5rmof2hqGoVTr89xeM+tn9U8O8O/2QZ9FaFFeafYmfRRRQAUUUUHnn//T9UooooAKK0KKAM+itCigDPorQor0AM+itCigDPorQooAz6KKKAKdFXKKAKdeO/G2+stE+D/i++vOv9iX9kMf9P8AXt1ed/EPwVovxC8MX3gvWDixviCDY9iKAP596K+s/jZ+zXqHwe0qw1uK9Gu6dIcfa1X7GPYAMT/jXy5Z2RY5PWvPA3ubXwv/ANvn8hXeeB/HupaHq/8AaVgP+Jjp5W8+2dz9iGRxTRJ4JbwV9k0fTr2z8Q2N6bz7af8AnwxgdPSvdfBHwj8Y/FrwxYatYeELMJd2v2Qau1/9iXcOMlTwT2ORXqYQrGYM/WOiiisyQooq5QBToq5RQBToq5RQBToq5RQBTooooAKKKKACs+tCigDB1zXLHwroeoa5ff8AIP0+vyh8ceKr7xx4q1DXL7/+Ar6M/ao8b/bdc0/wPY/8w/8A06+/6/6+S6/Ps3xZ/TXA2U/VMJ9aCiiivnD9WCiiigArPrQooAz6KKK9A8s//9T1Wx/48Kv1g6H/AMeOn1vUAFFFFABRRVygCnRRVygCnRVyigCnRVyigCnRRRQAUUV5T8VPipY/Dmx/6CGoah/x42Nelg8H9bA9WrBvr6xsbH7dff8AEv0/T6+SfCv7Teua5ffYdc0+x0//AKfv+XCu98aeGb/41eK7Dwuuv2P/AArLT7Gwvb06Jf8AOuHj/Qhz1+vT64I+kxnDuLwf+1Hz+DzfCYs+Rf2jfH3ij4teGRq2k6edP+G2nXxsbW6+6by/GQbw5H/Hof0+uQPiCv0t/ag1ddT0TUPA/ha02aD8P7Rb29GCflP2KxsrPI/u/bR+dfmEp+2/6COK83CHoE4N27brU/8AHlacn0Hf+dftB+zTaWtp8H9PsbVskYGc/YeL3/ThX40/bTo1p/oXUnrX7Efs7eNtc+Ip8QX+uZ+32P8AoV5ZHiwsBU/UwPpeiitCvNPQM+itCigDPorQooAz6K0KKAM+itCigDPorQrPoAKKKKACqP8A1/Verzj4xX1jofwr8QX1/wD8+P2H/wAD/wDQK889PB4P63i/qp+X3irXL7xV4q1DxVff8xC+rDoor8rP7s+plOirlFAynRVyigCnRVyigCnRRRQeef/V9G8K/wDID0//AK8a5f4weNr74d/DzX/G9lYfb9QsD1PQV1Oh/wDID0//AK8aoeOPCuh+OPCuoeFdc/5B+oUAfO/w8+Inxf1vwT4f+IutvYHTtQ1rT7LP2A/8eP237D9t/wCP0d+PTPfHNei/G34h+K/Bh09fCYsjwx/00Z+7fWNj/wC31UNF/Z28E+GdE0/RLPUb4nT9aGtf9v4GB+leieOPhzY+OP8Aj+1C+0//AEH7D/oP2H/2+/68aAPPPg98UfHfinWzovisWWL6y+2Wd9Zdj/oP/tjfWNeV658bvjB/buoWHgiwscafe39l/pv+gf8AHhffYf8Aj++3f9P1fRHgf4O6H4H1zUNcsdQvdQ1DUP8An+rmdc/Z18K65d6gjX17p/8AaH+nfYrL7Dkfb/sPH/Hj/wBONAGFrXxU8a6H8BL/AOIuo2Flp3i7Tz9hNkObD/j/APsHtXm/wr+KnxivviN4P8K+ONQsdQ0/xhY/bv8AyR+319NX3wr0PXPhzqHw51zUL7UNP1D/AJfv+X//AI/vt1ec/Dn9mXwP8OfFOn+KtD1C+1DUNP8A+f6gD3DXfFWh6H/aH27UP+QfY/br7/P/AG41y2ofFLwTp/8AZ/2/UP7O0/8A0/8A03/rwvvsP/pdXcX2h6He/wDH9p9lqFUf+EV0P/oH2X+f9OoA5Sx+KnhX+w/7c/07+z/+vC+q9rnjjQ7G++w/8xD7dYWP/gf9h/8Ak6t3/hFfCv2H7D/wj9j/AGf/ANeFJ/wivhX7dqF9/Z//ABMNQ/07/wBIf/kGgDcooryv4qfFSx+HOh/bv+YhqH/HjY16WDwf1sCj8YvjFofwr0P/AKCHiDUP+PGxr8r9cvtb+I2uf25rn/Ew/wCv6r2uX2ufEbXP7c1z/iYUX19Y2Nj/ANBDT9Q+3/8AHlf1/RGUcO4TB4T/AGo/PcZjA+3fYP8AQdD/AOQhp/8Ax/fbf+X+u4+FfxGHge++3WP/ACAP+vD/AE/7fXh99fX327/TtQ/4mGn/APL99vq9Y31j/wAf3/kj9vr6H64fN/Uz3n40+JbnwR8KZPhJpNje6gvisrrd7rF91fJ5A9OPsRz/AI18LWP/AE419dabJ4J1fRP+FeeJtRshoGDeWWt/6d/x/kYNePaL8OfE1943/wCFeJ9iF9ni7JzY4+uAP89K/LM4yj6ofZ4PGHF6zaajo9toPiC0Q2u7Js73PJNj3+ucV9sfAHxvolj4q8IWH/CP/wDFQahY/Yft1jf/APLh/wBP1jXyt8V7HSNA8VDwN4f1a91uw0Y7Cc/L9tPB+xgZOOnavu79nPwr/wAXG0/XP+gf4JsP/A+/r4s+jPvCiirlfFnoFOirlFAFOirlU6ACirlFAFOirlFAFOirlU6ACirlU6ACvD/j7/yR3xD/ANuH/pfXuFeN/H//AJI94g/7cP8A0uq8X/up9Nw7/wAjbDn5f0UUV+MH91BRRRQAVn1oUUAZ9FaFFAGfRRRXoHnn/9b0ax+3fYf+QfV77dff9A+tCrlAGL/p/wD0D6vfbb7/AKB9XPt1H26gCn9tvv8AoH037drf/QPrd+3j/Io+3j/IoAwvt2t/9A+l/wCJ5/0D63Pt4/yKPt4/yKAMP/ief9A+qP8AxO/+gfXVfbx/kUfbx/kUAcp9u1z/AKB9L/xO/wDoH11X28f5FUPt1egB498VPiNffDnwrqGuHT/+Jh/y41+bOueKviL4qvv+Eq8V6f8A8JB/z/X17/x4f9v32Gqn7UvxS1vUfjBf2Nif9B0E4Arw4/EO/vQCRjd/x+1+j5R/ZOEPBxn1s9Gvru+F8NFsrC9Gvk2AsbL7B/x//wBa5L7dfX39oa7Y/wDb7/oH/HhWJmx+w/Yv9B/s/wD5/f8ATqp/brK7FjeNptj/AKB/1/f6fX2WMzf62fN/UzZvv+33+z/+XL/QKPt1/wD9xD/l+rlv9B/6cv8AiYf+SFUK8364eh9TO6fxRfCybTw162nD/jxshf8A/Hh+deq6N4nbxrfadY699uHiGxvc/wBtfb//AAOr5j+3H0/4/wCvuP8AY/8AClh43bxBoWuEHT7+xv8A7dj/AI/687+2A+pnwtqN/JqOsXmr/wDP5eH9ST/Wv1Z/ZO/ty98E6j4msNC8xbz7AAe2NPsfsPFfnH8Y7DQtE+KHizSNAsjY2FhrN8tpZnOEstx2jP8AugV+xP7Mtj/Yfwr8P6H/ANOX/pfX56fRHqn/ABVX/QPFXvsPiv8AyP8A69dV9vH+RR9vH+RXm/XD0DlPsPin/pxql9h8V/8ATj+X/wBeu4+3j/Io+3j/ACKkDhvsPir/AJftPsaX7D4r/wCnH8v/AK9dx9vH+RVD7dQBh/YfFP8A040fYfFP/TjW59uo+3UAYf2HxT/040fYfFP/AE41ufbqv/bx/kUAcP8AYfFf/Tj+X/16PsPiv/px/L/69dx9vH+RVD7dVfXAOW+w+K/+nH8v/r0n9ieKv+nGuq+3UfbqkDlvsPiv/px/L/69ecfFTwP8RvHHgfUPCtj9h/4mFe4fbqPt1BWD/wBkPzZ/4ZJ+MP8A0ENE/wDJ/wD+Qav/APDHXxT/AOhg0T/yfr9F/t1H26vA/sjCH2v+t2bf9BJ+e/8Awx343/6GCx/z+NXP+GO/FX/L94wsf/ACvvz7dR9uo+p4QP8AW7Nv+gk+E/8Ahi3XP+hx/wDJD/7vpv8Awxbf/wDQ3/8Akh/93V9+/bx/kUtH1PCB/rdm3/QSfAP/AAxbf/8AQ3/+SH/3dR/wxbf/APQ3/wDkh/8Ad1ff1FH1PCB/rdm3/QSfAP8Awxbf/wDQ3/8Akh/93Uf8MW3/AP0N/wD5If8A3dX39RWbweDIfF2b/wDQSf/X8ysv2ktGvbW9uf8AhEfExsbKy+2i++xrgH7Eb3ls4HTqTjHPSvPf+G5Phd/z4a3+Vn/8m1+4f9h/25ffYb7/AIl9fMvxivr74O2P9uX2n32oeH/+f77f/wAeFeeel9TPgnwZ+1f4W+IF+NC8L6Dreo6i3OMWQ/neiu0Pxh1v7df2P/CAeKP7Q0//AJ8bD7f/AOkN9Xol9+1Rof8AxL/sPh/W9Q/tD/p/rh779sSx+3fYbHw/ff8Agf8A/cNa/wC1klG++MXjixvvsP8Awp/xt/4IK7jQ/FXxU8Vf8ePwv8U/9v32Gw/9Lr6uH/4a2/4nn2G+8P8A9n6hqH/L9/b/APy4Vhn9tK+/6F/+0K6wPZLwfG9rLFl8MdbUepv9C/pfUAfGGxs/tl98MNb+v2/Qv/k6vG779sTxVY332G+8H/8ApfW5/wANpa59u+w33h+x/tD/AK/61/2sD0i9vfjBZH/T/hjrY+t/oX/ydV3/AIvh/wBEv1v/AMD9C/8Ak6uVsf2tvHGuaHp+uaH8P7H/AI8ft3/H/fVyl9+2J45/4/v+EPsf7P8A+v8AqPrhX1M9w0Pwt8U9bvTZah4f/wCEf/6fr2/sf/k6u5/4U78R/wDpxr5k/wCGtviNff8AHj8P7H/yerE/4a28Vf8AQP0Sj65iw+pnkn7UX7CnxHsrXXPij4Zex1BFP229srTJvVB6nH68V+U9jX7Zf8NbeKvsP/Iv2OK/OD48eCf+J7/wm+i2A0/+0R9svbG06WGf5UYU808Krb+3X3277d/aH/Ew/wCf2uIs70qcHrW5X6Hg8YfPifbx/kV0X/CPeIF8K/8ACarp5Gg2F59jN5/0+43fy5rp/hT8LfFXxf8AFP8AYmhafeEn/nyGcfnXdfHvx/f6nN4d+FtnHY2vh3wjk2S2NmqnF6QzEsT/AKX7MRz09a8/GYw7/qZ8w1+sH7HPw6+KJ+Ft/wCKfDNloo0zX77k3t/9hP8AoHt9iva/J3/Qq/VDwP448cfDnwP4f8K+FdQ/5cbD/Qf+v/8A0/8A9vq+cxmMPTwp8QfGe6H/AAu3xCuvAZttYb7Z9j78/wCm7ffIxX6Xfs2aH8ZL7wa2iWun2q3nh+8WyF7qOoXti1/Y4H2IWJFjejGc4OOmOK/IzX/Fk/iHVdav9db7dfa1e/arq8ycnLFjgfU17L8H/wBpbxz8ONPHhfT9Q+w6cf0o+uEn7B/2J8f/APoH+F//AAf3/wD8g03+zvjf9rz/AGL4b3f9hq9x+f8AY1fLWh/G7xVrXhf7ZZ/EDGoaf/x5Xv8Ab/8AZ/8A6X1dvvjF8ftcsf8AkcNb/s/T/wDQft1cX+1nq/7IfVP9h/GLGof8S/wt/wCB99/8o6w/sPxj/wCX7T9E/wDA+/8A/lHXxZrnxU+P2t2P2H/hYGt/+B99XD2N98VL6x/07xBreof9v99UfXDI/Rn+w/ip/wBSt/4P7/8A+Qau/wBh/FT/AKgmof8Ab/f/APyDX50X1j8RrH/Qf+Egvv8An+/5f/sFJff8LGvv+Zgvv7Q/7f6kD9GLHwr8Rvt3+nfYf7P/AOf3/Tv/AJBruLH4c+Kr7/Tv7Q/8kK/L2+sfiLY/2fY32oX3/Ewr374AfB3xx4q1z/hKtc8Qa3p+n6fff8//ANg+31X1wD7E/wCFH/Eb7D/yMH/IQ/5fvsH/AN3VuWPwB8cf8S/7d4wsf/AD/wC7q9w8K/YdDsf9BruLG/rzPrhX1M+c/wDhmXxz/wAuPjCx/wDAD/7urlf+GZfjFY2P/I4WOof9wD/7ur7usb+r/wBvH+RR9cD6mfnPrnwd1w659hsPGFlp/wD1/f8A8dWAnwv8bWo3a38T/C4+osR/PXK/Qzxx4H8D/Eax+w+KtP8A7Qr8d/jF+yvrnwd1v7DoWn2OoeH/APlxvv8A5Oo+uB9TPfr7wr/Yd9/xPPiBon9n/wDTj9g/+Tqo58K2P+g658QLL+0P+X6vh+++HPiqxOoWNj/xMNP0+ix+Dv8AxPPsN99h/s//AJ/v82NeiSfd/wDwlXwP+3f8jh/5P2P/AMg1d+3fA/8A6KBY6f8A9v8AY1+bVj8Odc+3fb77T/7P/wC3+tv/AIQfXL6+0/8A4l//AJP2NB559+f8JV8Af+igf5/8AaLHxV8Ab6++w2PxA/6fv8/6DXwj/wAIPrn/AED/APp+rD/4QfxVY32n/wDEvvtQ/wCP+gD9JrG++B//AEUCx/z/ANuNbn/Fq7Gx+3X3jCx0/T/+v/7f/wCkNfmX/wAIrffbv+Qfff2hR/Yf+g/8g++r0vqYH6Tf258D76++w/8ACwLH/iYf5/58axP+FqfA+xvv+Rg/tD/wOr85v7D1z/l+8P33/gBW5Y6Hff8AHjY+H77T6PqYH6M/8LV+AH/Ll4wsf/J+j/hanwR/6HCx/wDJ+vzKvfCWual/xLf7Pvv9B4/48L/vVD/hWmuf9A++/wDAC/pPB6ieMP/Q/V/7eP8AIpPsNjfWP2G+/wCQfqFec2N9Y11djfV8+fSH5efH74A+Ffhzrn/Ej0//AIp/xBXh994U8K/8v2n1+vXxi8K/8Jx8OdQsT/yENP8A9Nsa/KH7Df8ArX0WFPPxZif2Hof/AED6S+0PQ77/AJh//IQ/5fq0KT7AP8mpPLE+w2P2H7D/AGfY1RvtD0O+/wCYfY1e/wBNq9fWP2GgA0O+/wCEV/5Af/Evqj9h0Oxvvt1jp9H/AC+1e+w3/rQByuua54q8K/8AID0+x/s/T/8ATf8Al+/9sbGvAf8AheHgf7d9u/s/RP7Q/wC37/5Br62/4RXXL7/jx0+r/wDwivir/oH31AHxhrPxe0WS12aF/wAIqG/2rG9vR+ZsQK8r8T/HvxV/wjA8JWY0T+z/APpysQv6mv0w/wCEI8c/9A++/wDBf/8AXqj/AMK68c/9C/e/+C+gD8P66LTtP1e/uzZ2dl9vYdsZz+Nftb/wrfxz/wBA++/z+NH/AAqrxx/0D76gD8wdF1j4+eFNC/sTQrLWrDT/AEGnn+orLX4Q/ELxhqn2u/zZ3d8efttjfqT+K2RH5V+r/wDwqv4jf9A+tD/hTvxH/wCgf/6QUAfl7bfsx/EO1uBc/aNOXHQhpDj8DaEfpX2PqeufGq/ax+1ajZfb/wDjyF7fX1hf/wDHh/3BD/M17z/wp34i/wDQPq9/wo/xx6UAfAGr/s4eIvGV5/a/inUrPT7snJSxsbHax9xZfYhn8KsWf7Nei2Nsba6NnfHOQfsF9kfiL0V+g3/CgfFP/TjV3/hnLxV/0ELGgD4g8L/BHRPC1/uP2H8Ptw/9vq99/wCXH7DY/wDIPr3H/hnLxV/0ELGrv/DOWuf8v2oWNAHgX26+vqWvor/hnO+/5fvEH/khR/wzn/1MH/khVfXCvqZ86WN9Sfbr6voz/hnP/qYP/JCr3/DOf/UwUfXA+pnznY/6dffYb6vqjQ/FVjY2NeA/Eb4c2Pge+0+xsdQ/tCuIsb6+sb6pO4+7bHxVXcWOuV+c99441yx4ruND+Kl9XnnqH6FWOu31dVY65/y4mvknQ/FVejWPin/TvsNeeB9GWOuf8/1UfFWh2PjjQ9Q0PXP+QfqFedfbrD0rt7HXKAPyv8caHrnhXxVqGh33/MPrif8AT/8AoIV+mXxU+HPgfxVrn9ua5p//ABMNQryv/hR/w5vv+YfX0X1w836mfEHH/H9Sfbq+0v8AhR/w6/6B/wDn8qP+FO/Dn/jx/s+j64H1M+H777DV6vtL/hR/w6/6B/8An8qP+FO/Dr/oH0fXA+pnw/8AYbGj/Qq+4P8AhTvw3/6B/wD6X0f8Ke+HP/H9/Z//AJP0fXA+pnw/fWNjfUfYbGxr7g/4VX8Of+gf/wCT9Xv+FV/Dn/oH0fXA+pnwjY1pV9uf8K5+HNlx/Z9H/CEfDn/oH1Dxgng9T//R+07G+ruPt4/yK8AsbHxV9h/5B9dxY/8ACVWN/wD8g+x/8D6+fPpD3+xvq+Vr7Q/Cv277D/wj9j/4AV7F9u1z7D/oNbljfWNjY/6d/wAhCgDwH/hFfCt9/wAy/Y/+AFXv7D0T/oAWNew32uH/AJcfsNO+36H/ANONAHlX2Gx/5cdPo+3fYa9U+3aHff8AH9/xL6o/27Y/9ONAHD/btc/5cdPvtQosdd1y+/0Gurvv7Dq99usPSgDlPt19/wAv1F9f31dxfX1jVL+3NDvv9OoA5Sx+3f8AL9R/p3/LjW5fX1j/AMuNF9rv/PhQByv26+/6B9L/AKd9urc+3WHpSf23Y+v+fyoAo/6bVH/ief8AL9qFj/4AVuf27Y/8eNUf+ErsaAD/AE6y/wCP+j/Tr++o/tz/AE77dR/wldAF77Df+tFjY31Uf+Eq/wBOo/t2xoAvf2Jfen+fzo/sPXP+XHUL6qP9uUf259u/5h9AF7+w77/l+1C+q9/Yd9fWP/L9VH/hKr6xo/4Sv/nxoAvf8Irff9BCj/hFfsNj9uvtQ/5B9H9u31Uft1/6UAfnP8VPjh8OfFXjj/QNQ/5B/wDoP+nf6BRY32h33/HjqFfoVfX19fWP2G+/5B9cPffDn4c3199uvvB+iah/24WNegB8W31jY31jXD/6BfX326x/5h9ffn/Cq/hzj7D/AMIfY1yt78AfhXff8w++0/8A7f76vPPQPnPQ9cvq9i8K+OK6qx+APw5sf+f7/wAD63f+FO+B/wDoH33/AIH0AXbHxVXqmh659u/4/q4ix+HPhXQ777dY6f8A+B3+n1t2Oh2NjffbrHT6APVL77D4q/s+x/tD/iYViX3hWxrlP9B0O++3WOn2P9oVe/4SvXPT/P5UHnm59h+w/wDMPqj9h/6h9Fjrt9S/bx/kUAUvsP8Ay/1csbDP+nVR+3Ufbr/0oAvfYf8ATqp/6f8A9A+k/twVR+3j/IoA3PsA/wAmk+w2NUf7bvvX/P5Ufbr7/oH0ALfX1jZHFZ/9vWFP1tjrRB1qw+3EVzv9haB/0L1AH//S9+/4aL+B/wD0OFjVH/hpr4Af9DhX4ZfYtDpP+JFXnfUz0vrh+53/AA018D/+hwpf+GjPgf8A9B+vwx+xaHV3/iR0fUw+uH7gf8L++B//AEH6o337RnwBsf8AmcK/D/8A4kVH/Eio+ph9cP3Asf2mvgf/ANDBWL/w1t8Af+hg/wDJCvxa+26HSf8AEio+ph9cP2J/4bS+AP8A0EL7/wAAKo/8NwfA7/p+r8krH/hFbGj/AIkdH1MPrh+tn/DcHwPvr77D/p1Yn/DaXw5sb7ULC+0//kH3tflBfX2h2NjXEWP+nf6dR9TD64fsP/w3d8K/sP8AyD6P+G4Phz9h/wCQfX5DfYbD1pP9Ao+ph9cP1f8A+G7/AIc/9C/fVR/4bv8ACv8A0J//AJP1+V1H26j6mH1w/VH/AIbf0P8A6F//AMqH/wBaqP8Aw2/of/Qv1+Xn26j/AECvRJP0m/4bu/58fB9Ub79u6+/6F+yr85/9Aq9ffYaAPu7/AIb81z7D/wAifY/2hVL/AIb88c/9CfY18IVfsb6g88+4f+G+/iN/0J+iVQ/4bu+OH/Ljp+iaf/24V8dfbqPt1AH1T/w3b8ff+gfY/wDgvpLH9uD9oz7d/p32H+z/APrwr5X+3Ve/tygD641r9t/4pWOuH/hFdPsv+Jh/x+Vhf8N3/tGf9QT/AMAK+OrG++3a5qFbn+gUHoH0YP27v2mr7/mIWP8A4AVS/wCG3/2mv+ghY/8AgBXgFU6Dzz6L/wCG3/2mv+ghY/8AgBVL/ht/9pn/AKCH/khXgNN+w2NAHv3/AA2l+01/0H//ACQsav8A/Db/AO01/wBBCx/8AK+cv9Cq9/oFAHuF9+2j+01/0MH9n0v/AA2J+0xfXn/I4c/9eFeHf6DY0UAe/f8ADb/7TX/QwWX/AIAVRvv20f2mv+hg/wDJCvD6Pt1AHuNj+2J+01/0MH/khXU337Yvx+sf7PvrHxB/Z/8AaFjXzL9u/wCofR9uoA9+/wCGxP2jL7/mcKL79rb9ozp/wmF9XiFjffYaofbqAPf/APhrb9pr/ooF7XKX37Rv7TX/AEUC+rzn+3b6xo/t2+oA9i/4ab/aY/sX/koF99up3/DTX7Rf/RQL6vDft1/6Uf6fQB7h/wANM/tF2fH/AAmF7R/w1T+0Z/0OF7Xh/wBuv/Sj7df+lAH/0/K/+Hev/VQP/JD/AO7qP+Hev/VQP/JD/wC7q/Siiv4U/wCIicQf9BIH5r/8O9f+qgf+SH/3dR/w71/6qB/5If8A3dX6UUUf8RE4g/6CQPzX/wCHev8A1UD/AMkP/u6r/wDw70H/AEUD/wAkP/u6v0Zoo/4iJxB/0Egfmv8A8O9f+qgf+SH/AN3Uf8O9f+qgf+SH/wB3V+lFFH/EROIP+gkD81/+Hev/AFUD/wAkP/u6j/h3r/1UD/yQ/wDu6v0ooo/4iJxB/wBBIH5r/wDDvX/qoH/kh/8Ad1UbH/gnN9h/5qB/5If/AHdX6bUUf8RE4g/6CQPzX/4d6/8AVQP/ACQ/+7qP+Hev/VQP/JD/AO7q/Siij/iInEH/AEEgfmv/AMO9f+qgf+SH/wB3Uf8ADvX/AKqB/wCSH/3dX6UUUf8AEROIP+gkD81/+Hev/VQP/JD/AO7qP+Hev/VQP/JD/wC7q/Siij/iInEH/QSB+a//AA71/wCqgf8Akh/93Uf8O9f+qgf+SH/3dX6UUUf8RE4g/wCgkD81/wDh3r/1UD/yQ/8Au6j/AId6/wDVQP8AyQ/+7q/Siij/AIiJxB/0Egfmv/w71/6qB/5If/d1H/DvX/qoH/kh/wDd1fpRRR/xETiD/oJA/Nf/AId6/wDVQP8AyQ/+7qP+Hev/AFUD/wAkP/u6v0ooo/4iJxB/0EgfmVY/8E5/sV99u/4WB/5If/d1bn/DvQf9FA/8kP8A7ur9GaKP+IicQf8AQSB+c3/DAdj/ANFA/wDJD/7uo/4YDsf+igf+SH/3dX6M0Uf8RE4g/wCgkD89P+GA7D/ocP8AyQ/+7qof8MB/9VA/8kP/ALur9GqKP+IicQf9BIH5zf8ADvQf9FA/8kP/ALupP+GA/wDqoH/kh/8Ad1fo1RR/xETiD/oJA/PP/hgOx+w/8jhff+AFUv8Ah3rY/wDRQP8AyQ/+7q/Rmij/AIiJxB/0Egfnp/wwHYf9Dj/5T/8A69Xv+GA/Cv8A0OF9/wCAFfftFH/EROIP+gkD88779gPwr9g/0Hxhff2h/wBeFUbH/gnrY2P/ADUC+/8AACv0aoo/4iJxB/0EgfAN9+wJ4V/5cfGF9p9UbH9gPQ/+X/xhff8AgBX6GUUf8RE4g/6CQPgGx/YD8K/8v3jC+rq9c/Yf+HN9Y6f9h1C90/8A68a+06K83/iIfEX/AEEgfB//AAwH4G/6GC+rqtc/Yt+HOuWP+g/8U/8A9eNfY1Fel/xETiD/AKCQPh7/AIYQ+HP/AEMF9R/wwh8Of+hgvq+4aKh+InEP/QSB/9T7Uooor/LsAq5Y2N9fX32GxqnX0J4LFh8P/BJ8ZX+De6iMWoPoe1fS8O5T9bxYGjaeCfh54VsLCx8Z4/tDUOmfWvLPiJ4KvPBd2HQ5049DWLrninXNavftl5qHAr174eeOB4oB8F+Kv9PN8Dz7V+ifXMpzf/hLwoHzzRW1rmh/2JrmoaKv/MPrFr8YxeD+qAFFFFSAV2fgzwx/wmertpH282O0E4HXj0rjK9f+D4vbTWtQvLPkfYv5V9Lw9g8JjMXhsLigO/vfgXp32CztLS+KXsf8R6HHXFVf+FDj/oON+VaP/Cw/in/0J5/M0f8ACw/in/0J5/M1/RX1PhP/AKBgMzUPgTHd6h9qsdR+w2WM7R1qaw+CFjZDN9f/AG+rv/Cw/in/ANCefzNH/Cw/in/0J5/M0fU+E/8AoGA8c8bfDz/hCfsH+nm/+3nHNee17r8Xby+vdI8LahfWf2K/Y33y/wB04H8+teFV+DcXYPCYPN/quFAKKKK+JAK2dE0W81m9Nnop+3346msavsv4X+FLPwvoovMf6bqHJ/oK/RuEuHf7Xxf1UDl9F+CNmBu8UX39omu2/wCFPeAP+gaPzr0uiv7NwfCWU4T/AJhgPmzxL8FWY/a/DF72z9jvOVP4189X1jfWN99hvq/RivC/jd4W+3aIfE1iMX+nDI+lfjPHPh3hPqn1rKwPk+iiiv5SAKKKKACiiu08L+CrvxRZa9e2RwbE4HucZ/pXq4PB4vF/7LhQOLor0Nvh0Lyw082eoYv7/wD5cq5a+0Ox+w6hfWOof2h/Z999ioxeUYvCAYtFd83g6HTdG/tiSS8vmOOLKxAPNj9tH68fWqPiHw4nh64S3ja7dXGQbqx+xKfoe9ehi8oxeEA4+iiivmgCiiigAr6d8GfBe0W1W58TITu/5dP4R9TXhXgj/kePD/23r9tr78r+i/Dvh7CYv/asUB5JrXwg8G3tpstY/sA9V6frXy54p0W98L62NFvDkHkGvv6vm348/Zf+JFeP2c4+lfZ+InCOE+qfWsKB820UUV/IIBRRRQB//9X7Uooor/LsAr6B+J6Y+H/hW0/vEfooryTwzo6+JdZsdHtThb0Ek+gHWvVfjFfWP/Ev8K2P/MPr9Hyj/kU4nFAeCV2/gj/keNP/AOv6uUrc0O+/sPXNPvv+gfXx+U/72B0/xe/5HS++grzCvePi9otlfmw8aWV//oV91/8ArV4PX0HFuD/4VsQAUUUV8QAV6t8KLpLXV9evLTpp+kXZH1VwR/KvKa9W+FNylvq+vXlp0GkXbD6q4I/lX2/CP/I2wwHY6F8U/FN7Y69e3v2If2dY/bRTLH4n+Jr3wxr2vj7FnTfsOOTj5jk1J4W+IXibUbHXmvxn+zrLI+vrSWHxC8T33hbX7/A/tDTvsP68n86/ZcJm/wD1EgP/AOFp+Kf+EV/t3/Qf7Q+3fYqjv/id4nsvCun66RZf8TD7d3P8JyKpf8LD8a/8IR/aG0f2h9tx+HpRffEHxnZeFvD9+VB1DUft3b06flXn/wBr/wDUSBn/ABQ1G513wz4S1e64a9+3ZHpkcV4tXtfxSu73WfC/hK/vf+P9zfn8cY/kBXilflPF3/I2AKKKK+JA2vCtj9u1zT7G+/5iF9X2b8QdR1rRtEa80T768GviSxv/ALDffbrH/mH19xyajq+uaNY6v4XFoPtgDf6WG6H02/TpX9FeHX+6YnCgcXZ+JI9F8KXutWOv/wBvBOn2zjHtxVC+tfHGj+HG8QvrbG+C7vshA2H269fwrQj+H13qEevNrX2MX2oj/lzBB/Hdz+dLf+E/GWsaMfDl9fWX2EjGQCTgdq/R/qebAUdc8TXD3+nm+vrvQbG9s89Bw3r9a7K9OfAGof8AEw+3f6De/wCmevB/z+FO1rSfE/lDS9EFkdPI5+1gt+grB1e3g8I/C/ULS4Odtm6n63ZKkfma9D/a8J9Z+tAfHVFFFfw8AUUUUAYV9fX3277DY1698PdYu5F1HT9GFiQRYXn4G+/0GvEv7D+w32oa5/1/1s/Dy7vPDGt6heuAf7QshZf6F/oHI6V+9fU8p/3rC4g/PsHjMX9b/wBqPcRd+KNCu/7ZvvsVhffbb+9+xd6wLOyOipr+iXJs20+wvhzefbf+P/8A7cqra54qsdcsf9O0/wD4mH+n/wDk/V288U6JeC/X+z73/T737bxf18b9bwn/AEEH6CXPFFprP9kNHrn2LOnXgsz+NjZf4Vg+MN/9rJ5n2T+0vtv+n/ZPtu7Pv9s4z9OKvp40CjXEvNPzf64PsIzk2Pp/x5nmsLxJqyeJLpblVvFVRgC7vvtyj6DtSzfFYT/mGA5yiiivzgAooooAuf8AHj/p1fXvhj4paTrdqLXWW/s++6FT/MV81fDzRf8AhJ/E9jaXwzp4BOK+ytb8K+HdcH/E4slk9z/9av6L8O8Hm3+9YUCvrPjfw1oVmb2/vlCdsda+PvG3ii98T6yLtBgDgV9Z2Hw88F2J+12enqDXlPxs8NWRtLLxLafeXFn+Bzj+VfZcc4PNsXlP+1AfNtFFFfyEAUUUUAf/1vtSiiiv8uwNnRdZvdG1qw1q0XIseCK988LfGD+2tY0/T9asLOw+3++T+tfNVFfbZRxDi8o/3UD7N8TeIPGuk6wLTTdBGo6cehFReKPGv/CLaFZXN9ZWo1C+/wCXTPJz6V88WfxQ8Z2dkLOzvgSOhIrmNb1u91m9W91u/wDt4FfqmL8RP+gUDqvG/wARr7xvp/2D+z/7P0+vO6KK/CsXi8Xi/wDasUAUUUV5QBXq/wAKLhILrXryz/h0i7YfVXBH8q8orY0XWdZ8M3Zu9HvhYqeoIyDX0uU4z6ni/rQHsfhb4ieKdQsdfa/XP9nWWRSaf8Q/E974W8QX4GNQ0/7B+vJrkv8Ahbnj7/n8X8hR/wALc8ff8/i/kK/RP9bcJ/0E1gOs/wCFh+Nf+EI/tDaP7Q+24/D0ovfiB4zHhfw/fqoGoaj9u7enT8q5P/hbnj7/AJ/F/IUf8Lc8ff8AP4v5Cn/rFhP+gisBvfFK8vrzwv4Sv73/AJCDfbz+OMf4V4pXTaz4n1jxMNus3wvhp/pxXM1+dcRYv65i/rQBRRRXzQBXtfwv+IX/AAjA/sPWuLIdD6GvFKK9TKc2xeUYv61hQP0as7u1vk+02x3A8Zq1X56aH4p1rRAV0S/+wCu0/wCFuePv+fxfyFf1Vg/FvCf8xWGA+wbu/sNHsjeXpFonevkD4h/ERfGt8bHTxjT7A5P1rir7XNc1w/8AE81D7fWLX5Vxbxzi83/2XDAFFFFfiwBRRRQAUUUUAFFFFABRRRQAUUUUAFFFFAH0T8BLEfbdRvvWvpuvgHRvE+seGRt0a+FiNQ9ea6f/AIW54+/5/F/IV/TfCXHOEyjKfquKA+164D4oWn27wVqEXooNfM//AAtzx9/z+L+Qqne/FDxreWIsby+A+38DA6Cvo828T8pxeE+qgefUUUV/IIBRRRQB/9f7Uooor/LsAor0Ky+IXjTRLP7HZXwNjp4xnHOPSrf/AAtzx9/z+L+Qr6b6plX/AEEgeZUV6b/wtzx9/wA/i/kKP+FuePv+fxfyFH1TKv8AoJA8yor03/hbnj7/AJ/F/IV59fX19rl99uvv+QhqFebi/qn/ADCgU6KKK8sAooooAKKKKACiiigAooooAKKKKACiiigAooooAKKKKACiiigAooooAKKKKACiiigAooooAKKKKACiiigAooooAKKKKACiiigAooooA//Q+1KKKK/y7AKKKKACiiigAooooAKKKKACiiigAooooAKKKKACiiigAooooAKKKKACiiigAooooAKKKKACiiigAooooAKKKKACiiigAooooAKKKKACiiigAooooAKKKKACiiigD//R+1KKKK/y7AKKKKACiiigAooooAKKKKACiiigAooooAKKKKACiiigAooooAKKKKACiiigAooooAKKKKACiiigAooooAKKKKACiiigAooooAKKKKACiiigAooooAKKKKACiiigD//Z','','9117673',NULL,NULL,NULL,NULL,1,1632420698908,1632420798759,'MOBILE'),(25,185,'Pedro Lima','','','916587333',NULL,NULL,NULL,NULL,1,1632478402228,NULL,'MOBILE'),(26,212,'jose','','','987654323456',NULL,NULL,NULL,NULL,1,1632496947020,1635273785250,'MOBILE'),(27,181,'casa','','','45454','casa','','','87',1,1632741462111,NULL,'WEB'),(28,228,'Alberto dos Santos','base64','Achadinha, Praia','2389111213','','','','',1,1632745342455,NULL,'WEB'),(29,228,'Alberto dos Santos','base64','Achadinha, Praia','2389111213','','','','',1,1632745405883,NULL,'WEB'),(30,228,'Alberto dos Santos','base64','Achadinha, Praia','2389111213','','','','',1,1632745445143,NULL,'WEB'),(31,228,'Alberto dos Santos','base64','Achadinha, Praia','2389111213','','','','',1,1632745492791,NULL,'WEB'),(32,228,'Alberto dos Santos','base64','Achadinha, Praia','2389111213',NULL,NULL,NULL,NULL,1,1632745674003,NULL,'WEB'),(33,228,'Alberto dos Santos','base64','Achadinha, Praia','2389111213',NULL,NULL,NULL,NULL,1,1632745721040,NULL,'WEB'),(34,249,'casa','','','14','casa','','','555',1,1632747301472,NULL,'WEB'),(35,263,'csa','','','44','sa','','','4',1,1659441423771,NULL,'WEB'),(36,212,'null','','','null',NULL,NULL,NULL,NULL,1,1659632390851,NULL,'MOBILE'),(37,212,'kapa','','','9117673',NULL,NULL,NULL,NULL,1,1659798056908,NULL,'MOBILE'),(38,212,'null','','','null',NULL,NULL,NULL,NULL,1,1660305846333,NULL,'MOBILE'),(39,212,'null','','','null',NULL,NULL,NULL,NULL,1,1660305887153,NULL,'MOBILE'),(40,185,'null','','','null',NULL,NULL,NULL,NULL,1,1660733561746,NULL,'MOBILE'),(41,185,'null','','','null',NULL,NULL,NULL,NULL,1,1660733601424,NULL,'MOBILE'),(42,185,'null','','','null',NULL,NULL,NULL,NULL,1,1660733706801,NULL,'MOBILE'),(43,185,'null','','','null',NULL,NULL,NULL,NULL,1,1660754225173,NULL,'MOBILE');
/*!40000 ALTER TABLE `emergency_contact` ENABLE KEYS */;
UNLOCK TABLES;

--
-- Table structure for table `entity`
--

DROP TABLE IF EXISTS `entity`;
/*!40101 SET @saved_cs_client     = @@character_set_client */;
/*!40101 SET character_set_client = utf8 */;
CREATE TABLE `entity` (
  `id` int(11) NOT NULL AUTO_INCREMENT,
  `name` varchar(50) DEFAULT NULL,
  `comercial_name` varchar(45) DEFAULT NULL,
  `conservatory` varchar(45) DEFAULT NULL,
  `comercial_register_number` bigint(20) DEFAULT NULL,
  `contact_id` int(11) DEFAULT NULL,
  `address_id` int(11) DEFAULT NULL,
  `entity_id` int(11) DEFAULT NULL,
  `type` int(11) DEFAULT '0',
  `nif` varchar(15) DEFAULT NULL,
  `share_capital` varchar(45) DEFAULT NULL,
  `created_at` bigint(20) DEFAULT NULL,
  `updated_at` bigint(20) DEFAULT NULL,
  `status` int(11) DEFAULT '1',
  PRIMARY KEY (`id`) USING BTREE,
  UNIQUE KEY `id_UNIQUE` (`id`) USING BTREE,
  KEY `fk_entity_address1_idx` (`address_id`) USING BTREE,
  KEY `fk_entity_entity1_idx` (`entity_id`) USING BTREE,
  KEY `contact_idx` (`contact_id`) USING BTREE,
  CONSTRAINT `contact` FOREIGN KEY (`contact_id`) REFERENCES `contact` (`id`) ON DELETE CASCADE ON UPDATE CASCADE,
  CONSTRAINT `fk_entity_address1` FOREIGN KEY (`address_id`) REFERENCES `address` (`id`) ON DELETE CASCADE ON UPDATE CASCADE,
  CONSTRAINT `fk_entity_entity1` FOREIGN KEY (`entity_id`) REFERENCES `entity` (`id`) ON DELETE CASCADE ON UPDATE CASCADE
) ENGINE=InnoDB AUTO_INCREMENT=70 DEFAULT CHARSET=utf8 ROW_FORMAT=COMPACT;
/*!40101 SET character_set_client = @saved_cs_client */;

--
-- Dumping data for table `entity`
--

LOCK TABLES `entity` WRITE;
/*!40000 ALTER TABLE `entity` DISABLE KEYS */;
INSERT INTO `entity` VALUES (1,'Bclose','Bclose',NULL,NULL,1,1,NULL,NULL,NULL,NULL,1630409287113,1630919676376,1),(46,'Bonako Lda.','Bonako ','',NULL,103,100,1,0,'123412434','10000',NULL,1632229053152,1),(47,'S4i Bclose ','Bclose Bhealth','Oeiras',11202182,125,122,1,0,'511286253','20000',NULL,1632743299438,1),(48,'Montepio Portugal','Montepio Portugal','lisboa',28172172,108,105,1,1,'511285809','',NULL,NULL,1),(49,'Cuidador',NULL,NULL,NULL,NULL,NULL,NULL,0,NULL,NULL,1632234627683,NULL,1),(50,'Lar Teixeira ','Lar Teixeira ','',NULL,111,108,1,1,'503361054','',NULL,NULL,1),(51,'Cuidador',NULL,NULL,NULL,NULL,NULL,NULL,0,NULL,NULL,1632240892801,NULL,1),(52,'My Teste','','',NULL,117,114,1,0,'210477130','',NULL,1632250246818,1),(53,'okokokok','','',NULL,120,117,52,1,'210477130','',NULL,1632249857280,1),(54,'Cuidador',NULL,NULL,NULL,NULL,NULL,NULL,0,NULL,NULL,1632312250003,NULL,1),(55,'Cuidador',NULL,NULL,NULL,NULL,NULL,NULL,0,NULL,NULL,1632330072935,NULL,1),(56,'Muska medical','Muska medical comercial ','',NULL,NULL,NULL,1,0,'098765432','',NULL,NULL,1),(57,'Cuidador',NULL,NULL,NULL,NULL,NULL,NULL,0,NULL,NULL,1632405021787,NULL,1),(58,'Cuidador',NULL,NULL,NULL,NULL,NULL,NULL,0,NULL,NULL,1632405182365,NULL,1),(59,'Cuidador',NULL,NULL,NULL,NULL,NULL,NULL,0,NULL,NULL,1632411884190,NULL,1),(60,'Cuidador',NULL,NULL,NULL,NULL,NULL,NULL,0,NULL,NULL,1632413541212,NULL,1),(61,'Sucursal Cabo Verde','Sucursal Cabo Verde','',NULL,137,136,1,1,'123456789','',NULL,NULL,1),(62,'PLima Saúde ','PLima Saúde','2763276',NULL,NULL,NULL,1,0,'427273272','wjehw',NULL,NULL,1),(63,'Bclose Canada','Bclose Canada','',NULL,143,142,1,1,'503361054','',NULL,NULL,1),(64,'Cuidador',NULL,NULL,NULL,NULL,NULL,NULL,0,NULL,NULL,1632590600105,NULL,1),(65,'casa','','',NULL,NULL,NULL,1,0,'544545454','',NULL,NULL,1),(66,'sdsdsd','','',NULL,NULL,NULL,1,0,'210477130','',NULL,NULL,1),(67,'Teste','','',NULL,NULL,NULL,1,0,'545444444','',NULL,NULL,1),(68,'okok','','',NULL,NULL,NULL,1,0,'210477130','',NULL,NULL,1),(69,'Luxtejo Residência Sénior','Luxtejo','',NULL,171,170,47,0,'123456789','25750',NULL,1632749943628,1);
/*!40000 ALTER TABLE `entity` ENABLE KEYS */;
UNLOCK TABLES;

--
-- Table structure for table `entity_has_device`
--

DROP TABLE IF EXISTS `entity_has_device`;
/*!40101 SET @saved_cs_client     = @@character_set_client */;
/*!40101 SET character_set_client = utf8 */;
CREATE TABLE `entity_has_device` (
  `id` int(11) NOT NULL AUTO_INCREMENT,
  `entity_id` int(11) NOT NULL,
  `device_id` int(11) NOT NULL,
  `status` int(11) DEFAULT '1',
  PRIMARY KEY (`id`) USING BTREE,
  KEY `fk_entity_has_device_device1_idx` (`device_id`) USING BTREE,
  KEY `fk_entity_has_device_entity1_idx` (`entity_id`) USING BTREE,
  CONSTRAINT `fk_entity_has_device_device1` FOREIGN KEY (`device_id`) REFERENCES `device` (`id`),
  CONSTRAINT `fk_entity_has_device_entity1` FOREIGN KEY (`entity_id`) REFERENCES `entity` (`id`)
) ENGINE=InnoDB DEFAULT CHARSET=utf8 ROW_FORMAT=COMPACT;
/*!40101 SET character_set_client = @saved_cs_client */;

--
-- Dumping data for table `entity_has_device`
--

LOCK TABLES `entity_has_device` WRITE;
/*!40000 ALTER TABLE `entity_has_device` DISABLE KEYS */;
/*!40000 ALTER TABLE `entity_has_device` ENABLE KEYS */;
UNLOCK TABLES;

--
-- Table structure for table `file_access`
--

DROP TABLE IF EXISTS `file_access`;
/*!40101 SET @saved_cs_client     = @@character_set_client */;
/*!40101 SET character_set_client = utf8 */;
CREATE TABLE `file_access` (
  `id` int(11) NOT NULL AUTO_INCREMENT,
  `file_id` int(11) NOT NULL,
  `user_id` int(11) DEFAULT NULL,
  `patient_id` int(10) unsigned DEFAULT NULL,
  `status` int(11) DEFAULT '1',
  `updated_at` bigint(20) DEFAULT NULL,
  `created_at` bigint(20) DEFAULT NULL,
  PRIMARY KEY (`id`),
  UNIQUE KEY `file_permission_id_IDX` (`id`) USING BTREE,
  KEY `file_access_patient_id_foreign_idx` (`patient_id`),
  CONSTRAINT `file_access_patient_id_foreign_idx` FOREIGN KEY (`patient_id`) REFERENCES `patient` (`id`)
) ENGINE=InnoDB DEFAULT CHARSET=utf8;
/*!40101 SET character_set_client = @saved_cs_client */;

--
-- Dumping data for table `file_access`
--

LOCK TABLES `file_access` WRITE;
/*!40000 ALTER TABLE `file_access` DISABLE KEYS */;
/*!40000 ALTER TABLE `file_access` ENABLE KEYS */;
UNLOCK TABLES;

--
-- Table structure for table `files`
--

DROP TABLE IF EXISTS `files`;
/*!40101 SET @saved_cs_client     = @@character_set_client */;
/*!40101 SET character_set_client = utf8 */;
CREATE TABLE `files` (
  `id` int(11) NOT NULL AUTO_INCREMENT,
  `user_id` int(11) DEFAULT NULL,
  `path` text,
  `name` varchar(45) DEFAULT NULL,
  `status` int(11) DEFAULT '1',
  `type` varchar(45) NOT NULL,
  `created_at` bigint(20) DEFAULT NULL,
  `updated_at` bigint(20) DEFAULT NULL,
  PRIMARY KEY (`id`) USING BTREE,
  KEY `user_idx` (`user_id`) USING BTREE,
  CONSTRAINT `user` FOREIGN KEY (`user_id`) REFERENCES `user` (`id`)
) ENGINE=InnoDB AUTO_INCREMENT=49 DEFAULT CHARSET=utf8 ROW_FORMAT=COMPACT;
/*!40101 SET character_set_client = @saved_cs_client */;

--
-- Dumping data for table `files`
--

LOCK TABLES `files` WRITE;
/*!40000 ALTER TABLE `files` DISABLE KEYS */;
INSERT INTO `files` VALUES (37,185,'1632319025786_e708b923-c245-48a2-8ec8-280c78525aef7776527644719953557.jpg','Raia',1,'Pessoal',1632319028173,NULL),(38,185,'1632420581174_c385f3b3-adf5-49c4-ab9c-820da29d529c9017553274897935320.jpg','Ggh',1,'Família',1632420583038,NULL),(39,185,'1632477806000_c0eab811-02f1-4d95-94a4-d146d49433b42654951641415280535.jpg','Exame Xpro',1,'Análise medicas',1632477806394,NULL),(40,212,'1632497190880_IMG_20210924_142414.jpg','ugfrxtrcgvh',0,'Família',1632497193419,NULL),(41,212,'1633047128368_VID-20210916-WA0001.mp4','gravar foto',1,'Família',1633047136137,NULL),(42,212,'1633047177471_IMG-20210915-WA0004.jpg','ffd',1,'Família',1633047177896,NULL),(43,212,'1659618875267_04d926a0-ad66-45b6-a0ee-c4a637cf20601239490024064051578.jpg','mobile ',1,'Pessoal',1659618875268,NULL),(44,212,'1659618933274_cb190b0b-43f5-4872-bda3-88476d3f76db2207494363591866844.jpg','HTH ',1,'Outros',1659618933274,NULL),(45,212,'1659961469939_ba57e00b-49ae-4a1a-affb-533b527eedd28436128276754269972.jpg','dgg',1,'Análise medicas',1659961469940,NULL),(46,212,'1659961962848_20220805_192654.jpg','fgg',1,'Família',1659961962848,NULL);
/*!40000 ALTER TABLE `files` ENABLE KEYS */;
UNLOCK TABLES;

--
-- Table structure for table `firebase_token`
--

DROP TABLE IF EXISTS `firebase_token`;
/*!40101 SET @saved_cs_client     = @@character_set_client */;
/*!40101 SET character_set_client = utf8 */;
CREATE TABLE `firebase_token` (
  `id` int(11) NOT NULL AUTO_INCREMENT,
  `token` text NOT NULL,
  `user_id` int(11) NOT NULL,
  PRIMARY KEY (`id`) USING BTREE,
  KEY `user_id_idx` (`user_id`) USING BTREE,
  CONSTRAINT `user_id` FOREIGN KEY (`user_id`) REFERENCES `user` (`id`)
) ENGINE=InnoDB DEFAULT CHARSET=utf8 ROW_FORMAT=COMPACT;
/*!40101 SET character_set_client = @saved_cs_client */;

--
-- Dumping data for table `firebase_token`
--

LOCK TABLES `firebase_token` WRITE;
/*!40000 ALTER TABLE `firebase_token` DISABLE KEYS */;
/*!40000 ALTER TABLE `firebase_token` ENABLE KEYS */;
UNLOCK TABLES;

--
-- Table structure for table `nanometerPantients`
--

DROP TABLE IF EXISTS `nanometerPantients`;
/*!40101 SET @saved_cs_client     = @@character_set_client */;
/*!40101 SET character_set_client = utf8 */;
CREATE TABLE `nanometerPantients` (
  `id` int(11) NOT NULL AUTO_INCREMENT,
  `code` varchar(255) DEFAULT NULL,
  `status` int(11) DEFAULT '1',
  `user_id` int(11) NOT NULL,
  `patient_id` int(10) unsigned DEFAULT NULL,
  `scale_id` int(11) DEFAULT NULL,
  `nanometer_id` int(11) DEFAULT NULL,
  `createdAt` datetime NOT NULL,
  `updatedAt` datetime DEFAULT NULL,
  PRIMARY KEY (`id`),
  KEY `user_id` (`user_id`),
  KEY `patient_id` (`patient_id`),
  KEY `scale_id` (`scale_id`),
  KEY `nanometer_id` (`nanometer_id`),
  CONSTRAINT `nanometerPantients_ibfk_1` FOREIGN KEY (`user_id`) REFERENCES `user` (`id`),
  CONSTRAINT `nanometerPantients_ibfk_2` FOREIGN KEY (`patient_id`) REFERENCES `patient` (`id`),
  CONSTRAINT `nanometerPantients_ibfk_3` FOREIGN KEY (`scale_id`) REFERENCES `scales` (`id`),
  CONSTRAINT `nanometerPantients_ibfk_4` FOREIGN KEY (`nanometer_id`) REFERENCES `nanometers` (`id`)
) ENGINE=InnoDB AUTO_INCREMENT=26 DEFAULT CHARSET=utf8;
/*!40101 SET character_set_client = @saved_cs_client */;

--
-- Dumping data for table `nanometerPantients`
--

LOCK TABLES `nanometerPantients` WRITE;
/*!40000 ALTER TABLE `nanometerPantients` DISABLE KEYS */;
/*!40000 ALTER TABLE `nanometerPantients` ENABLE KEYS */;
UNLOCK TABLES;

--
-- Table structure for table `nanometers`
--

DROP TABLE IF EXISTS `nanometers`;
/*!40101 SET @saved_cs_client     = @@character_set_client */;
/*!40101 SET character_set_client = utf8 */;
CREATE TABLE `nanometers` (
  `id` int(11) NOT NULL AUTO_INCREMENT,
  `device` varchar(255) NOT NULL,
  `type` varchar(255) DEFAULT NULL,
  `classification` varchar(255) DEFAULT NULL,
  `min` double NOT NULL,
  `max` double NOT NULL,
  `color` varchar(255) NOT NULL,
  `code` varchar(100) DEFAULT NULL,
  `status` int(11) DEFAULT '1',
  `scale_id` int(11) NOT NULL,
  `user_id` int(11) NOT NULL,
  `createdAt` datetime NOT NULL,
  `updatedAt` datetime DEFAULT NULL,
  `deletedAt` datetime DEFAULT NULL,
  PRIMARY KEY (`id`),
  KEY `scale_id` (`scale_id`),
  KEY `user_id` (`user_id`),
  CONSTRAINT `nanometers_ibfk_1` FOREIGN KEY (`scale_id`) REFERENCES `scales` (`id`),
  CONSTRAINT `nanometers_ibfk_2` FOREIGN KEY (`user_id`) REFERENCES `user` (`id`)
) ENGINE=InnoDB AUTO_INCREMENT=61 DEFAULT CHARSET=utf8;
/*!40101 SET character_set_client = @saved_cs_client */;

--
-- Dumping data for table `nanometers`
--

LOCK TABLES `nanometers` WRITE;
/*!40000 ALTER TABLE `nanometers` DISABLE KEYS */;
INSERT INTO `nanometers` VALUES (1,'Balanca','IMC','Baixo Peso',0,18.5,'#1f5bc2','BALANCA',1,1,5,'2023-05-15 21:49:16',NULL,NULL),(2,'Balanca','IMC','Peso Normal',18.5,24.9,'#40c92a','BALANCA',1,1,5,'2023-05-15 21:49:16',NULL,NULL),(3,'Balanca','IMC','Excesso Peso',25,29.9,'#c9452a','BALANCA',1,1,5,'2023-05-15 21:49:16',NULL,NULL),(4,'Balanca','IMC','Obesidade de Classe 1',30,34.9,'#c9452a','BALANCA',1,1,5,'2023-05-15 21:49:16',NULL,NULL),(5,'Balanca','IMC','Obesidade de Classe 2',35,39.9,'#f00505','BALANCA',1,1,5,'2023-05-15 21:49:16',NULL,NULL),(6,'Balanca','IMC','Obesidade de Classe 3',40,1000000,'#f00505','BALANCA',1,1,5,'2023-05-15 21:49:16',NULL,NULL),(7,'Termometro','','',0,36,'#1f5bc2','TERMOMETRO',1,1,5,'2023-05-15 21:49:16',NULL,NULL),(8,'Termometro','','',36,37.5,'#40c92a','TERMOMETRO',1,1,5,'2023-05-15 21:49:16',NULL,NULL),(9,'Termometro','','',37.5,10000,'#f00505','TERMOMETRO',1,1,5,'2023-05-15 21:49:16',NULL,NULL),(14,'Pressão Arteeial','Diastolica','Pressão Baixa',40,59,'#1f5bc2','PRESSAO_ARTERIAL',1,1,5,'2023-05-15 21:49:16',NULL,NULL),(15,'Pressão Arteeial','Diastolica','Normal',60,80,'#40c92a','PRESSAO_ARTERIAL',1,1,5,'2023-05-15 21:49:16',NULL,NULL),(16,'Pressão Arteeial','Diastolica','Pré Hipertenso',80,90,'#c9452a','PRESSAO_ARTERIAL',1,1,5,'2023-05-15 21:49:16',NULL,NULL),(17,'Pressão Arteeial','Diastolica','Hipertenso',91,100,'#f00505','PRESSAO_ARTERIAL',1,1,5,'2023-05-15 21:49:16',NULL,NULL),(18,'Pressão Arteeial','Sistolica','Pressão Baixa',70,89,'#1f5bc2','PRESSAO_ARTERIAL',1,1,5,'2023-05-15 21:49:16',NULL,NULL),(19,'Pressão Arteeial','Sistolica','Normal',90,120,'#40c92a','PRESSAO_ARTERIAL',1,1,5,'2023-05-15 21:49:16',NULL,NULL),(20,'Pressão Arteeial','Sistolica','Pré Hipertenso',121,140,'#c9452a','PRESSAO_ARTERIAL',1,1,5,'2023-05-15 21:49:16',NULL,NULL),(21,'Pressão Arteeial','Sistolica','Hipertenso',141,150,'#f00505','PRESSAO_ARTERIAL',1,1,5,'2023-05-15 21:49:16',NULL,NULL),(22,'Oximetro','PI','',0,86,'#f00505','OXIMETRO',1,1,5,'2023-05-15 21:49:16',NULL,NULL),(23,'Oximetro','PI','',86,90,'#40c92a','OXIMETRO',1,1,5,'2023-05-15 21:49:16',NULL,NULL),(24,'Oximetro','PI','',91,94,'#1f5bc2','OXIMETRO',1,1,5,'2023-05-15 21:49:16',NULL,NULL),(25,'Oximetro','PI','',95,100000,'#40c92a','OXIMETRO',1,1,5,'2023-05-15 21:49:16',NULL,NULL);
/*!40000 ALTER TABLE `nanometers` ENABLE KEYS */;
UNLOCK TABLES;

--
-- Table structure for table `notes`
--

DROP TABLE IF EXISTS `notes`;
/*!40101 SET @saved_cs_client     = @@character_set_client */;
/*!40101 SET character_set_client = utf8 */;
CREATE TABLE `notes` (
  `id` int(11) NOT NULL AUTO_INCREMENT,
  `patient_id` int(10) unsigned NOT NULL,
  `user_id` int(11) NOT NULL,
  `text` text NOT NULL,
  `appointment_id` int(11) NOT NULL,
  `created_at` bigint(20) DEFAULT NULL,
  `updated_at` bigint(20) DEFAULT NULL,
  `status` int(11) DEFAULT '1',
  PRIMARY KEY (`id`) USING BTREE,
  KEY `us_idx` (`user_id`) USING BTREE,
  KEY `pat_idx` (`patient_id`) USING BTREE,
  KEY `app_idx` (`appointment_id`) USING BTREE,
  CONSTRAINT `app` FOREIGN KEY (`appointment_id`) REFERENCES `appointment` (`id`),
  CONSTRAINT `pat` FOREIGN KEY (`patient_id`) REFERENCES `patient` (`id`),
  CONSTRAINT `us` FOREIGN KEY (`user_id`) REFERENCES `user` (`id`)
) ENGINE=InnoDB AUTO_INCREMENT=5 DEFAULT CHARSET=utf8 ROW_FORMAT=COMPACT;
/*!40101 SET character_set_client = @saved_cs_client */;

--
-- Dumping data for table `notes`
--

LOCK TABLES `notes` WRITE;
/*!40000 ALTER TABLE `notes` DISABLE KEYS */;
INSERT INTO `notes` VALUES (4,39,184,'Teste ok\n',173,1633096020888,NULL,1);
/*!40000 ALTER TABLE `notes` ENABLE KEYS */;
UNLOCK TABLES;

--
-- Table structure for table `notification`
--

DROP TABLE IF EXISTS `notification`;
/*!40101 SET @saved_cs_client     = @@character_set_client */;
/*!40101 SET character_set_client = utf8 */;
CREATE TABLE `notification` (
  `id` int(11) NOT NULL AUTO_INCREMENT,
  `user_id` int(11) NOT NULL,
  `created_by` int(11) DEFAULT NULL,
  `title` text NOT NULL,
  `type` varchar(45) DEFAULT NULL,
  `group` varchar(45) DEFAULT NULL,
  `seen` tinyint(1) DEFAULT '0',
  `subtitle` text,
  `date` varchar(100) DEFAULT NULL,
  `extra` varchar(100) DEFAULT NULL,
  `postpone` int(11) DEFAULT '0',
  `status` int(11) DEFAULT '1',
  `created_at` bigint(20) DEFAULT NULL,
  `updated_at` bigint(20) DEFAULT NULL,
  PRIMARY KEY (`id`) USING BTREE,
  KEY `user_idx` (`user_id`) USING BTREE,
  CONSTRAINT `user_fk` FOREIGN KEY (`user_id`) REFERENCES `user` (`id`)
) ENGINE=InnoDB AUTO_INCREMENT=241 DEFAULT CHARSET=utf8 ROW_FORMAT=COMPACT;
/*!40101 SET character_set_client = @saved_cs_client */;

--
-- Dumping data for table `notification`
--

LOCK TABLES `notification` WRITE;
/*!40000 ALTER TABLE `notification` DISABLE KEYS */;
INSERT INTO `notification` VALUES (203,212,NULL,'Novo Agendamento: test','appointment',NULL,0,'Criado por: Ivandro Médico  CV','30/09/2021 00:00',NULL,0,1,1633028617835,NULL),(204,182,NULL,'You have an appointment in 30 minutes : Alberto kinkas','appointment',NULL,0,NULL,'29/09/2021 23:30','appointment_212182',0,0,1632961800000,1633096321980),(205,212,NULL,'Agendamento Cancelado: test','appointment',NULL,0,'Cancelado por: Ivandro Médico  CV','30/09/2021 00:00',NULL,0,0,1633028634997,NULL),(206,212,NULL,'Novo Agendamento: okoko','appointment',NULL,0,'Criado por: Ivandro Médico  CV','30/09/2021 00:00',NULL,0,1,1633028640225,NULL),(207,182,NULL,'You have an appointment in 30 minutes : Alberto kinkas','appointment',NULL,0,NULL,'29/09/2021 23:30','appointment_212182',0,0,1632961800000,1633096321980),(208,212,NULL,'Agendamento Cancelado: okoko','appointment',NULL,0,'Cancelado por: Ivandro Médico  CV','30/09/2021 00:00',NULL,0,1,1633028676474,NULL),(209,212,NULL,'Novo Agendamento: kook','appointment',NULL,0,'Criado por: Ivandro Médico  CV','30/09/2021 00:00',NULL,0,1,1633028897216,NULL),(210,182,NULL,'You have an appointment in 30 minutes : Alberto kinkas','appointment',NULL,0,NULL,'29/09/2021 23:30','appointment_212182',0,0,1632961800000,1633096321980),(211,185,NULL,'Novo Agendamento: CONsulta Oftalmologia','appointment',NULL,0,'Criado por: Francisca  Santos ','01/10/2021 15:00',NULL,0,1,1633095402446,NULL),(212,184,NULL,'You have an appointment in 30 minutes : Rui Carvalho','appointment',NULL,0,NULL,'01/10/2021 14:30','appointment_CONsulta_Oftalmologia_1185184',0,1,1633095000000,NULL),(213,212,NULL,'Novo Agendamento: okok','appointment',NULL,0,'Criado por: Ivandro Médico  CV','28/10/2021 00:00',NULL,0,1,1633095753474,NULL),(214,182,NULL,'You have an appointment in 30 minutes : Alberto kinkas','appointment',NULL,0,NULL,'27/10/2021 23:30','appointment_212182',0,0,1635381000000,1633096321980),(215,212,NULL,'Agendamento Cancelado: okok','appointment',NULL,0,'Cancelado por: Ivandro Médico  CV','28/10/2021 00:00',NULL,0,1,1633095868647,NULL),(216,212,NULL,'Agendamento Cancelado: kook','appointment',NULL,0,'Cancelado por: Ivandro Médico  CV','30/09/2021 00:00',NULL,0,1,1633095871055,NULL),(217,212,NULL,'Novo Agendamento: ok','appointment',NULL,0,'Criado por: Ivandro Médico  CV','07/10/2021 00:00',NULL,0,1,1633095915555,NULL),(218,182,NULL,'You have an appointment in 30 minutes : Alberto kinkas','appointment',NULL,0,NULL,'06/10/2021 23:30','appointment_212182',0,0,1633566600000,1633096321980),(219,185,NULL,'CONsulta Oftalmologia','appointment',NULL,0,NULL,NULL,'CONsulta_Oftalmologia_1',0,1,1633095969610,NULL),(220,212,NULL,'Novo Agendamento: ok','appointment',NULL,0,'Criado por: Ivandro Médico  CV','20/10/2021 00:00',NULL,0,1,1633096237865,NULL),(221,182,NULL,'You have an appointment in 30 minutes : Alberto kinkas','appointment',NULL,0,NULL,'19/10/2021 23:30','appointment_212182',0,0,1634689800000,1633096321980),(222,212,NULL,'Agendamento Cancelado: ok','appointment',NULL,0,'Cancelado por: Ivandro Médico  CV','20/10/2021 00:00',NULL,0,1,1633096255068,NULL),(223,212,NULL,'Novo Agendamento: teste','appointment',NULL,0,'Criado por: Ivandro Médico  CV','04/11/2021 00:00',NULL,0,1,1633096265333,NULL),(224,182,NULL,'You have an appointment in 30 minutes : Alberto kinkas','appointment',NULL,0,NULL,'03/11/2021 23:30','appointment_212182',0,0,1635985800000,1633096321980),(225,212,NULL,'Agendamento Cancelado: teste','appointment',NULL,0,'Cancelado por: Ivandro Médico  CV','04/11/2021 00:00',NULL,0,1,1633096269795,NULL),(226,212,NULL,'Agendamento Cancelado: teste','appointment',NULL,0,'Cancelado por: Ivandro Médico  CV','04/11/2021 00:00',NULL,0,1,1633096274624,NULL),(227,212,NULL,'Novo Agendamento: okokok','appointment',NULL,0,'Criado por: Ivandro Médico  CV','03/11/2021 00:00',NULL,0,1,1633096280059,NULL),(228,182,NULL,'You have an appointment in 30 minutes : Alberto kinkas','appointment',NULL,0,NULL,'02/11/2021 23:30','appointment_212182',0,0,1635899400000,1633096321980),(229,212,NULL,'Agendamento Cancelado: okokok','appointment',NULL,0,'Cancelado por: Ivandro Médico  CV','03/11/2021 00:00',NULL,0,0,1633096290199,NULL),(230,212,NULL,'Novo Agendamento: ok','appointment',NULL,0,'Criado por: Ivandro Médico  CV','24/10/2021 00:00',NULL,0,1,1633096308563,NULL),(231,182,NULL,'You have an appointment in 30 minutes : Alberto kinkas','appointment',NULL,0,NULL,'23/10/2021 23:30','appointment_212182',0,0,1635035400000,1633096321980),(232,212,NULL,'Agendamento Cancelado: ok','appointment',NULL,0,'Cancelado por: Ivandro Médico  CV','24/10/2021 00:00',NULL,0,1,1633096321978,NULL),(233,182,NULL,'Nova Mensagem de: Alberto kinkas','message',NULL,0,NULL,NULL,'43,84',0,1,1634937416830,NULL),(234,263,NULL,'Nova Mensagem de Ivandro Médico  CV','message',NULL,0,NULL,NULL,'182,88',0,1,1659441476005,NULL),(235,212,NULL,'New Message from Ivandro Médico  CV','message',NULL,0,NULL,NULL,'182,84',0,1,1659479676163,NULL),(236,182,NULL,'Nova Mensagem de: Alberto kinkas','message',NULL,0,NULL,NULL,'43,84',0,1,1659479949401,NULL),(237,182,NULL,'Nova Mensagem de: Alberto kinkas','message',NULL,0,NULL,NULL,'43,84',0,1,1659635587127,NULL),(238,185,NULL,'Novo Agendamento: Consulta Pediatria','appointment',NULL,0,'Criado por: Francisca  Santos ','18/08/2022 14:00','Consulta_Pediatria_174',0,1,1660825699583,NULL),(239,184,NULL,'You have an appointment in 30 minutes : Rui Carvalho','appointment',NULL,0,NULL,'18/08/2022 13:30','appointment_Consulta_Pediatria_174185184',0,1,1660825800000,NULL),(240,185,NULL,'Consulta Pediatria','appointment',NULL,0,NULL,NULL,'Consulta_Pediatria_174',0,1,1660825857178,NULL);
/*!40000 ALTER TABLE `notification` ENABLE KEYS */;
UNLOCK TABLES;

--
-- Table structure for table `package`
--

DROP TABLE IF EXISTS `package`;
/*!40101 SET @saved_cs_client     = @@character_set_client */;
/*!40101 SET character_set_client = utf8 */;
CREATE TABLE `package` (
  `id` int(11) NOT NULL AUTO_INCREMENT,
  `name` varchar(45) DEFAULT NULL,
  `num_patients` int(11) DEFAULT NULL,
  `price` double DEFAULT NULL,
  `code` varchar(45) DEFAULT NULL,
  `status` int(11) DEFAULT '1',
  `created_at` bigint(20) DEFAULT NULL,
  `updated_at` bigint(20) DEFAULT NULL,
  PRIMARY KEY (`id`) USING BTREE
) ENGINE=InnoDB AUTO_INCREMENT=2 DEFAULT CHARSET=utf8 ROW_FORMAT=COMPACT;
/*!40101 SET character_set_client = @saved_cs_client */;

--
-- Dumping data for table `package`
--

LOCK TABLES `package` WRITE;
/*!40000 ALTER TABLE `package` DISABLE KEYS */;
INSERT INTO `package` VALUES (1,'Pacote Familia',5,2.99,'FAMILIA0001',1,1631034420775,NULL);
/*!40000 ALTER TABLE `package` ENABLE KEYS */;
UNLOCK TABLES;

--
-- Table structure for table `patient`
--

DROP TABLE IF EXISTS `patient`;
/*!40101 SET @saved_cs_client     = @@character_set_client */;
/*!40101 SET character_set_client = utf8 */;
CREATE TABLE `patient` (
  `id` int(10) unsigned NOT NULL AUTO_INCREMENT,
  `weight` double NOT NULL,
  `height` double NOT NULL,
  `user_id` int(11) NOT NULL,
  `created_at` bigint(20) DEFAULT NULL,
  `updated_at` bigint(20) DEFAULT NULL,
  `status` int(11) DEFAULT '1',
  `responsable_id` int(11) DEFAULT NULL,
  PRIMARY KEY (`id`) USING BTREE,
  KEY `fk_patient_user1_idx` (`user_id`) USING BTREE,
  KEY `fk_patient_user2_idx` (`responsable_id`) USING BTREE,
  CONSTRAINT `fk_patient_user1` FOREIGN KEY (`user_id`) REFERENCES `user` (`id`) ON DELETE CASCADE,
  CONSTRAINT `fk_patient_user2` FOREIGN KEY (`responsable_id`) REFERENCES `user` (`id`) ON DELETE CASCADE
) ENGINE=InnoDB AUTO_INCREMENT=64 DEFAULT CHARSET=utf8 ROW_FORMAT=COMPACT;
/*!40101 SET character_set_client = @saved_cs_client */;

--
-- Dumping data for table `patient`
--

LOCK TABLES `patient` WRITE;
/*!40000 ALTER TABLE `patient` DISABLE KEYS */;
INSERT INTO `patient` VALUES (38,80,170,181,1632229292159,1632413976381,1,182),(39,80,180,185,1632232853848,1660754225179,1,184),(40,10,10,199,1632312175528,1632319193916,1,200),(41,10,10,206,1632408148118,1632411772970,1,182),(42,10,10,207,1632408458695,NULL,1,182),(43,190,84,212,1632413567888,1660305887157,1,184),(44,0,0,214,1632429066878,NULL,1,NULL),(45,75,180,228,1632565333206,1632745721043,1,NULL),(46,0,0,236,1632590489657,NULL,1,NULL),(47,10,10,181,1632741462116,NULL,1,NULL),(48,10,10,249,1632745289067,1632747301477,1,NULL),(49,0,0,258,1632934828801,NULL,1,NULL),(50,0,0,259,1634742685134,NULL,1,NULL),(51,0,0,261,1634743962864,NULL,1,NULL),(52,0,0,262,1634936646890,NULL,1,NULL),(53,10,10,263,1659441423779,NULL,1,182),(54,0,0,264,1659789676857,NULL,1,NULL),(55,0,0,265,1660235702622,NULL,1,NULL),(63,0,0,278,1661255984200,NULL,1,NULL);
/*!40000 ALTER TABLE `patient` ENABLE KEYS */;
UNLOCK TABLES;

--
-- Table structure for table `patient_has_device`
--

DROP TABLE IF EXISTS `patient_has_device`;
/*!40101 SET @saved_cs_client     = @@character_set_client */;
/*!40101 SET character_set_client = utf8 */;
CREATE TABLE `patient_has_device` (
  `patient_id` int(10) unsigned NOT NULL AUTO_INCREMENT,
  `device_id` int(11) NOT NULL,
  `created_at` bigint(20) DEFAULT NULL,
  `updated_at` bigint(20) DEFAULT NULL,
  `status` int(11) DEFAULT '1',
  PRIMARY KEY (`patient_id`,`device_id`) USING BTREE,
  KEY `fk_patient_has_device_device1_idx` (`device_id`) USING BTREE,
  KEY `fk_patient_has_device_patient1_idx` (`patient_id`) USING BTREE,
  CONSTRAINT `fk_patient_has_device_device1` FOREIGN KEY (`device_id`) REFERENCES `device` (`id`),
  CONSTRAINT `fk_patient_has_device_patient1` FOREIGN KEY (`patient_id`) REFERENCES `patient` (`id`)
) ENGINE=InnoDB DEFAULT CHARSET=utf8 ROW_FORMAT=COMPACT;
/*!40101 SET character_set_client = @saved_cs_client */;

--
-- Dumping data for table `patient_has_device`
--

LOCK TABLES `patient_has_device` WRITE;
/*!40000 ALTER TABLE `patient_has_device` DISABLE KEYS */;
/*!40000 ALTER TABLE `patient_has_device` ENABLE KEYS */;
UNLOCK TABLES;

--
-- Table structure for table `product`
--

DROP TABLE IF EXISTS `product`;
/*!40101 SET @saved_cs_client     = @@character_set_client */;
/*!40101 SET character_set_client = utf8 */;
CREATE TABLE `product` (
  `id` int(11) NOT NULL AUTO_INCREMENT,
  `name` varchar(100) DEFAULT NULL,
  `image` varchar(100) DEFAULT NULL,
  `visibility` int(11) DEFAULT '1',
  `operability` varchar(100) DEFAULT NULL,
  `ref` varchar(100) DEFAULT NULL,
  `ean` varchar(100) DEFAULT NULL,
  `number_serie` int(11) DEFAULT NULL,
  `type` varchar(100) DEFAULT NULL,
  `summary` varchar(100) DEFAULT NULL,
  `type_product` varchar(100) DEFAULT NULL,
  `category_id` int(11) DEFAULT NULL,
  `unit` varchar(100) DEFAULT NULL,
  `obs` text,
  `created_at` bigint(20) DEFAULT NULL,
  `updated_at` bigint(20) DEFAULT NULL,
  `status` int(11) DEFAULT NULL,
  PRIMARY KEY (`id`) USING BTREE,
  KEY `product_FK` (`category_id`) USING BTREE,
  CONSTRAINT `product_FK` FOREIGN KEY (`category_id`) REFERENCES `category_device` (`id`)
) ENGINE=InnoDB DEFAULT CHARSET=utf8 ROW_FORMAT=COMPACT;
/*!40101 SET character_set_client = @saved_cs_client */;

--
-- Dumping data for table `product`
--

LOCK TABLES `product` WRITE;
/*!40000 ALTER TABLE `product` DISABLE KEYS */;
/*!40000 ALTER TABLE `product` ENABLE KEYS */;
UNLOCK TABLES;

--
-- Table structure for table `profission`
--

DROP TABLE IF EXISTS `profission`;
/*!40101 SET @saved_cs_client     = @@character_set_client */;
/*!40101 SET character_set_client = utf8 */;
CREATE TABLE `profission` (
  `id` int(11) NOT NULL AUTO_INCREMENT,
  `name` varchar(45) DEFAULT NULL,
  `level` int(11) DEFAULT NULL,
  `created_at` bigint(20) DEFAULT NULL,
  `updated_at` bigint(20) DEFAULT NULL,
  `status` int(11) DEFAULT '1',
  PRIMARY KEY (`id`) USING BTREE
) ENGINE=InnoDB AUTO_INCREMENT=10 DEFAULT CHARSET=utf8 ROW_FORMAT=COMPACT;
/*!40101 SET character_set_client = @saved_cs_client */;

--
-- Dumping data for table `profission`
--

LOCK TABLES `profission` WRITE;
/*!40000 ALTER TABLE `profission` DISABLE KEYS */;
INSERT INTO `profission` VALUES (1,'Administrador',1,1630937796950,NULL,1),(2,'Administrativo',2,1630937796950,NULL,1),(3,'Auxiliar',3,1630937796950,NULL,1),(4,'Comercial',4,1630937796950,NULL,1),(5,'Médico',5,1630937796950,NULL,1),(6,'Recursos Humanos',6,1630937796950,NULL,1),(7,'Enfermeiro',7,1630937796950,NULL,1),(8,'Estagiário',8,1630937796950,NULL,1),(9,'Outro',9,1630937796950,NULL,1);
/*!40000 ALTER TABLE `profission` ENABLE KEYS */;
UNLOCK TABLES;

--
-- Table structure for table `ranges`
--

DROP TABLE IF EXISTS `ranges`;
/*!40101 SET @saved_cs_client     = @@character_set_client */;
/*!40101 SET character_set_client = utf8 */;
CREATE TABLE `ranges` (
  `id` int(11) NOT NULL AUTO_INCREMENT,
  `qualifier` varchar(150) DEFAULT NULL,
  `color` varchar(15) DEFAULT NULL,
  `name` varchar(45) DEFAULT NULL,
  `parameter` varchar(100) DEFAULT NULL,
  `qualifiers` varchar(100) DEFAULT NULL,
  `range` varchar(100) DEFAULT NULL,
  `updated_at` bigint(20) DEFAULT NULL,
  `created_at` bigint(20) DEFAULT NULL,
  `status` int(11) DEFAULT '1',
  `category_device_id` int(11) NOT NULL,
  PRIMARY KEY (`id`,`category_device_id`) USING BTREE,
  UNIQUE KEY `id_UNIQUE` (`id`) USING BTREE,
  UNIQUE KEY `created_at_UNIQUE` (`created_at`) USING BTREE,
  KEY `fk_ranges_category_device1_idx` (`category_device_id`) USING BTREE,
  CONSTRAINT `fk_ranges_category_device1` FOREIGN KEY (`category_device_id`) REFERENCES `category_device` (`id`)
) ENGINE=InnoDB DEFAULT CHARSET=utf8 ROW_FORMAT=COMPACT;
/*!40101 SET character_set_client = @saved_cs_client */;

--
-- Dumping data for table `ranges`
--

LOCK TABLES `ranges` WRITE;
/*!40000 ALTER TABLE `ranges` DISABLE KEYS */;
/*!40000 ALTER TABLE `ranges` ENABLE KEYS */;
UNLOCK TABLES;

--
-- Table structure for table `readings`
--

DROP TABLE IF EXISTS `readings`;
/*!40101 SET @saved_cs_client     = @@character_set_client */;
/*!40101 SET character_set_client = utf8 */;
CREATE TABLE `readings` (
  `id` int(11) NOT NULL AUTO_INCREMENT,
  `Id_client` int(11) DEFAULT NULL,
  `Id_device` int(11) DEFAULT NULL,
  `device_category` varchar(45) DEFAULT NULL,
  `mac_address` varchar(45) DEFAULT NULL,
  `reading` text,
  `created_at` date DEFAULT NULL,
  `updated_at` date DEFAULT NULL,
  `status` int(11) DEFAULT '1',
  PRIMARY KEY (`id`) USING BTREE
) ENGINE=InnoDB DEFAULT CHARSET=utf8 ROW_FORMAT=COMPACT;
/*!40101 SET character_set_client = @saved_cs_client */;

--
-- Dumping data for table `readings`
--

LOCK TABLES `readings` WRITE;
/*!40000 ALTER TABLE `readings` DISABLE KEYS */;
/*!40000 ALTER TABLE `readings` ENABLE KEYS */;
UNLOCK TABLES;

--
-- Table structure for table `reminder`
--

DROP TABLE IF EXISTS `reminder`;
/*!40101 SET @saved_cs_client     = @@character_set_client */;
/*!40101 SET character_set_client = utf8 */;
CREATE TABLE `reminder` (
  `id` int(11) NOT NULL AUTO_INCREMENT,
  `title` varchar(45) DEFAULT NULL,
  `location` varchar(45) DEFAULT NULL,
  `start` bigint(20) DEFAULT NULL,
  `end` bigint(20) DEFAULT NULL,
  `all_day` int(11) DEFAULT NULL,
  `repeat` int(11) DEFAULT NULL,
  `description` text,
  `patient_id` int(10) unsigned NOT NULL,
  `user_id` int(11) NOT NULL,
  `entity_id` int(11) DEFAULT NULL,
  `created_at` bigint(20) DEFAULT NULL,
  `updated_at` bigint(20) DEFAULT NULL,
  `status` int(11) DEFAULT '1',
  `RecurrenceRule` varchar(100) DEFAULT NULL,
  `finnish` tinyint(4) DEFAULT '0',
  PRIMARY KEY (`id`) USING BTREE,
  KEY `fk_reminder_patient1_idx` (`patient_id`) USING BTREE,
  KEY `fk_reminder_user1_idx` (`user_id`) USING BTREE,
  CONSTRAINT `fk_reminder_patient1` FOREIGN KEY (`patient_id`) REFERENCES `patient` (`id`),
  CONSTRAINT `fk_reminder_user1` FOREIGN KEY (`user_id`) REFERENCES `user` (`id`)
) ENGINE=InnoDB AUTO_INCREMENT=2 DEFAULT CHARSET=utf8 ROW_FORMAT=COMPACT;
/*!40101 SET character_set_client = @saved_cs_client */;

--
-- Dumping data for table `reminder`
--

LOCK TABLES `reminder` WRITE;
/*!40000 ALTER TABLE `reminder` DISABLE KEYS */;
/*!40000 ALTER TABLE `reminder` ENABLE KEYS */;
UNLOCK TABLES;

--
-- Table structure for table `responsable_has_patient`
--

DROP TABLE IF EXISTS `responsable_has_patient`;
/*!40101 SET @saved_cs_client     = @@character_set_client */;
/*!40101 SET character_set_client = utf8 */;
CREATE TABLE `responsable_has_patient` (
  `id` int(11) NOT NULL AUTO_INCREMENT,
  `pin` int(10) unsigned NOT NULL,
  `email` varchar(45) NOT NULL,
  `patient_id` int(10) unsigned NOT NULL,
  `responsable_id` int(11) NOT NULL,
  `pin_hash` varchar(255) NOT NULL,
  `status` int(11) DEFAULT '1',
  `created_at` bigint(20) NOT NULL,
  `updated_at` bigint(20) DEFAULT NULL,
  PRIMARY KEY (`id`) USING BTREE,
  KEY `patient_idx` (`patient_id`) USING BTREE,
  KEY `user_idx` (`responsable_id`) USING BTREE,
  CONSTRAINT `patient` FOREIGN KEY (`patient_id`) REFERENCES `patient` (`id`)
) ENGINE=InnoDB AUTO_INCREMENT=37 DEFAULT CHARSET=utf8 ROW_FORMAT=COMPACT;
/*!40101 SET character_set_client = @saved_cs_client */;

--
-- Dumping data for table `responsable_has_patient`
--

LOCK TABLES `responsable_has_patient` WRITE;
/*!40000 ALTER TABLE `responsable_has_patient` DISABLE KEYS */;
INSERT INTO `responsable_has_patient` VALUES (26,1234,'rui.carvalho@madeirainvestment.org',39,186,'$2b$10$cYjOcYJ#1RaiBh5WjWSgyuvpEeysMhJf6jER30VlZMY3pxqnUbHqm',1,1632234627695,NULL),(27,1234,'datika6235@secbuf.com',38,188,'$2b$10$fUmtfX7Ug5yjKzpcWF7Tbu4mHBkZiPVg.cQzT7DXWIQcgjNIzFc3K',1,1632240892825,NULL),(28,1234,'xomoce4756@tinilalo.com',40,200,'$2b$10$EwUF19xp4ltrYQNTb0hm#uVMoHeDi5oK0JxVDUSx0xUKaUSEwFbqS',1,1632312250021,NULL),(30,1234,'pafosi4319@soulsuns.com',38,204,'$2b$10$QyrXgTR9YfAby0j687e05.xWAq4638GylNqSF5sT08aUiKavbwIS6',1,1632405044059,NULL),(31,1234,'fipira1601@secbuf.com',38,205,'$2b$10$YYxg0Eg4N0dUAzRPOXtSXedeBdrlhVxLLUltLfy#fkQkPN.tFV74S',1,1632405218191,NULL),(32,1234,'nawin97323@timevod.com',38,208,'$2b$10$zwqtUYxBJPwiDEYhJlceLuLZUTnMM#4tsSSz4ZLCnYuGbsQlhuHyG',1,1632411884221,NULL),(33,1234,'rre19924@yuoia.com',38,211,'$2b$10$5DA8SBS70tgoQ858#6ucwOQtSN0Rgzpw9cVoPOgfrzZ5TtCCiAj0m',1,1632413541233,NULL),(34,1234,'ivandrodebarros@gmail.com',38,182,'$2b$10$gPiyxDgqy2vrQMMoQQYM5OXBi#.#ZVUJgnLqOoSqE0XCS4EiEAXUW',1,1632413805583,NULL),(35,1234,'ivandrodebarros@gmail.com',38,182,'$2b$10$aiRpJVzEcHSl.w#O96uf3OlfHP3fUG4MrE.UsvHqKOoysqx.8Rx0G',1,1632413913789,NULL),(36,1234,'9117673@gmail.com',45,212,'$2b$10$bDAmZhyklf4pUvHImzTZkOdGdOJxad2zYo9oSqMKPPNrtSUIvDfNC',1,1632590600097,NULL);
/*!40000 ALTER TABLE `responsable_has_patient` ENABLE KEYS */;
UNLOCK TABLES;

--
-- Table structure for table `roles`
--

DROP TABLE IF EXISTS `roles`;
/*!40101 SET @saved_cs_client     = @@character_set_client */;
/*!40101 SET character_set_client = utf8 */;
CREATE TABLE `roles` (
  `id` int(11) NOT NULL AUTO_INCREMENT,
  `created_at` bigint(20) DEFAULT NULL,
  `updated_at` bigint(20) DEFAULT NULL,
  `status` int(11) DEFAULT '1',
  `url` varchar(45) DEFAULT NULL,
  `roles_id` int(11) DEFAULT NULL,
  PRIMARY KEY (`id`) USING BTREE,
  KEY `fk_roles_roles1_idx` (`roles_id`) USING BTREE,
  CONSTRAINT `fk_roles_roles1` FOREIGN KEY (`roles_id`) REFERENCES `roles` (`id`)
) ENGINE=InnoDB DEFAULT CHARSET=utf8 ROW_FORMAT=COMPACT;
/*!40101 SET character_set_client = @saved_cs_client */;

--
-- Dumping data for table `roles`
--

LOCK TABLES `roles` WRITE;
/*!40000 ALTER TABLE `roles` DISABLE KEYS */;
/*!40000 ALTER TABLE `roles` ENABLE KEYS */;
UNLOCK TABLES;

--
-- Table structure for table `scales`
--

DROP TABLE IF EXISTS `scales`;
/*!40101 SET @saved_cs_client     = @@character_set_client */;
/*!40101 SET character_set_client = utf8 */;
CREATE TABLE `scales` (
  `id` int(11) NOT NULL AUTO_INCREMENT,
  `name` varchar(255) NOT NULL,
  `status` int(11) DEFAULT '1',
  `user_id` int(11) NOT NULL,
  `createdAt` datetime NOT NULL,
  `updatedAt` datetime DEFAULT NULL,
  `deletedAt` datetime DEFAULT NULL,
  PRIMARY KEY (`id`),
  KEY `user_id` (`user_id`),
  CONSTRAINT `scales_ibfk_1` FOREIGN KEY (`user_id`) REFERENCES `user` (`id`)
) ENGINE=InnoDB AUTO_INCREMENT=3 DEFAULT CHARSET=utf8;
/*!40101 SET character_set_client = @saved_cs_client */;

--
-- Dumping data for table `scales`
--

LOCK TABLES `scales` WRITE;
/*!40000 ALTER TABLE `scales` DISABLE KEYS */;
INSERT INTO `scales` VALUES (1,'Standard',1,5,'2023-05-15 21:49:16',NULL,NULL),(2,'Teste',1,182,'2023-05-31 12:33:11','2023-05-31 12:33:11',NULL);
/*!40000 ALTER TABLE `scales` ENABLE KEYS */;
UNLOCK TABLES;

--
-- Table structure for table `status_measurement`
--

DROP TABLE IF EXISTS `status_measurement`;
/*!40101 SET @saved_cs_client     = @@character_set_client */;
/*!40101 SET character_set_client = utf8 */;
CREATE TABLE `status_measurement` (
  `id` int(11) NOT NULL AUTO_INCREMENT,
  `range_year` varchar(45) DEFAULT NULL,
  `type` varchar(45) DEFAULT NULL,
  `range_value` varchar(45) DEFAULT NULL,
  `color` varchar(45) DEFAULT NULL,
  `range_height` varchar(45) DEFAULT NULL,
  `name` varchar(45) DEFAULT NULL,
  `is_sendentary` int(11) DEFAULT NULL,
  `created_at` datetime DEFAULT NULL,
  `updated_at` datetime DEFAULT NULL,
  `status` int(11) DEFAULT '1',
  PRIMARY KEY (`id`) USING BTREE
) ENGINE=InnoDB AUTO_INCREMENT=41 DEFAULT CHARSET=utf8 ROW_FORMAT=COMPACT;
/*!40101 SET character_set_client = @saved_cs_client */;

--
-- Dumping data for table `status_measurement`
--

LOCK TABLES `status_measurement` WRITE;
/*!40000 ALTER TABLE `status_measurement` DISABLE KEYS */;
INSERT INTO `status_measurement` VALUES (1,'*-*','temperature','41-*','red',NULL,'Hipertermia',NULL,NULL,NULL,1),(2,'*-*','temperature','39.6-41','orange',NULL,'Febre Alta',NULL,NULL,NULL,1),(3,'*-*','temperature','37.6-39.5','yellow',NULL,'Febre',NULL,NULL,NULL,1),(4,'*-*','temperature','36-37.5','green',NULL,'Normal',NULL,NULL,NULL,1),(5,'*-*','temperature','*-35','blue',NULL,'Hipotermia',NULL,NULL,NULL,1),(17,'*-*','saturation','97-100','green',NULL,NULL,NULL,NULL,NULL,1),(18,'*-*','saturation','90-96','yellow',NULL,NULL,NULL,NULL,NULL,1),(19,'*-*','saturation','85-90','orange',NULL,NULL,NULL,NULL,NULL,1),(20,'*-*','saturation','*-85','red',NULL,NULL,NULL,NULL,NULL,1),(21,'*-*','perfusion',NULL,NULL,NULL,NULL,NULL,NULL,NULL,1),(22,'*-*','perfusion',NULL,NULL,NULL,NULL,NULL,NULL,NULL,1),(23,'*-*','perfusion',NULL,NULL,NULL,NULL,NULL,NULL,NULL,1),(24,'*-*','perfusion',NULL,NULL,NULL,NULL,NULL,NULL,NULL,1),(25,'*-2','bpm','120-140','green',NULL,NULL,NULL,NULL,NULL,1),(26,'8-17','bpm','80-100','green',NULL,NULL,NULL,NULL,NULL,1),(27,'18-*','bpm','70-80','green',NULL,NULL,NULL,NULL,NULL,1),(28,'18-*','bpm','50-60','green',NULL,NULL,1,NULL,NULL,1),(29,'*-2','bpm','50-60','green',NULL,NULL,NULL,NULL,NULL,NULL),(30,'8-17','bpm',NULL,NULL,NULL,NULL,NULL,NULL,NULL,NULL),(31,'*-*','bpm',NULL,NULL,NULL,NULL,NULL,NULL,NULL,NULL),(32,'*-*','bpm',NULL,NULL,NULL,NULL,1,NULL,NULL,NULL),(33,'*-*','diastolic','40-60','red',NULL,'Pressao Arterial Baixo',NULL,NULL,NULL,1),(34,'*-*','diastolic','60-80','green',NULL,'Pressao Arterial Normal',NULL,NULL,NULL,1),(35,'*-*','diastolic','80-90','orange',NULL,'Pre-hipertensao',NULL,NULL,NULL,1),(36,'*-*','diastolic','90-100','red',NULL,'Hipertensao',NULL,NULL,NULL,1),(37,'*-*','systolic','70-90','red',NULL,'Pressao Arterial Baixo',NULL,NULL,NULL,1),(38,'*-*','systolic','90-120','green',NULL,'Pressao Arterial Normal',NULL,NULL,NULL,1),(39,'*-*','systolic','120-140','orange',NULL,'Pre-hipertensao',NULL,NULL,NULL,1),(40,'*-*','systolic','140-190','red',NULL,'Hipertensao',NULL,NULL,NULL,1);
/*!40000 ALTER TABLE `status_measurement` ENABLE KEYS */;
UNLOCK TABLES;

--
-- Table structure for table `supplier`
--

DROP TABLE IF EXISTS `supplier`;
/*!40101 SET @saved_cs_client     = @@character_set_client */;
/*!40101 SET character_set_client = utf8 */;
CREATE TABLE `supplier` (
  `contact_id` int(11) DEFAULT NULL,
  `id` int(11) NOT NULL AUTO_INCREMENT,
  `name` varchar(100) DEFAULT NULL,
  `nif` varchar(15) DEFAULT NULL,
  `code` varchar(45) DEFAULT NULL,
  `email` varchar(45) DEFAULT NULL,
  `address_id` int(11) NOT NULL,
  `obs` text,
  `created_at` bigint(20) DEFAULT NULL,
  `updated_at` bigint(20) DEFAULT NULL,
  `status` int(11) DEFAULT '1',
  PRIMARY KEY (`id`,`address_id`) USING BTREE,
  KEY `fk_supplier_address1_idx` (`address_id`) USING BTREE,
  KEY `supplier_FK` (`contact_id`) USING BTREE,
  CONSTRAINT `supplier_FK` FOREIGN KEY (`contact_id`) REFERENCES `contact` (`id`)
) ENGINE=InnoDB AUTO_INCREMENT=2 DEFAULT CHARSET=utf8 ROW_FORMAT=COMPACT;
/*!40101 SET character_set_client = @saved_cs_client */;

--
-- Dumping data for table `supplier`
--

LOCK TABLES `supplier` WRITE;
/*!40000 ALTER TABLE `supplier` DISABLE KEYS */;
INSERT INTO `supplier` VALUES (NULL,1,'Alberto','117013315','12345678','9117673@gmail.com',4,NULL,1631035169685,NULL,1);
/*!40000 ALTER TABLE `supplier` ENABLE KEYS */;
UNLOCK TABLES;

--
-- Table structure for table `user`
--

DROP TABLE IF EXISTS `user`;
/*!40101 SET @saved_cs_client     = @@character_set_client */;
/*!40101 SET character_set_client = utf8 */;
CREATE TABLE `user` (
  `id` int(11) NOT NULL AUTO_INCREMENT,
  `first_name` varchar(245) DEFAULT NULL,
  `last_name` varchar(245) DEFAULT NULL,
  `email` varchar(50) NOT NULL,
  `password` varchar(255) DEFAULT NULL,
  `password_reset_token` varchar(255) DEFAULT NULL,
  `born_date` varchar(45) DEFAULT NULL,
  `gg_userid` varchar(45) DEFAULT NULL,
  `fb_userid` varchar(45) DEFAULT NULL,
  `ap_userid` varchar(45) DEFAULT NULL,
  `nif` varchar(15) DEFAULT NULL,
  `status` int(11) DEFAULT '1',
  `code` varchar(255) DEFAULT NULL,
  `gender` varchar(45) DEFAULT NULL,
  `profissional_certificate` varchar(100) DEFAULT NULL,
  `profission_id` int(11) DEFAULT NULL,
  `contact_id` int(11) DEFAULT NULL,
  `address_id` int(11) DEFAULT NULL,
  `entity_id` int(11) DEFAULT NULL,
  `created_at` bigint(20) DEFAULT NULL,
  `updated_at` bigint(20) DEFAULT NULL,
  `image` text,
  PRIMARY KEY (`id`) USING BTREE,
  UNIQUE KEY `id_UNIQUE` (`id`) USING BTREE,
  UNIQUE KEY `email_UNIQUE` (`email`) USING BTREE,
  KEY `fk_user_entity1_idx` (`entity_id`) USING BTREE,
  KEY `fk_user_profission1_idx` (`profission_id`) USING BTREE,
  KEY `user_FK_1` (`contact_id`) USING BTREE,
  CONSTRAINT `fk_user_entity1` FOREIGN KEY (`entity_id`) REFERENCES `entity` (`id`),
  CONSTRAINT `fk_user_profission1` FOREIGN KEY (`profission_id`) REFERENCES `profission` (`id`),
  CONSTRAINT `user_FK_1` FOREIGN KEY (`contact_id`) REFERENCES `contact` (`id`)
) ENGINE=InnoDB AUTO_INCREMENT=280 DEFAULT CHARSET=utf8 ROW_FORMAT=COMPACT;
/*!40101 SET character_set_client = @saved_cs_client */;

--
-- Dumping data for table `user`
--

LOCK TABLES `user` WRITE;
/*!40000 ALTER TABLE `user` DISABLE KEYS */;
INSERT INTO `user` VALUES (5,'Rui','Carvalho','rui.carvalho@bclose.pt','$2b$08$wdSL5oMJ1zZnBS9K6xK9X.UXDd6adspjW3PLrYr4SN4OoTlb5M0RK',NULL,'1990-03-13',NULL,NULL,NULL,'210477130',1,'$2b$08$p.DwVoTQvBlkWVUHZsVyKebKcv6aPcIonCqwDja89DALQg7gWqX.a','Masculino',NULL,1,1,1,1,1628776371375,1632050216432,'http://bhealthpro.bclose.pt/bclose.pt/api/uploads/files/1632050215228_Screen Shot 2021-09-19 at 10.16.39.png'),(180,'Ivandro ','Ribeiro ','ivandroribeiro@bonako.com','$2b$08$//9npYbOgmLiRDQkb0ReIebai35J3OH/UamvZAKYnhaPy3wpzAypa',NULL,'03/04/1984',NULL,NULL,NULL,'210477130',1,'XxaTb2sx','M','',1,104,101,46,1632229270442,1632229650267,'http://bhealthpro.bclose.pt/bclose.pt/api/uploads/files/1632229645223_Tatiana_Kruz.png'),(181,'sdssd','assa','cnv64714@yuoia.com','$2b$08$7AE3620G1Fv9SmGk894AA.aedLv072/.KqklV7giM1GUK.IiklH7W','LUutPzlBEwK6VRr','22/09/2021',NULL,NULL,NULL,'210477130',1,'TvWhFTQM','M',NULL,NULL,162,161,NULL,1632229292146,1632741462103,NULL),(182,'Ivandro Médico ','CV','ivandrodebarros@gmail.com','$2b$08$XhD/wuWXHuCmsCcecLDWLue1J3XgrAwUIO7Z4GuiJQpNIZkIjzPPW',NULL,'07/14/1999',NULL,NULL,NULL,'210477130',1,'lUkF1kqm','M','',5,105,102,46,1632229789498,1633020729082,'http://bhealthpro.bclose.pt/bclose.pt/api/uploads/files/1633020728615_5d9704d04880fprofile.jpg'),(183,'Master Bclose CV','Teste','bhealth@bclose.pt','$2b$08$gr/mO.6OHIUkV1yC7IvH3u46JiD1Un5.E3Ps/EMuZvV4dQMRlmyf.','TM1RykcAOjTpu1L','09/01/2021',NULL,NULL,NULL,'210477130',1,'pkP8GfLJ','M','25142141256',1,107,104,47,1632232371790,1632750932898,'http://bhealthpro.bclose.pt/bclose.pt/api/uploads/files/1632750932798_Logo-Bclose-2-e1449230128909.png'),(184,'Francisca ','Santos ','comunicacao@bclose.pt','$2b$08$TibsqxXwQE7tkgBzdjiWO.Mg5qw.qni02.Lm3xHNcmNh6of8DV4d.',NULL,'09/05/2021',NULL,NULL,NULL,'210477130',1,'5pWKLLbd','F','3623547',5,109,106,48,1632232523517,1632477120487,NULL),(185,'Rui','Carvalho','rui.carvalho@hectacom.pt','$2b$08$nHb3knvYczL5nezx3dx/seYsJyct9lafdQSRiumcROk9aC5WLMofW','$2b$08$grIE7W2/Z040O/Sce6PTqulCi7S2Qer8iKsPVJbiP3D0jVNSzY2h.','2/6/1974',NULL,NULL,NULL,'210477130',1,'uKXTeeCN','M',NULL,NULL,110,107,NULL,1632232853842,1660754225162,''),(186,'Cuidador',NULL,'rui.carvalho@madeirainvestment.org','$2b$08$FoyDlTtj2h8mmly68DoA/eGa3lhyCfwX3VLiSpapaz3FEoGDoIppW',NULL,NULL,NULL,NULL,NULL,NULL,1,'uBKZQF3j',NULL,NULL,5,NULL,NULL,49,1632234627687,NULL,NULL),(187,'Susy ','Castro ','suy@test.com',NULL,NULL,'09/06/2021',NULL,NULL,NULL,'210477130',-1,'rFwhaBYz','M','3232',1,112,109,50,1632236511594,NULL,NULL),(188,'Cuidador',NULL,'datika6235@secbuf.com','$2b$08$Bw3mqyYpm40Iw3Wv.g8TJuKuaGL.MHYEU3Bn.4nWjRCFAFa/EAKKC',NULL,NULL,NULL,NULL,NULL,NULL,1,'TYHRh1Gy',NULL,NULL,5,NULL,NULL,51,1632240892814,NULL,NULL),(192,'Teste2','3','fbc71431@yuoia.com','$2b$08$lrN.isjX/BdP/LH7gQ0XaebSYAHTXHtjjU4TglanbJK6Ga/3A.2ti',NULL,'14/09/2021',NULL,NULL,NULL,'210477130',1,'HUF8RMTn','M','',5,116,113,48,1632248816753,1632261966516,NULL),(194,'dssddd','sasdds','aaw92819@yuoia.com','$2b$08$wne/5XadDmc5MqE9B50paOCaQo2mI3lIbOKeu29nKoUMvwcWAFFxW',NULL,'15/09/2021',NULL,NULL,NULL,'210477130',1,'jmAwO6Sq','M','',1,119,116,52,1632249739898,NULL,NULL),(196,'asaasas','saasas','ass05467@yuoia.com',NULL,NULL,'29/09/2021',NULL,NULL,NULL,'210477130',-1,'f1we85Pw','M','',5,122,119,53,1632249948146,NULL,NULL),(198,'sasasa','4545','yur16763@yuoia.com',NULL,NULL,'08/09/2021',NULL,NULL,NULL,'210477130',-1,'Z7r5OnZU','M','',5,124,121,52,1632250321150,NULL,NULL),(199,'roverto','okokko','ro@gmail.com','$2b$08$4Gu4WZVMwZd5tvgS1giYg.4n34rxWF7h8i8wJavChqfm.Bcbedd1i',NULL,'15/09/2021',NULL,NULL,NULL,'210477130',1,'uJc1B8TT','M',NULL,NULL,126,123,NULL,1632312175521,1632319193904,NULL),(200,'Cuidador','okok','xomoce4756@tinilalo.com','$2b$08$wdSL5oMJ1zZnBS9K6xK9X.UXDd6adspjW3PLrYr4SN4OoTlb5M0RK',NULL,'21/09/2021',NULL,NULL,NULL,'210477130',1,'QikgnNhr','M',NULL,5,NULL,124,54,1632312250014,1632325704798,NULL),(201,'Cuidador',NULL,'cojike2579@timevod.com',NULL,NULL,NULL,NULL,NULL,NULL,NULL,1,'dC7d8kf6',NULL,NULL,5,NULL,NULL,55,1632330072946,NULL,NULL),(202,'Muska Boss','Boss','poconi1771@timevod.com','$2b$08$Uxs2L.9Oxl377nwY6VELsu1FQ3D7MD2/PUWlLftmzsv9PxyIC6UAi',NULL,'11/25/2021',NULL,NULL,NULL,'210477130',1,'hUupdEd2','M','',1,127,125,56,1632359854497,NULL,NULL),(203,'medico Muska','queiros','cicey56497@vefblogg.com','$2b$08$aEdzRuF3f8AckcwkKx8QjOwvYwi.h7Cxkbj53vGmHKUYXym3fAmMO',NULL,'09/21/2021',NULL,NULL,NULL,'210477130',1,'SVufL291','M','',5,128,126,56,1632361089394,1632495891597,NULL),(204,'Cuidador',NULL,'pafosi4319@soulsuns.com',NULL,NULL,NULL,NULL,NULL,NULL,NULL,1,'3W9CQREU',NULL,NULL,5,NULL,NULL,57,1632405021794,NULL,NULL),(205,'Cuidador',NULL,'fipira1601@secbuf.com',NULL,NULL,NULL,NULL,NULL,NULL,NULL,1,'7Xi6qV5V',NULL,NULL,5,NULL,NULL,58,1632405182376,NULL,NULL),(206,'dslds','ksmkmsa','dvh10930@yuoia.com',NULL,'gb2LlCsmoTIXRr4','08/09/2021',NULL,NULL,NULL,'210477130',-1,'1KD61Ffd','F',NULL,NULL,132,130,NULL,1632408148105,1632411772953,NULL),(207,'Teste','20','vlh80390@yuoia.com',NULL,'KfsIs5GHP3ya8Wy','01/09/2021',NULL,NULL,NULL,'210477130',-1,'sA6ZVaTZ','M',NULL,NULL,133,131,NULL,1632408458676,NULL,NULL),(208,'Cuidador',NULL,'nawin97323@timevod.com','$2b$08$wdSL5oMJ1zZnBS9K6xK9X.UXDd6adspjW3PLrYr4SN4OoTlb5M0RK','otdsNt8HIinXWid',NULL,NULL,NULL,NULL,NULL,1,'hdqMenn9',NULL,NULL,5,NULL,NULL,59,1632411884203,NULL,NULL),(209,'teste','casas','qio51246@yuoia.com','$2b$08$wdSL5oMJ1zZnBS9K6xK9X.UXDd6adspjW3PLrYr4SN4OoTlb5M0RK','CHmLZcesLUTn3od','22/09/2021',NULL,NULL,NULL,'210477130',1,'leRPMSqx','M','',1,134,132,1,1632411940281,NULL,NULL),(210,'Teste','ok','ftc63177@yuoia.com','$2b$08$LwDs8XAozhl7xEMpMsYF/OKhzfqIKNOD3kzhFw.k6.8c0OeivnsLW','Oopc91eafuqWwxP','21/09/2021',NULL,NULL,NULL,'210477130',1,'HZU00gC8','M','',1,135,133,1,1632413073237,NULL,NULL),(211,'Cuidador','ok','rre19924@yuoia.com','$2b$08$PN.F09C8xx/et/08U3bimemMtPm3fU4dQCiCemmg4UOIZhHfjZuim','wB5uAXyX7BrdMn8','09/22/2021',NULL,NULL,NULL,'210477130',1,'0ifSr9PA','M',NULL,5,NULL,134,60,1632413541218,1632413687855,NULL),(212,'Alberto','kinkas','9117673@gmail.com','$2b$08$FbQeTIVC5BJLMxOl1udpzOvFTIOcgjro23BpZzOR3i1kcS4rx1UK2','ksraFvWOasKLoUq','12/8/2022','123456789',NULL,NULL,'210477130',1,'8k69EC8k','M',NULL,NULL,136,135,64,1632413567883,1660305887143,''),(214,'Alberto','Santos','foroh77729@secbuf.com','$2b$08$1T174aAIgPw3VEPgbgPmvO8juewqf74LlX9E3IafvE60Jbv05IEwy','aSQqerEyeiC1v0y',NULL,NULL,NULL,NULL,NULL,1,'nouZVa3N',NULL,NULL,NULL,NULL,NULL,NULL,1632429066873,NULL,NULL),(223,'MAtias ','baerrato ','cicey56497@vefblogg.co',NULL,'q8V8hYLft5efmaI','07/09/2021',NULL,NULL,NULL,'210477130',-1,'hwoVfCoy','M','',1,146,145,56,1632493005701,NULL,NULL),(226,'Teste','Teste','yinace6531@timevod.com','$2b$08$Dr7MoUxoaVRFfzUPKSNIvOpg3ADgu70ZbXrlXJiyV.vQ5k/FKswIi','0GafSlmZJybaEKF','28/09/2021',NULL,NULL,NULL,'210477130',1,'25p09VVr','M','213',1,149,148,62,1632495138880,NULL,NULL),(228,'Roberto','Centeio','foroh77729@secbuf2.com','$2b$08$vNxbkd.3p9FB8lryUG7usOJw8x9fPgU4hhLqQXUIH6g521tZxG4oG','wigIIBHY4PsLKaR','1990/03/13',NULL,NULL,NULL,'12355678976',1,'o9t66gnh','M',NULL,NULL,NULL,NULL,NULL,1632565333196,1632745721032,'base64'),(230,'Pedro','Lima','bhealth@bclose.p',NULL,'VSnik9MaWMtok3T','21/09/2021',NULL,NULL,NULL,'210477130',-1,'WOzfDqL7','M','',1,152,151,62,1632574776164,NULL,NULL),(232,'Ivandro','Ribeiro ','sikavix868@tinilalo.com','$2b$08$4kHirc0Vm.rE/xPZEwXkNO.YU.gc/lh0hzFb7YJ9oiVGXLQ/5TxBW','JD6z8AGf3DuF4Qy','22/09/2021',NULL,NULL,NULL,'210477130',0,'uiTThCSm','M','',1,154,153,1,1632575404865,NULL,NULL),(235,'Ivandro ','Ribeiro ','sikavix868@tinilalo.co',NULL,'0hxe0nLO4Q0BpLL','16/09/2021',NULL,NULL,NULL,'210477130',-1,'jm7DIPwu','M','',5,157,156,61,1632576083497,NULL,NULL),(236,'Alberto','k2','Albertok212345@bclose.pt','$2b$08$10w4HtvjrxP5.BQiWMNcb.hPrXWoLNpS6x3OsYPkZyS0VusTCupu6','6X6XfGpUnmjvRoq',NULL,NULL,NULL,NULL,NULL,-1,'bycB0cnG',NULL,NULL,NULL,NULL,NULL,NULL,1632590489647,NULL,NULL),(238,'dds','aa','lfq91884@yuoia.com',NULL,'3HzUH3JTlQdeIta','28/09/2021',NULL,NULL,NULL,'210477130',-1,'7rY5lvxR','M','',1,159,158,66,1632604453777,NULL,NULL),(240,'ko','sa','xuc26380@yuoia.com',NULL,'wJQMiLRgbR9SADH','16/09/2021',NULL,NULL,NULL,'210477130',-1,'eo4n8t4I','M','',1,161,160,68,1632605215703,NULL,NULL),(248,'Bruno','Castanheira','bhealth@blose.pt',NULL,'14rswlSIxiO1yoQ','24/05/1996',NULL,NULL,NULL,'123456789',-1,'WgA4hRjW','M','',1,169,168,47,1632744797712,1632745117046,NULL),(249,'Roberto Carlos','Barros','robertocenteio7@gmail.com',NULL,'g4sHufhnRFSRrzo','08/09/2021','103561176705950144566',NULL,NULL,'210477130',1,'NPsM8bsv','M',NULL,NULL,170,169,NULL,1632745289060,1632747301458,NULL),(256,'Teste','cdsds','cnv64714@yuoia.com1',NULL,'cIvL4JWeCNSuAPD','29/09/2021',NULL,NULL,NULL,'210477130',-1,'9bSPAbyP','M','',1,178,177,67,1632760718554,NULL,NULL),(257,'sds','sdds','cnv64714@yuoia.com2',NULL,'9QWeXZpBbwRMSal','16/09/2021',NULL,NULL,NULL,'210477130',-1,'dNJblSgY','M','',7,179,178,61,1632760811618,NULL,NULL),(258,'Ana','','isacarneiro@gmail.com','$2b$08$K4hnoZwRpVuetKNbTrD1zu5h4lIJwrPoRADGcOL2QmBrTgeL/oojC','qnsUX4Bg5EFPFpY',NULL,NULL,NULL,NULL,NULL,-1,'PdEGRPkb',NULL,NULL,NULL,NULL,NULL,NULL,1632934828789,NULL,NULL),(259,'Joao','','Joao1212@bclose.pt','$2b$08$3t7CzhauNkt6TEsXZF91s.Tyy8W6M3onX1QUrYMQz8Lw52KzDngdy','c59QlirVHBBdhVh',NULL,NULL,NULL,NULL,NULL,-1,'ssbCvjvt',NULL,NULL,NULL,NULL,NULL,NULL,1634742685118,NULL,NULL),(261,'k4','','k41234@bclose.pt','$2b$08$PHADO55Kl/MtiI40S68jo.z5tYsYK0T.//2xJtr0u.oNEv4goyr8W','aTvNcl33rUgyi3H',NULL,NULL,NULL,NULL,NULL,-1,'Ps2yHAU2',NULL,NULL,NULL,NULL,NULL,NULL,1634743962857,NULL,NULL),(262,'Maitê','','maite.daluz11@gmail.com','$2b$08$opdZhSSCbChQUdFSow8ixu3vLkoCYm30V8QO.7jhpUAHVOydbH0cK','nnvj5naqsMff0cb',NULL,NULL,NULL,NULL,NULL,-1,'SijsSlyE',NULL,NULL,NULL,NULL,NULL,NULL,1634936646856,NULL,NULL),(263,'ijijijij','ijij','sadssd@asas.com',NULL,'rOWcBvRLt0Yn0Cd','09/08/2022',NULL,NULL,NULL,'123456789',-1,'KJawFHWp','M',NULL,NULL,180,179,NULL,1659441423746,NULL,NULL),(264,'Joaquina Monteiro','','monteirojoaquina22@gmail.com',NULL,'aw9NlIv17dua7c9',NULL,'110001621672178401776',NULL,NULL,NULL,1,'TsU3XCUX',NULL,NULL,NULL,NULL,NULL,NULL,1659789676844,NULL,NULL),(265,'Kelly Tavares','','sandrakelly511@gmail.com',NULL,'4AbgqtlnnZQ6dsy',NULL,'113682767776632645820',NULL,NULL,NULL,1,'7jPRH1Xs',NULL,NULL,NULL,NULL,NULL,NULL,1660235702608,NULL,NULL),(278,NULL,NULL,'dany.cv.sf@gmail.com','$2b$08$VArW7RshcGCsvKWVWN5rSekKngdcEZPpqch9NZlmV5CqdkGic1jem','4vNNJF6Mx3yVmga',NULL,NULL,NULL,NULL,NULL,-1,'aC25zgfg',NULL,NULL,NULL,NULL,NULL,NULL,1661255984126,NULL,NULL);
/*!40000 ALTER TABLE `user` ENABLE KEYS */;
UNLOCK TABLES;

--
-- Table structure for table `user_has_departaments`
--

DROP TABLE IF EXISTS `user_has_departaments`;
/*!40101 SET @saved_cs_client     = @@character_set_client */;
/*!40101 SET character_set_client = utf8 */;
CREATE TABLE `user_has_departaments` (
  `user_id` int(11) NOT NULL,
  `departaments_id` int(11) NOT NULL,
  `created_at` bigint(20) DEFAULT NULL,
  `updated_at` bigint(20) DEFAULT NULL,
  `status` int(11) DEFAULT '1',
  PRIMARY KEY (`user_id`,`departaments_id`) USING BTREE,
  KEY `fk_user_has_departaments_departaments1_idx` (`departaments_id`) USING BTREE,
  KEY `fk_user_has_departaments_user1_idx` (`user_id`) USING BTREE,
  CONSTRAINT `fk_user_has_departaments_departaments1` FOREIGN KEY (`departaments_id`) REFERENCES `departaments` (`id`),
  CONSTRAINT `fk_user_has_departaments_user1` FOREIGN KEY (`user_id`) REFERENCES `user` (`id`)
) ENGINE=InnoDB DEFAULT CHARSET=utf8 ROW_FORMAT=COMPACT;
/*!40101 SET character_set_client = @saved_cs_client */;

--
-- Dumping data for table `user_has_departaments`
--

LOCK TABLES `user_has_departaments` WRITE;
/*!40000 ALTER TABLE `user_has_departaments` DISABLE KEYS */;
INSERT INTO `user_has_departaments` VALUES (180,37,1632229270454,NULL,1),(182,37,1632229789512,NULL,1),(183,38,1632232371804,NULL,1),(184,39,1632232523529,1632477120501,1),(187,41,1632236511607,NULL,1),(192,39,1632248816767,1632261966529,1),(194,42,1632249739912,NULL,1),(196,43,1632249948157,NULL,1),(198,42,1632250321159,NULL,1),(199,43,1632250321159,NULL,1),(200,44,1632325704825,1632325704821,1),(202,45,1632359854510,NULL,1),(203,46,1632361089406,1632495891607,1),(208,49,1632411884213,NULL,1),(209,48,1632411940295,NULL,1),(210,48,1632413073259,NULL,1),(211,50,1632413541226,1632413687871,1),(212,55,1632590600113,NULL,1),(223,46,1632493005714,NULL,1),(226,53,1632495138892,NULL,1),(230,53,1632574776177,NULL,1),(232,48,1632575404880,NULL,1),(235,51,1632576083507,NULL,1),(238,57,1632604453788,NULL,1),(240,59,1632605215713,NULL,1),(248,38,1632744797726,1632745117058,1),(256,58,1632760718575,NULL,1),(257,51,1632760811633,NULL,1);
/*!40000 ALTER TABLE `user_has_departaments` ENABLE KEYS */;
UNLOCK TABLES;

--
-- Table structure for table `user_has_devices`
--

DROP TABLE IF EXISTS `user_has_devices`;
/*!40101 SET @saved_cs_client     = @@character_set_client */;
/*!40101 SET character_set_client = utf8 */;
CREATE TABLE `user_has_devices` (
  `id` int(11) NOT NULL AUTO_INCREMENT,
  `user_id` int(11) NOT NULL,
  `name_device` varchar(255) DEFAULT NULL,
  `identification_device` varchar(255) DEFAULT NULL,
  `status` int(11) DEFAULT '1',
  `deletedAt` datetime DEFAULT NULL,
  `createdAt` datetime NOT NULL,
  `updatedAt` datetime DEFAULT NULL,
  PRIMARY KEY (`id`),
  KEY `user_id` (`user_id`),
  CONSTRAINT `user_has_devices_ibfk_1` FOREIGN KEY (`user_id`) REFERENCES `user` (`id`)
) ENGINE=InnoDB DEFAULT CHARSET=utf8;
/*!40101 SET character_set_client = @saved_cs_client */;

--
-- Dumping data for table `user_has_devices`
--

LOCK TABLES `user_has_devices` WRITE;
/*!40000 ALTER TABLE `user_has_devices` DISABLE KEYS */;
/*!40000 ALTER TABLE `user_has_devices` ENABLE KEYS */;
UNLOCK TABLES;
/*!40103 SET TIME_ZONE=@OLD_TIME_ZONE */;

/*!40101 SET SQL_MODE=@OLD_SQL_MODE */;
/*!40014 SET FOREIGN_KEY_CHECKS=@OLD_FOREIGN_KEY_CHECKS */;
/*!40014 SET UNIQUE_CHECKS=@OLD_UNIQUE_CHECKS */;
/*!40101 SET CHARACTER_SET_CLIENT=@OLD_CHARACTER_SET_CLIENT */;
/*!40101 SET CHARACTER_SET_RESULTS=@OLD_CHARACTER_SET_RESULTS */;
/*!40101 SET COLLATION_CONNECTION=@OLD_COLLATION_CONNECTION */;
/*!40111 SET SQL_NOTES=@OLD_SQL_NOTES */;

-- Dump completed on 2024-12-08 10:37:14
